ts,pv_kw,grid_kw,load_kw,battery_kw,battery_soc,cloud_cover,irradiance,temperature,wind_speed,precipitation,pv_daily_kwh,pv_month_kwh,pv_year_kwh,pv_life_kwh,inv1_temp,inv2_temp,inv3_temp,inv1_pv_kw,inv2_pv_kw,inv3_pv_kw,bat_dischd,co2_saved,coal_saved,trees,inv1_pv1_v,inv1_pv1_a,inv1_pv2_v,inv1_pv2_a,inv1_pv3_v,inv1_pv3_a,inv1_pv4_v,inv1_pv4_a,inv2_pv1_v,inv2_pv1_a,inv2_pv2_v,inv2_pv2_a,inv2_pv3_v,inv2_pv3_a,inv2_pv4_v,inv2_pv4_a,inv3_pv1_v,inv3_pv1_a,inv3_pv2_v,inv3_pv2_a,inv3_pv3_v,inv3_pv3_a,inv3_pv4_v,inv3_pv4_a,phase_a_v,phase_a_a,phase_b_v,phase_b_a,phase_c_v,phase_c_a,power_factor,grid_freq
2026-10-03T11:00:02.090359+00:00,51.5,24.19,27.31,0.0,100.0,22.0,915.0,23.5,17.0,0.0,259.01,1056.99,66611.33,73452.26,0.0,0.0,0.0,17.36,17.49,17.15,28.91,34.89,29.38,47.66,480.2,12.56,489.4,12.55,485.5,12.32,0.0,0.0,498.1,11.78,0.0,0.0,495.4,12.55,494.6,12.35,489.4,12.17,481.5,12.53,491.5,12.08,0.0,0.0,242.3,28.81,242.78,21.72,240.59,21.66,1.0,50.17
2026-10-03T11:05:01.616386+00:00,51.2,26.19,25.01,0.0,100.0,22.0,915.0,23.5,17.0,0.0,263.32,1061.3,66615.64,73456.57,0.0,0.0,0.0,17.22,17.33,16.98,28.91,34.89,29.38,47.67,481.3,12.52,493.9,12.44,488.7,12.24,0.0,0.0,498.2,11.67,0.0,0.0,498.3,12.45,497.9,12.29,491.6,12.04,483.9,12.45,492.5,11.95,0.0,0.0,241.43,26.66,242.88,22.61,240.23,22.65,1.0,50.04
2026-10-03T11:10:02.095961+00:00,51.0,31.31,19.69,0.0,100.0,22.0,915.0,23.5,17.0,0.0,267.61,1065.59,66619.93,73460.86,0.0,0.0,0.0,17.14,17.16,16.86,28.91,34.89,29.38,47.67,484.6,12.36,494.5,12.34,491.1,12.1,0.0,0.0,495.8,11.54,0.0,0.0,498.5,12.33,500.6,12.16,493.3,11.88,484.9,12.35,491.4,11.81,0.0,0.0,240.51,24.53,242.42,23.65,239.53,23.52,1.0,49.97
2026-10-03T11:15:01.712398+00:00,50.4,24.32,26.08,0.0,100.0,27.0,915.0,23.5,17.0,0.0,271.86,1069.84,66624.18,73465.11,0.0,0.0,0.0,17.1,17.11,16.77,28.91,34.9,29.39,47.67,486.9,12.26,495.7,12.28,492.4,12.04,0.0,0.0,494.4,11.5,0.0,0.0,496.3,12.32,500.7,12.11,494.0,11.78,487.5,12.24,489.8,11.76,0.0,0.0,241.19,28.3,242.16,21.64,239.63,21.52,1.0,49.95
2026-10-03T11:20:01.402210+00:00,50.3,21.12,29.18,0.0,100.0,27.0,915.0,23.5,17.0,0.0,276.1,1074.08,66628.42,73469.35,0.0,0.0,0.0,16.93,17.0,16.61,28.91,34.9,29.39,47.67,487.9,12.18,498.9,12.15,495.8,11.9,0.0,0.0,496.5,11.36,0.0,0.0,497.5,12.21,501.2,12.03,494.2,11.67,490.3,12.13,490.9,11.62,0.0,0.0,240.71,26.2,242.78,22.31,239.49,22.32,1.0,49.94
2026-10-03T11:25:01.518447+00:00,49.7,24.45,25.25,0.0,100.0,27.0,915.0,23.5,17.0,0.0,280.3,1078.28,66632.62,73473.55,0.0,0.0,0.0,16.87,16.89,16.48,28.91,34.9,29.39,47.68,489.2,12.06,499.6,12.06,496.1,11.83,0.0,0.0,495.7,11.31,0.0,0.0,498.8,12.15,503.0,11.94,495.2,11.58,490.8,12.04,492.1,11.51,0.0,0.0,239.99,23.56,242.18,23.44,239.09,23.71,1.0,49.85
2026-10-03T11:30:01.151594+00:00,48.9,22.57,26.33,0.0,100.0,32.0,915.0,23.4,16.9,0.0,284.46,1082.44,66636.78,73477.71,0.0,0.0,0.0,16.68,16.69,16.27,28.91,34.9,29.39,47.68,490.2,11.94,500.6,11.93,496.9,11.7,0.0,0.0,497.7,11.15,0.0,0.0,499.9,12.04,503.2,11.85,496.3,11.45,491.7,11.91,492.4,11.39,0.0,0.0,240.39,23.27,242.2,23.16,239.4,23.41,1.0,49.87
2026-10-03T11:35:01.971117+00:00,48.6,28.45,20.15,0.0,100.0,32.0,915.0,23.4,16.9,0.0,288.6,1086.58,66640.92,73481.85,0.0,0.0,0.0,16.42,16.47,16.03,28.91,34.9,29.39,47.68,490.3,11.77,500.1,11.77,495.7,11.57,0.0,0.0,498.9,11.0,0.0,0.0,500.0,11.88,501.4,11.72,495.6,11.28,491.9,11.76,492.4,11.21,0.0,0.0,240.25,23.01,242.89,22.84,239.7,22.63,1.0,49.92
2026-10-03T11:40:02.085203+00:00,48.2,13.94,34.26,0.0,100.0,32.0,915.0,23.4,16.9,0.0,292.66,1090.64,66644.98,73485.91,0.0,0.0,0.0,16.27,16.38,15.91,28.91,34.91,29.39,47.69,489.6,11.64,499.9,11.61,494.5,11.43,0.0,0.0,501.0,10.9,0.0,0.0,501.3,11.76,502.6,11.58,497.5,11.11,491.2,11.62,494.5,11.07,0.0,0.0,240.72,22.76,243.04,22.62,239.77,22.66,1.0,50.07
2026-10-03T11:45:01.952490+00:00,47.4,19.26,28.14,0.0,100.0,36.0,915.0,23.4,16.9,0.0,296.69,1094.67,66649.01,73489.94,0.0,0.0,0.0,16.14,16.3,15.77,28.92,34.91,29.4,47.69,490.9,11.51,500.4,11.51,497.3,11.28,0.0,0.0,502.2,10.78,0.0,0.0,502.9,11.64,504.9,11.46,499.6,10.97,492.9,11.48,497.9,10.9,0.0,0.0,240.71,22.51,243.23,22.36,239.98,22.62,1.0,50.1
2026-10-03T11:50:01.328063+00:00,46.8,27.73,19.07,0.0,100.0,36.0,915.0,23.4,16.9,0.0,300.67,1098.65,66652.99,73493.92,0.0,0.0,0.0,15.93,16.03,15.51,28.92,34.91,29.4,47.69,491.1,11.35,500.9,11.35,497.1,11.14,0.0,0.0,503.0,10.61,0.0,0.0,501.6,11.51,504.4,11.33,499.8,10.79,492.3,11.34,497.0,10.74,0.0,0.0,240.84,22.18,243.37,22.03,240.06,22.3,1.0,50.12
2026-10-03T11:55:01.766601+00:00,46.1,26.82,19.28,0.0,100.0,36.0,915.0,23.4,16.9,0.0,304.58,1102.56,66656.9,73497.83,0.0,0.0,0.0,15.7,15.84,15.27,28.92,34.91,29.4,47.69,492.8,11.18,501.7,11.17,498.6,10.95,0.0,0.0,501.9,10.47,0.0,0.0,503.0,11.33,504.6,11.17,499.3,10.62,494.6,11.15,498.2,10.53,0.0,0.0,241.13,21.86,243.23,21.75,240.35,21.97,1.0,50.15
2026-10-03T12:00:01.540797+00:00,45.5,24.57,20.93,0.0,100.0,36.0,801.0,23.3,16.7,0.0,308.46,1106.44,66660.78,73501.71,0.0,0.0,0.0,15.46,15.57,14.98,28.92,34.91,29.4,47.7,493.1,11.02,502.8,10.99,499.0,10.79,0.0,0.0,501.8,10.3,0.0,0.0,501.2,11.2,503.7,11.03,498.8,10.43,493.5,11.01,495.9,10.39,0.0,0.0,240.81,21.53,242.46,21.46,239.82,21.66,1.0,49.99
2026-10-03T12:05:01.290752+00:00,44.7,20.19,24.51,0.0,100.0,36.0,801.0,23.3,16.7,0.0,312.27,1110.25,66664.59,73505.52,0.0,0.0,0.0,15.28,15.35,14.76,28.92,34.92,29.4,47.7,493.0,10.86,502.2,10.86,498.9,10.64,0.0,0.0,501.2,10.19,0.0,0.0,501.0,11.09,504.6,10.89,500.4,10.26,495.7,10.81,497.3,10.22,0.0,0.0,240.85,21.29,243.12,21.16,240.25,21.38,1.0,50.03
2026-10-03T12:10:01.599564+00:00,44.0,23.79,20.21,0.0,100.0,26.0,778.0,23.3,16.7,0.0,316.01,1113.99,66668.33,73509.26,0.0,0.0,0.0,15.04,15.19,14.57,28.92,34.92,29.4,47.7,494.2,10.64,501.4,10.67,498.3,10.47,0.0,0.0,501.7,10.03,0.0,0.0,503.3,10.88,504.8,10.72,499.8,10.08,495.1,10.63,498.1,10.02,0.0,0.0,240.89,20.96,242.75,20.87,240.06,21.06,1.0,50.08
2026-10-03T12:15:01.215535+00:00,43.3,21.34,21.96,0.0,100.0,27.0,778.0,23.4,16.5,0.0,319.73,1117.71,66672.05,73512.98,0.0,0.0,0.0,14.79,14.98,14.24,28.92,34.92,29.41,47.7,495.7,10.46,504.0,10.47,498.3,10.32,0.0,0.0,504.1,9.82,0.0,0.0,504.8,10.71,506.5,10.55,501.2,9.87,496.4,10.46,498.4,9.84,0.0,0.0,240.84,20.61,242.68,20.52,240.23,20.7,1.0,50.02
2026-10-03T12:20:01.942261+00:00,42.3,16.06,26.24,0.0,100.0,27.0,778.0,23.4,16.5,0.0,323.34,1121.32,66675.66,73516.59,0.0,0.0,0.0,14.58,14.72,14.05,28.92,34.92,29.41,47.71,496.6,10.27,501.8,10.35,499.0,10.14,0.0,0.0,504.3,9.67,0.0,0.0,504.3,10.56,504.2,10.42,501.0,9.69,495.9,10.3,500.7,9.62,0.0,0.0,240.08,20.37,242.51,20.25,239.12,20.5,1.0,49.85
2026-10-03T12:25:01.891978+00:00,41.4,18.13,23.27,0.0,100.0,27.0,778.0,23.4,16.5,0.0,326.92,1124.9,66679.24,73520.17,0.0,0.0,0.0,14.21,14.41,13.7,28.92,34.92,29.41,47.71,494.8,10.17,502.5,10.2,500.0,9.97,0.0,0.0,504.0,9.56,0.0,0.0,501.6,10.44,503.0,10.29,499.2,9.54,495.1,10.17,499.5,9.49,0.0,0.0,239.82,19.88,242.49,19.73,239.6,19.93,1.0,49.96
2026-10-03T12:30:01.972244+00:00,40.9,23.44,17.46,0.0,100.0,26.0,778.0,23.2,16.1,0.0,330.41,1128.39,66682.73,73523.66,0.0,0.0,0.0,13.93,14.17,13.41,28.92,34.92,29.41,47.71,494.8,9.92,502.4,9.95,499.1,9.74,0.0,0.0,504.7,9.34,0.0,0.0,503.2,10.2,502.0,10.09,498.9,9.31,496.0,9.9,500.9,9.23,0.0,0.0,240.84,19.36,243.46,19.22,240.35,19.44,1.0,50.12
2026-10-03T12:35:01.784218+00:00,40.0,15.66,24.34,0.0,100.0,26.0,778.0,23.2,16.1,0.0,333.83,1131.81,66686.15,73527.08,0.0,0.0,0.0,13.72,13.98,13.19,28.92,34.93,29.41,47.71,496.3,9.71,505.1,9.73,502.0,9.54,0.0,0.0,505.2,9.14,0.0,0.0,504.8,10.01,505.7,9.88,502.2,9.07,497.5,9.7,502.2,9.01,0.0,0.0,240.68,19.12,243.31,18.97,239.72,19.23,1.0,50.02
2026-10-03T12:40:01.535338+00:00,39.3,23.4,15.9,0.0,100.0,26.0,778.0,23.2,16.1,0.0,337.2,1135.18,66689.52,73530.45,0.0,0.0,0.0,13.44,13.71,12.9,28.92,34.93,29.41,47.71,498.1,9.47,506.1,9.5,503.6,9.3,0.0,0.0,506.0,8.94,0.0,0.0,506.6,9.83,508.1,9.68,504.5,8.85,497.4,9.49,503.9,8.79,0.0,0.0,240.58,18.75,243.3,18.6,240.36,18.79,1.0,50.15
2026-10-03T12:45:01.493689+00:00,38.1,16.6,21.5,0.0,100.0,26.0,778.0,23.1,15.9,0.0,340.49,1138.47,66692.81,73533.74,0.0,0.0,0.0,13.19,13.46,12.63,28.92,34.93,29.41,47.72,498.4,9.31,505.7,9.33,503.6,9.13,0.0,0.0,507.3,8.74,0.0,0.0,508.1,9.63,507.9,9.51,504.4,8.65,499.3,9.3,503.1,8.6,0.0,0.0,240.1,18.45,242.39,18.33,239.41,18.54,1.0,49.96
2026-10-03T12:50:01.532049+00:00,37.5,20.22,17.28,0.0,100.0,26.0,778.0,23.1,15.9,0.0,343.72,1141.7,66696.04,73536.97,0.0,0.0,0.0,12.8,13.08,12.22,28.92,34.93,29.41,47.72,498.7,9.11,506.8,9.12,503.8,8.94,0.0,0.0,505.5,8.59,0.0,0.0,506.4,9.47,507.4,9.33,504.2,8.43,500.0,9.1,504.3,8.38,0.0,0.0,240.59,17.87,242.77,17.76,239.84,17.96,1.0,50.07
2026-10-03T12:55:01.260922+00:00,36.6,14.38,22.22,0.0,100.0,26.0,778.0,23.1,15.9,0.0,346.86,1144.84,66699.18,73540.11,0.0,0.0,0.0,12.59,12.84,11.96,28.92,34.93,29.42,47.72,501.1,8.89,507.8,8.91,505.4,8.73,0.0,0.0,507.2,8.39,0.0,0.0,505.5,9.3,506.6,9.16,503.8,8.23,500.4,8.91,504.5,8.18,0.0,0.0,240.25,17.59,242.5,17.49,239.94,17.65,1.0,49.99
2026-10-03T13:00:02.099434+00:00,36.1,16.18,19.92,0.0,100.0,27.0,624.0,23.0,15.6,0.0,349.9,1147.88,66702.22,73543.15,0.0,0.0,0.0,12.26,12.65,11.7,28.92,34.93,29.42,47.72,501.4,8.69,507.2,8.72,503.8,8.56,0.0,0.0,506.5,7.88,0.0,0.0,507.8,8.83,508.1,8.74,505.2,7.73,501.1,8.7,505.6,7.62,0.0,0.0,240.04,17.14,242.04,17.05,239.07,17.24,1.0,49.96
2026-10-03T13:05:01.497035+00:00,34.7,11.85,22.85,0.0,100.0,27.0,624.0,23.0,15.6,0.0,352.59,1150.57,66704.91,73545.84,0.0,0.0,0.0,12.11,12.52,11.52,28.92,34.93,29.42,47.72,501.8,7.71,512.6,7.71,504.6,7.61,0.0,0.0,518.7,6.81,0.0,0.0,513.2,7.86,506.3,7.91,504.2,6.89,504.7,7.67,508.9,6.73,0.0,0.0,240.38,16.92,242.4,16.83,238.92,17.05,1.0,50.06
2026-10-03T13:10:01.358662+00:00,27.9,6.52,21.38,0.0,100.0,27.0,624.0,23.0,15.6,0.0,355.45,1153.43,66707.77,73548.7,0.0,0.0,0.0,11.62,12.06,11.03,28.92,34.94,29.42,47.73,499.6,8.13,507.6,8.15,506.7,7.96,0.0,0.0,510.0,7.72,0.0,0.0,510.0,8.47,506.7,8.34,508.9,7.4,502.9,8.1,510.7,7.41,0.0,0.0,241.13,23.85,241.11,12.4,238.48,12.51,0.999,50.03
2026-10-03T13:15:01.487556+00:00,32.5,3.3,29.2,0.0,100.0,33.0,624.0,22.9,15.2,0.0,358.27,1156.25,66710.59,73551.52,0.0,0.0,0.0,10.08,12.05,10.45,28.93,34.94,29.42,47.73,504.1,8.02,510.0,8.04,506.8,7.89,0.0,0.0,510.0,7.38,0.0,0.0,511.9,8.12,508.2,8.03,509.2,7.05,504.2,8.01,510.0,7.05,0.0,0.0,241.42,25.13,239.83,1.4,237.31,1.4,1.0,49.89
2026-10-03T13:20:01.693495+00:00,33.3,6.0,27.3,0.0,100.0,33.0,624.0,22.9,15.2,0.0,360.96,1158.94,66713.28,73554.21,0.0,0.0,0.0,10.93,11.33,10.27,28.93,34.94,29.42,47.73,507.6,7.58,509.5,7.72,507.9,7.54,0.0,0.0,511.0,7.17,0.0,0.0,514.0,7.99,508.1,7.97,508.2,6.85,507.3,7.63,516.8,6.69,0.0,0.0,240.76,25.7,240.6,10.09,237.54,10.2,0.999,49.89
2026-10-03T13:25:01.553384+00:00,33.4,10.08,23.32,0.0,100.0,33.0,624.0,22.9,15.2,0.0,363.67,1161.65,66715.99,73556.92,0.0,0.0,0.0,11.28,11.67,10.57,28.93,34.94,29.42,47.73,503.2,7.61,512.4,7.59,507.4,7.48,0.0,0.0,513.1,7.2,0.0,0.0,511.6,8.08,509.2,7.98,509.8,6.86,504.4,7.6,512.1,6.82,0.0,0.0,240.91,28.82,240.16,9.13,237.42,9.21,1.0,49.85
2026-10-03T13:30:01.400203+00:00,13.7,-12.88,26.58,0.0,100.0,41.0,624.0,22.9,14.9,0.0,366.48,1164.46,66718.8,73559.73,0.0,0.0,0.0,11.31,11.6,10.5,28.93,34.94,29.42,47.73,505.7,7.93,513.9,7.92,508.8,7.8,0.0,0.0,511.5,7.48,0.0,0.0,511.1,8.39,508.8,8.34,509.9,7.15,505.1,7.94,511.1,7.09,0.0,0.0,240.15,21.81,240.42,12.8,238.12,12.9,1.0,49.89
2026-10-03T13:35:01.773966+00:00,35.8,10.1,25.7,0.0,100.0,41.0,624.0,22.9,14.9,0.0,368.86,1166.84,66721.18,73562.11,0.0,0.0,0.0,5.16,4.04,4.1,28.93,34.94,29.42,47.73,506.8,6.88,512.1,6.89,510.5,6.73,0.0,0.0,511.7,6.21,0.0,0.0,513.9,7.04,505.2,7.09,511.1,6.01,504.3,6.86,510.2,5.9,0.0,0.0,239.27,12.77,239.61,3.78,237.39,6.26,1.0,49.85
2026-10-03T13:40:02.095076+00:00,32.9,3.85,29.05,0.0,100.0,41.0,624.0,22.9,14.9,0.0,370.46,1168.44,66722.78,73563.71,0.0,0.0,0.0,12.11,12.47,11.35,28.93,34.94,29.43,47.74,506.9,4.89,510.9,5.01,513.7,4.82,0.0,0.0,508.8,3.85,0.0,0.0,506.6,4.57,498.1,4.7,507.6,3.96,493.5,5.0,498.0,3.87,0.0,0.0,242.5,26.79,241.45,11.83,239.05,11.93,1.0,49.99
2026-10-03T13:45:01.341682+00:00,7.9,-17.69,25.59,0.0,100.0,49.0,624.0,22.8,14.5,0.0,372.81,1170.79,66725.13,73566.06,0.0,0.0,0.0,11.05,10.07,10.21,28.93,34.94,29.43,47.74,519.9,6.4,511.2,6.57,515.1,6.38,0.0,0.0,511.7,6.21,0.0,0.0,519.6,7.01,510.7,6.93,517.6,6.01,509.9,6.57,518.5,5.93,0.0,0.0,241.61,20.63,242.07,12.99,239.25,13.13,0.997,49.86
2026-10-03T13:50:02.036612+00:00,28.2,3.17,25.03,0.0,100.0,49.0,624.0,22.8,14.5,0.0,374.25,1172.23,66726.57,73567.5,0.0,0.0,0.0,2.57,2.83,2.54,28.93,34.94,29.43,47.74,509.9,4.2,500.3,4.25,508.5,4.11,0.0,0.0,509.7,3.95,0.0,0.0,513.2,4.31,515.0,4.28,516.4,3.7,512.5,4.18,512.7,3.78,0.0,0.0,240.17,3.62,242.3,3.6,239.92,3.63,0.999,49.92
2026-10-03T13:55:01.586482+00:00,25.8,2.16,23.64,0.0,100.0,49.0,624.0,22.8,14.5,0.0,376.42,1174.4,66728.74,73569.67,0.0,0.0,0.0,9.47,9.85,8.9,28.93,34.95,29.43,47.74,507.0,6.11,513.2,6.25,512.4,6.13,0.0,0.0,488.6,5.49,0.0,0.0,517.4,6.55,523.7,6.55,513.6,5.33,515.0,6.24,519.4,5.16,0.0,0.0,242.46,22.25,242.41,8.6,239.93,8.67,1.0,50.14
2026-10-03T14:00:01.755681+00:00,22.3,5.34,16.96,0.0,100.0,53.0,467.0,22.7,14.0,0.0,378.31,1176.29,66730.63,73571.56,0.0,0.0,0.0,8.6,9.03,8.15,28.93,0.0,0.0,0.0,491.6,4.93,515.4,4.98,518.1,4.86,0.0,0.0,466.0,5.67,0.0,0.0,523.0,6.06,519.1,5.87,523.4,4.96,509.8,5.01,522.0,5.06,0.0,0.0,242.95,23.27,241.84,6.33,239.38,6.39,1.0,50.07
2026-10-03T14:05:02.092773+00:00,25.9,5.58,20.32,0.0,100.0,53.0,467.0,22.7,14.0,0.0,379.99,1177.97,66732.31,73573.24,0.0,0.0,0.0,6.42,9.01,8.12,28.93,34.95,29.43,47.74,479.8,4.5,525.1,4.58,523.9,4.47,0.0,0.0,462.2,4.7,0.0,0.0,521.1,5.51,524.7,5.39,519.9,4.43,519.6,4.56,527.1,4.33,0.0,0.0,242.59,16.65,241.79,3.4,239.63,4.69,0.999,50.15
2026-10-03T14:10:01.342411+00:00,17.0,-11.81,28.81,0.0,100.0,53.0,467.0,22.7,14.0,0.0,381.62,1179.6,66733.94,73574.87,0.0,0.0,0.0,8.44,9.16,8.32,28.93,34.95,29.43,47.74,458.8,4.58,507.0,4.8,507.3,4.72,0.0,0.0,448.6,4.65,0.0,0.0,521.7,5.06,518.0,5.11,524.0,4.08,518.0,4.74,522.6,4.11,0.0,0.0,242.99,21.86,242.58,6.59,240.27,6.64,0.998,50.17
2026-10-03T14:15:01.439624+00:00,22.5,-0.94,23.44,0.0,100.0,52.0,467.0,22.5,13.5,0.0,383.49,1181.47,66735.81,73576.74,0.0,0.0,0.0,3.51,7.52,5.77,28.93,34.95,29.43,47.74,425.7,5.37,516.0,5.47,516.3,5.35,0.0,0.0,433.8,5.43,0.0,0.0,522.8,6.04,521.1,5.92,522.6,4.81,509.5,5.47,524.0,4.82,0.0,0.0,240.95,5.87,242.32,3.29,239.77,5.55,0.998,50.08
2026-10-03T14:20:01.565846+00:00,15.7,-10.96,26.66,0.0,100.0,52.0,467.0,22.5,13.5,0.0,385.02,1183.0,66737.34,73578.27,0.0,0.0,0.0,7.57,8.46,7.6,28.93,34.95,29.43,47.75,496.2,3.57,511.9,4.34,511.8,4.25,0.0,0.0,429.8,4.62,0.0,0.0,515.6,5.02,519.9,4.9,519.6,4.01,512.4,4.32,517.5,4.04,0.0,0.0,242.56,20.81,241.57,3.37,239.39,5.6,0.999,50.07
2026-10-03T14:25:01.770996+00:00,9.6,-20.93,30.53,0.0,100.0,52.0,467.0,22.5,13.5,0.0,386.62,1184.6,66738.94,73579.87,0.0,0.0,0.0,4.4,5.23,4.85,28.93,34.95,29.43,47.75,537.2,3.46,517.3,4.5,514.5,4.4,0.0,0.0,422.4,4.93,0.0,0.0,520.2,5.34,519.7,5.16,521.1,4.18,514.5,4.49,514.1,4.26,0.0,0.0,240.89,7.73,241.97,5.74,239.42,5.67,0.997,50.03
2026-10-03T14:30:01.499762+00:00,6.5,-20.79,27.29,0.0,100.0,48.0,467.0,22.3,13.1,0.0,387.74,1185.72,66740.06,73580.99,0.0,0.0,0.0,3.12,3.34,3.09,28.93,34.95,29.43,47.75,517.4,2.91,517.7,3.24,522.3,3.11,0.0,0.0,501.7,3.04,0.0,0.0,514.3,3.6,514.5,3.51,518.2,3.0,511.2,3.21,507.4,3.05,0.0,0.0,240.24,4.41,242.33,4.39,239.55,4.43,0.99,50.16
2026-10-03T14:35:01.269435+00:00,5.5,-19.58,25.08,0.0,100.0,48.0,467.0,22.3,13.1,0.0,388.43,1186.41,66740.75,73581.68,0.0,0.0,0.0,2.14,2.32,2.16,28.93,34.95,29.43,47.75,507.9,1.98,512.6,2.01,516.4,1.89,0.0,0.0,505.5,2.06,0.0,0.0,512.3,2.24,500.3,2.23,507.9,1.98,516.1,1.95,500.1,2.0,0.0,0.0,239.17,3.04,241.67,3.02,238.53,3.05,0.993,49.95
2026-10-03T14:40:01.870388+00:00,2.5,-23.12,25.62,0.0,100.0,48.0,467.0,22.3,13.1,0.0,389.06,1187.04,66741.38,73582.31,0.0,0.0,0.0,1.83,1.94,1.83,28.93,34.95,29.43,47.75,501.8,1.88,509.5,1.88,513.9,1.76,0.0,0.0,505.5,1.79,0.0,0.0,510.2,1.92,505.3,1.92,502.0,1.79,511.6,1.83,504.6,1.78,0.0,0.0,239.29,2.61,241.56,2.6,238.33,2.63,0.993,49.85
2026-10-03T14:45:01.764414+00:00,2.2,-24.61,26.81,0.0,100.0,43.0,467.0,22.0,12.6,0.0,389.39,1187.37,66741.71,73582.64,0.0,0.0,0.0,0.78,0.86,0.81,28.93,34.95,29.43,47.75,494.6,1.1,501.3,1.05,502.4,1.0,0.0,0.0,491.4,1.1,0.0,0.0,496.9,1.13,493.6,1.11,496.0,1.09,503.7,1.04,494.4,1.06,0.0,0.0,239.21,1.26,241.47,1.25,237.96,1.28,0.999,49.9
2026-10-03T14:50:01.399447+00:00,1.9,-22.01,23.91,0.0,100.0,43.0,467.0,22.0,12.6,0.0,389.57,1187.55,66741.89,73582.82,0.0,0.0,0.0,0.67,0.76,0.72,28.93,34.95,29.43,47.75,489.5,0.73,489.0,0.66,495.6,0.57,0.0,0.0,491.2,0.75,0.0,0.0,492.2,0.71,488.9,0.7,488.1,0.78,494.5,0.63,485.0,0.65,0.0,0.0,239.35,1.18,241.5,1.18,238.19,1.19,0.987,49.97
2026-10-03T14:55:01.537134+00:00,1.6,-22.54,24.14,0.0,100.0,43.0,467.0,22.0,12.6,0.0,389.72,1187.7,66742.04,73582.97,0.0,0.0,0.0,0.59,0.67,0.63,28.93,34.95,29.43,47.75,480.6,0.65,499.3,0.53,496.2,0.48,0.0,0.0,486.1,0.71,0.0,0.0,484.6,0.6,486.9,0.57,486.5,0.68,492.8,0.53,482.4,0.57,0.0,0.0,239.2,0.99,241.11,0.98,238.2,1.0,0.99,49.88
2026-10-03T15:00:01.802042+00:00,1.7,-26.15,27.85,0.0,100.0,39.0,238.0,21.8,12.0,0.0,389.87,1187.85,66742.19,73583.12,0.0,0.0,0.0,0.5,0.56,0.5,28.94,34.95,29.43,47.75,484.8,0.62,501.8,0.5,493.4,0.48,0.0,0.0,487.3,0.68,0.0,0.0,489.5,0.55,485.7,0.53,483.6,0.62,490.4,0.52,480.1,0.54,0.0,0.0,239.25,0.83,241.46,0.84,238.11,0.84,0.92,50.0
2026-10-03T15:05:01.898963+00:00,2.0,-27.53,29.53,0.0,100.0,39.0,238.0,21.8,12.0,0.0,390.0,1187.98,66742.32,73583.25,0.0,0.0,0.0,0.54,0.64,0.56,28.94,34.95,29.43,47.75,488.4,0.48,485.4,0.46,495.5,0.44,0.0,0.0,484.8,0.59,0.0,0.0,486.7,0.51,476.5,0.48,486.3,0.48,488.1,0.45,481.6,0.5,0.0,0.0,240.21,1.08,242.07,1.09,239.02,1.09,0.87,50.12
2026-10-03T15:10:02.113091+00:00,1.3,-29.38,30.68,0.0,100.0,39.0,238.0,21.8,12.0,0.0,390.17,1188.15,66742.49,73583.42,0.0,0.0,0.0,0.61,0.71,0.66,28.94,34.95,29.43,47.75,488.4,0.69,498.8,0.59,498.1,0.52,0.0,0.0,495.0,0.72,0.0,0.0,484.2,0.66,484.5,0.65,497.9,0.69,500.1,0.56,490.2,0.6,0.0,0.0,239.97,1.03,242.91,1.04,239.06,1.05,0.971,49.93
2026-10-03T15:15:02.035147+00:00,1.2,-26.99,28.19,0.0,100.0,38.0,238.0,21.5,11.2,0.0,390.3,1188.28,66742.62,73583.55,0.0,0.0,0.0,0.38,0.49,0.41,28.94,34.95,29.43,47.75,478.5,0.54,488.0,0.46,500.6,0.43,0.0,0.0,488.5,0.64,0.0,0.0,491.8,0.54,481.9,0.51,472.4,0.57,504.3,0.45,476.0,0.53,0.0,0.0,239.74,0.94,242.54,0.95,238.76,0.96,0.896,49.95
2026-10-03T15:20:01.338632+00:00,1.0,-25.36,26.36,0.0,100.0,38.0,238.0,21.5,11.2,0.0,390.41,1188.39,66742.73,73583.66,0.0,0.0,0.0,0.36,0.43,0.36,28.94,34.95,29.43,47.75,482.5,0.39,484.0,0.42,485.6,0.43,0.0,0.0,488.1,0.46,0.0,0.0,485.0,0.48,494.9,0.44,477.4,0.4,486.3,0.43,478.0,0.48,0.0,0.0,239.95,0.69,242.39,0.71,238.62,0.7,0.644,49.96
2026-10-03T15:25:01.625355+00:00,1.2,-24.66,25.86,0.0,100.0,38.0,238.0,21.5,11.2,0.0,390.49,1188.47,66742.81,73583.74,0.0,0.0,0.0,0.3,0.38,0.31,28.94,34.95,29.43,47.75,481.1,0.34,482.8,0.41,486.2,0.42,0.0,0.0,480.9,0.34,0.0,0.0,479.1,0.47,478.3,0.46,472.3,0.36,489.2,0.41,489.1,0.46,0.0,0.0,239.32,0.68,241.88,0.7,238.46,0.7,0.66,49.94
2026-10-03T15:30:01.257130+00:00,1.0,-25.71,26.71,0.0,100.0,38.0,238.0,21.3,10.2,0.0,390.58,1188.56,66742.9,73583.83,0.0,0.0,0.0,0.35,0.42,0.36,28.94,34.95,29.43,47.75,477.9,0.35,487.0,0.41,485.1,0.42,0.0,0.0,480.0,0.37,0.0,0.0,473.6,0.48,479.6,0.45,473.1,0.37,486.5,0.42,505.7,0.45,0.0,0.0,239.39,0.73,241.77,0.75,237.98,0.74,0.864,49.85
2026-10-03T15:35:01.676390+00:00,0.9,-28.01,28.91,0.0,100.0,38.0,238.0,21.3,10.2,0.0,390.66,1188.64,66742.98,73583.91,0.0,0.0,0.0,0.32,0.37,0.33,28.94,34.95,29.43,47.75,479.7,0.34,483.5,0.41,478.8,0.43,0.0,0.0,481.6,0.35,0.0,0.0,481.0,0.47,470.8,0.47,474.5,0.36,487.2,0.41,499.2,0.45,0.0,0.0,239.0,0.69,241.73,0.7,238.35,0.71,0.876,49.85
2026-10-03T15:40:02.078020+00:00,0.2,-26.51,26.71,0.0,100.0,38.0,238.0,21.3,10.2,0.0,390.74,1188.72,66743.06,73583.99,0.0,0.0,0.0,0.26,0.3,0.28,28.94,34.95,29.43,47.75,484.0,0.33,482.0,0.42,479.5,0.43,0.0,0.0,466.6,0.36,0.0,0.0,483.7,0.47,478.6,0.46,465.5,0.37,477.5,0.42,504.0,0.45,0.0,0.0,238.73,0.61,241.28,0.63,237.94,0.63,0.606,49.86
2026-10-03T15:45:02.003382+00:00,0.0,-23.61,23.61,0.0,100.0,38.0,238.0,21.0,9.2,0.0,390.8,1188.78,66743.12,73584.05,0.0,0.0,0.0,0.17,0.2,0.17,28.94,34.95,29.43,47.75,470.0,0.33,487.5,0.39,469.3,0.41,0.0,0.0,472.5,0.29,0.0,0.0,478.6,0.44,463.6,0.46,464.5,0.36,476.1,0.4,459.2,0.44,0.0,0.0,239.28,0.5,241.72,0.54,238.27,0.53,0.887,50.01
2026-10-03T15:50:01.172525+00:00,0.0,-22.17,22.17,0.0,100.0,38.0,238.0,21.0,9.2,0.0,390.84,1188.82,66743.16,73584.09,0.0,0.0,0.0,0.16,0.18,0.16,28.94,34.95,29.43,47.75,464.0,0.33,469.1,0.39,476.1,0.37,0.0,0.0,469.2,0.29,0.0,0.0,479.1,0.39,469.2,0.42,458.1,0.37,471.8,0.39,478.3,0.36,0.0,0.0,238.79,0.61,240.8,0.62,237.45,0.64,-0.038,49.89
2026-10-03T15:55:01.480531+00:00,0.0,-25.22,25.22,0.0,100.0,38.0,238.0,21.0,9.2,0.0,390.87,1188.85,66743.19,73584.12,0.0,0.0,0.0,0.0,0.01,0.0,28.94,34.95,29.43,47.75,451.4,0.33,470.3,0.32,468.3,0.3,0.0,0.0,461.5,0.29,0.0,0.0,480.6,0.3,467.1,0.35,453.4,0.35,479.1,0.31,465.4,0.29,0.0,0.0,239.06,0.49,241.24,0.51,237.81,0.5,-0.772,49.96
2026-10-03T16:00:01.918480+00:00,0.0,-29.35,28.75,0.0,100.0,38.0,52.0,20.8,8.3,0.0,390.87,1188.85,66743.19,73584.12,0.0,0.0,0.0,0.0,0.0,0.0,28.94,34.95,29.43,47.75,439.5,0.05,461.1,0.1,438.6,0.1,0.0,0.0,455.6,0.08,0.0,0.0,451.8,0.13,452.9,0.11,427.5,0.05,454.0,0.1,449.4,0.14,0.0,0.0,237.75,0.52,240.76,0.56,236.65,0.55,1.0,49.84
2026-10-03T16:05:01.199980+00:00,0.0,34.96,27.54,-62.5,95.4,38.0,52.0,20.8,8.3,0.0,390.87,1188.85,66743.19,73584.12,0.0,0.0,0.0,0.0,0.0,0.0,30.93,34.95,29.43,47.75,408.2,0.01,428.4,0.14,424.4,0.14,0.0,0.0,435.2,-0.03,0.0,0.0,445.5,0.13,412.0,0.18,421.4,0.06,431.8,0.14,426.1,0.12,0.0,0.0,237.44,0.54,240.24,0.57,236.58,0.56,1.0,49.9
2026-10-03T16:10:01.405461+00:00,0.0,37.79,24.61,-62.4,90.8,38.0,52.0,20.8,8.3,0.0,390.87,1188.85,66743.19,73584.12,0.0,0.0,0.0,0.0,0.0,0.0,32.93,34.95,29.43,47.75,356.7,0.04,387.8,0.07,401.0,0.04,0.0,0.0,383.3,-0.04,0.0,0.0,424.6,0.05,398.2,0.07,400.3,0.04,409.5,0.04,425.4,0.02,0.0,0.0,240.5,31.13,241.99,31.05,238.98,31.39,1.0,50.2
2026-10-03T16:15:01.262911+00:00,0.0,34.69,27.71,-62.4,86.1,36.0,52.0,20.6,7.1,0.0,390.87,1188.85,66743.19,73584.12,0.0,0.0,0.0,0.0,0.0,0.0,34.93,34.95,29.43,47.75,295.3,0.01,348.5,0.03,369.9,0.0,0.0,0.0,319.4,-0.03,0.0,0.0,391.1,0.0,373.6,-0.01,338.5,0.02,380.7,0.0,372.8,0.0,0.0,0.0,239.85,31.17,241.34,31.1,238.12,31.47,1.0,50.13
2026-10-03T16:20:02.139830+00:00,0.0,36.05,26.25,-62.3,81.5,36.0,52.0,20.6,7.1,0.0,390.87,1188.85,66743.19,73584.12,0.0,0.0,0.0,0.0,0.0,0.0,36.93,34.95,29.43,47.75,211.7,-0.01,291.8,0.01,293.9,-0.01,0.0,0.0,221.8,-0.02,0.0,0.0,301.0,0.0,300.6,-0.03,291.4,0.0,293.9,0.0,293.3,-0.01,0.0,0.0,239.03,31.26,240.54,31.18,237.12,31.57,1.0,50.1
2026-10-03T16:25:02.037216+00:00,0.0,30.27,32.13,-62.4,76.9,36.0,52.0,20.6,7.1,0.0,390.87,1188.85,66743.19,73584.12,0.0,0.0,0.0,0.0,0.0,0.0,38.93,34.95,29.43,47.75,0.0,0.0,0.0,0.0,0.0,0.0,0.0,0.0,0.0,0.0,0.0,0.0,0.0,0.0,0.0,0.0,190.1,0.0,0.0,0.0,0.0,0.0,0.0,0.0,237.73,31.41,239.26,31.33,236.08,31.7,1.0,49.88
2026-10-03T16:30:01.372536+00:00,0.0,31.46,30.84,-62.3,72.3,34.0,52.0,20.4,5.8,0.0,390.87,1188.85,66743.19,73584.12,0.0,0.0,0.0,0.0,0.0,0.0,40.92,34.95,29.43,47.75,0.0,0.0,0.0,0.0,0.0,0.0,0.0,0.0,0.0,0.0,0.0,0.0,0.0,0.0,0.0,0.0,0.0,0.0,0.0,0.0,0.0,0.0,0.0,0.0,237.69,31.4,239.56,31.3,236.13,31.67,1.0,49.88
2026-10-03T16:35:01.766914+00:00,0.0,26.26,36.14,-62.4,67.7,34.0,52.0,20.4,5.8,0.0,390.87,1188.85,66743.19,73584.12,0.0,0.0,0.0,0.0,0.0,0.0,42.92,34.95,29.43,47.75,0.0,0.0,0.0,0.0,0.0,0.0,0.0,0.0,0.0,0.0,0.0,0.0,0.0,0.0,0.0,0.0,0.0,0.0,0.0,0.0,0.0,0.0,0.0,0.0,237.83,31.37,239.7,31.26,236.06,31.68,1.0,49.96
2026-10-03T16:40:01.478304+00:00,0.0,31.91,30.19,-62.1,63.1,34.0,52.0,20.4,5.8,0.0,390.87,1188.85,66743.19,73584.12,0.0,0.0,0.0,0.0,0.0,0.0,44.92,34.95,29.43,47.75,0.0,0.0,0.0,0.0,0.0,0.0,0.0,0.0,0.0,0.0,0.0,0.0,0.0,0.0,0.0,0.0,0.0,0.0,0.0,0.0,0.0,0.0,0.0,0.0,239.63,31.13,242.29,30.92,238.66,31.35,1.0,49.95
2026-10-03T16:45:01.357047+00:00,0.0,38.25,23.65,-61.9,58.4,31.0,52.0,20.2,4.3,0.0,390.87,1188.85,66743.19,73584.12,0.0,0.0,0.0,0.0,0.0,0.0,46.9,34.95,29.43,47.75,0.0,0.0,0.0,0.0,0.0,0.0,0.0,0.0,0.0,0.0,0.0,0.0,0.0,0.0,0.0,0.0,0.0,0.0,0.0,0.0,0.0,0.0,0.0,0.0,240.89,30.94,242.98,30.78,238.93,31.24,1.0,50.04
2026-10-03T16:50:01.758141+00:00,0.0,32.04,28.76,-60.8,53.9,31.0,52.0,20.2,4.3,0.0,390.87,1188.85,66743.19,73584.12,0.0,0.0,0.0,0.0,0.0,0.0,48.87,34.95,29.43,47.75,0.0,0.0,0.0,0.0,0.0,0.0,0.0,0.0,0.0,0.0,0.0,0.0,0.0,0.0,0.0,0.0,0.0,0.0,0.0,0.0,0.0,0.0,0.0,0.0,241.63,30.5,242.83,30.44,239.64,30.79,1.0,50.14
2026-10-03T16:55:01.618092+00:00,0.0,27.06,33.34,-60.4,49.5,31.0,52.0,20.2,4.3,0.0,390.87,1188.85,66743.19,73584.12,0.0,0.0,0.0,0.0,0.0,0.0,50.79,34.95,29.43,47.75,0.0,0.0,0.0,0.0,0.0,0.0,0.0,0.0,0.0,0.0,0.0,0.0,0.0,0.0,0.0,0.0,0.0,0.0,0.0,0.0,0.0,0.0,0.0,0.0,241.47,30.01,243.57,29.85,239.81,30.27,1.0,50.14
2026-10-03T17:00:01.709174+00:00,0.0,26.58,33.22,-59.8,45.0,30.0,0.0,20.0,3.2,0.0,390.87,1188.85,66743.19,73584.12,0.0,0.0,0.0,0.0,0.0,0.0,52.71,34.95,29.43,47.75,0.0,0.0,0.0,0.0,0.0,0.0,0.0,0.0,0.0,0.0,0.0,0.0,0.0,0.0,0.0,0.0,0.0,0.0,0.0,0.0,0.0,0.0,0.0,0.0,241.09,29.98,243.52,29.78,239.52,30.23,1.0,50.09
2026-10-03T17:05:01.322832+00:00,0.0,27.06,31.84,-58.9,40.6,30.0,0.0,20.0,3.2,0.0,390.87,1188.85,66743.19,73584.12,0.0,0.0,0.0,0.0,0.0,0.0,54.59,34.95,29.43,47.75,0.0,0.0,0.0,0.0,0.0,0.0,0.0,0.0,0.0,0.0,0.0,0.0,0.0,0.0,0.0,0.0,0.0,0.0,0.0,0.0,0.0,0.0,0.0,0.0,240.93,29.1,243.74,28.9,239.86,29.28,1.0,49.96
2026-10-03T17:10:01.667785+00:00,0.0,25.47,32.93,-58.4,36.3,30.0,0.0,20.0,3.2,0.0,390.87,1188.85,66743.19,73584.12,0.0,0.0,0.0,0.0,0.0,0.0,56.46,34.95,29.43,47.75,0.0,0.0,0.0,0.0,0.0,0.0,0.0,0.0,0.0,0.0,0.0,0.0,0.0,0.0,0.0,0.0,0.0,0.0,0.0,0.0,0.0,0.0,0.0,0.0,242.22,29.06,244.58,28.89,241.09,29.26,1.0,50.13
2026-10-03T17:15:01.871369+00:00,0.0,27.36,30.54,-57.9,31.9,30.0,0.0,19.8,2.0,0.0,390.87,1188.85,66743.19,73584.12,0.0,0.0,0.0,0.0,0.0,0.0,58.31,34.95,29.43,47.75,0.0,0.0,0.0,0.0,0.0,0.0,0.0,0.0,0.0,0.0,0.0,0.0,0.0,0.0,0.0,0.0,0.0,0.0,0.0,0.0,0.0,0.0,0.0,0.0,242.36,28.73,244.48,28.54,241.12,28.89,1.0,50.13
2026-10-03T17:20:01.317217+00:00,0.0,29.88,27.62,-57.5,27.6,30.0,0.0,19.8,2.0,0.0,390.87,1188.85,66743.19,73584.12,0.0,0.0,0.0,0.0,0.0,0.0,60.15,34.95,29.43,47.75,0.0,0.0,0.0,0.0,0.0,0.0,0.0,0.0,0.0,0.0,0.0,0.0,0.0,0.0,0.0,0.0,0.0,0.0,0.0,0.0,0.0,0.0,0.0,0.0,242.29,28.52,244.55,28.35,241.17,28.71,1.0,50.01
2026-10-03T17:25:02.050791+00:00,0.0,30.06,26.74,-56.8,23.3,30.0,0.0,19.8,2.0,0.0,390.87,1188.85,66743.19,73584.12,0.0,0.0,0.0,0.0,0.0,0.0,61.99,34.95,29.43,47.75,0.0,0.0,0.0,0.0,0.0,0.0,0.0,0.0,0.0,0.0,0.0,0.0,0.0,0.0,0.0,0.0,0.0,0.0,0.0,0.0,0.0,0.0,0.0,0.0,242.0,28.38,243.92,28.23,240.85,28.53,1.0,49.88
2026-10-03T17:30:01.861108+00:00,0.0,-20.03,24.03,-4.0,20.0,30.0,0.0,19.7,1.1,0.0,390.87,1188.85,66743.19,73584.12,0.0,0.0,0.0,0.0,0.0,0.0,63.63,34.95,29.43,47.75,0.0,0.0,0.0,0.0,0.0,0.0,0.0,0.0,0.0,0.0,0.0,0.0,0.0,0.0,0.0,0.0,0.0,0.0,0.0,0.0,0.0,0.0,0.0,0.0,242.96,28.04,244.98,27.9,242.02,28.2,0.989,50.08
2026-10-03T17:35:01.376403+00:00,0.0,-22.97,22.57,0.4,19.9,30.0,0.0,19.7,1.1,0.0,390.87,1188.85,66743.19,73584.12,0.0,0.0,0.0,0.0,0.0,0.0,63.66,34.95,29.43,47.75,0.0,0.0,0.0,0.0,0.0,0.0,0.0,0.0,0.0,0.0,0.0,0.0,0.0,0.0,0.0,0.0,0.0,0.0,0.0,0.0,0.0,0.0,0.0,0.0,240.23,3.11,242.29,3.09,238.94,3.13,-0.93,50.09
2026-10-03T17:40:01.588321+00:00,0.0,-26.5,26.3,0.2,19.9,30.0,0.0,19.7,1.1,0.0,390.87,1188.85,66743.19,73584.12,0.0,0.0,0.0,0.0,0.0,0.0,63.68,34.95,29.43,47.75,0.0,0.0,0.0,0.0,0.0,0.0,0.0,0.0,0.0,0.0,0.0,0.0,0.0,0.0,0.0,0.0,0.0,0.0,0.0,0.0,0.0,0.0,0.0,0.0,239.57,0.54,241.77,0.53,239.28,0.54,-0.673,50.16
2026-10-03T17:45:02.012017+00:00,0.0,-24.98,24.78,0.2,19.9,32.0,0.0,19.5,0.9,0.0,390.87,1188.85,66743.19,73584.12,0.0,0.0,0.0,0.0,0.0,0.0,63.69,34.95,29.43,47.75,0.0,0.0,0.0,0.0,0.0,0.0,0.0,0.0,0.0,0.0,0.0,0.0,0.0,0.0,0.0,0.0,0.0,0.0,0.0,0.0,0.0,0.0,0.0,0.0,238.89,0.39,241.35,0.4,238.7,0.4,-0.631,49.93
2026-10-03T17:50:01.434876+00:00,0.0,-26.15,25.95,0.2,19.9,32.0,0.0,19.5,0.9,0.0,390.87,1188.85,66743.19,73584.12,0.0,0.0,0.0,0.0,0.0,0.0,63.71,34.95,29.43,47.75,0.0,0.0,0.0,0.0,0.0,0.0,0.0,0.0,0.0,0.0,0.0,0.0,0.0,0.0,0.0,0.0,0.0,0.0,0.0,0.0,0.0,0.0,0.0,0.0,239.48,0.48,242.34,0.49,239.33,0.48,-0.711,50.11
2026-10-03T17:55:01.788559+00:00,0.0,-29.26,28.66,0.6,19.9,32.0,0.0,19.5,0.9,0.0,390.87,1188.85,66743.19,73584.12,0.0,0.0,0.0,0.0,0.0,0.0,63.72,34.95,29.43,47.75,0.0,0.0,0.0,0.0,0.0,0.0,0.0,0.0,0.0,0.0,0.0,0.0,0.0,0.0,0.0,0.0,0.0,0.0,0.0,0.0,0.0,0.0,0.0,0.0,239.43,0.5,242.17,0.5,238.94,0.51,-0.842,49.92
2026-10-03T18:00:01.736700+00:00,0.0,-33.05,32.35,0.7,19.9,34.0,0.0,19.4,1.4,0.0,390.87,1188.85,66743.19,73584.12,0.0,0.0,0.0,0.0,0.0,0.0,63.73,34.95,29.43,47.75,0.0,0.0,0.0,0.0,0.0,0.0,0.0,0.0,0.0,0.0,0.0,0.0,0.0,0.0,0.0,0.0,0.0,0.0,0.0,0.0,0.0,0.0,0.0,0.0,240.85,0.54,244.02,0.52,240.56,0.53,-1.0,50.0
2026-10-03T18:05:01.528507+00:00,0.0,-26.7,26.5,0.2,19.9,34.0,0.0,19.4,1.4,0.0,390.87,1188.85,66743.19,73584.12,0.0,0.0,0.0,0.0,0.0,0.0,63.74,34.95,29.43,47.75,0.0,0.0,0.0,0.0,0.0,0.0,0.0,0.0,0.0,0.0,0.0,0.0,0.0,0.0,0.0,0.0,0.0,0.0,0.0,0.0,0.0,0.0,0.0,0.0,238.88,0.64,242.23,0.61,238.69,0.63,-0.819,50.04
2026-10-03T18:10:01.163478+00:00,0.0,-30.43,30.43,0.0,19.9,34.0,0.0,19.4,1.4,0.0,390.87,1188.85,66743.19,73584.12,0.0,0.0,0.0,0.0,0.0,0.0,63.74,34.95,29.43,47.75,0.0,0.0,0.0,0.0,0.0,0.0,0.0,0.0,0.0,0.0,0.0,0.0,0.0,0.0,0.0,0.0,0.0,0.0,0.0,0.0,0.0,0.0,0.0,0.0,238.48,0.52,242.12,0.52,238.49,0.53,-0.829,49.83
2026-10-03T18:15:01.320342+00:00,0.0,-28.56,28.56,0.0,19.9,38.0,0.0,19.2,1.8,0.0,390.87,1188.85,66743.19,73584.12,0.0,0.0,0.0,0.0,0.0,0.0,63.74,34.95,29.43,47.75,0.0,0.0,0.0,0.0,0.0,0.0,0.0,0.0,0.0,0.0,0.0,0.0,0.0,0.0,0.0,0.0,0.0,0.0,0.0,0.0,0.0,0.0,0.0,0.0,239.15,0.59,242.96,0.59,239.15,0.59,-0.699,49.86
2026-10-03T18:20:01.478851+00:00,0.0,-29.39,29.19,0.2,19.9,38.0,0.0,19.2,1.8,0.0,390.87,1188.85,66743.19,73584.12,0.0,0.0,0.0,0.0,0.0,0.0,63.75,34.95,29.43,47.75,0.0,0.0,0.0,0.0,0.0,0.0,0.0,0.0,0.0,0.0,0.0,0.0,0.0,0.0,0.0,0.0,0.0,0.0,0.0,0.0,0.0,0.0,0.0,0.0,240.13,0.56,243.5,0.55,240.3,0.57,-0.721,50.07
2026-10-03T18:25:01.810881+00:00,0.0,-31.41,31.21,0.2,19.9,38.0,0.0,19.2,1.8,0.0,390.87,1188.85,66743.19,73584.12,0.0,0.0,0.0,0.0,0.0,0.0,63.75,34.95,29.43,47.75,0.0,0.0,0.0,0.0,0.0,0.0,0.0,0.0,0.0,0.0,0.0,0.0,0.0,0.0,0.0,0.0,0.0,0.0,0.0,0.0,0.0,0.0,0.0,0.0,241.14,0.58,244.53,0.59,241.04,0.59,-0.81,50.1
2026-10-03T18:30:01.657893+00:00,0.0,-27.06,26.86,0.2,19.9,35.0,0.0,19.3,2.0,0.0,390.87,1188.85,66743.19,73584.12,0.0,0.0,0.0,0.0,0.0,0.0,63.75,34.95,29.43,47.75,0.0,0.0,0.0,0.0,0.0,0.0,0.0,0.0,0.0,0.0,0.0,0.0,0.0,0.0,0.0,0.0,0.0,0.0,0.0,0.0,0.0,0.0,0.0,0.0,240.74,0.6,244.48,0.56,241.01,0.59,-0.884,50.03
2026-10-03T18:35:01.454605+00:00,0.0,-30.72,30.52,0.2,19.9,35.0,0.0,19.3,4.0,0.1,390.87,1188.85,66743.19,73584.12,0.0,0.0,0.0,0.0,0.0,0.0,63.76,34.95,29.43,47.75,0.0,0.0,0.0,0.0,0.0,0.0,0.0,0.0,0.0,0.0,0.0,0.0,0.0,0.0,0.0,0.0,0.0,0.0,0.0,0.0,0.0,0.0,0.0,0.0,241.74,0.56,244.52,0.57,241.4,0.57,-0.847,50.06
2026-10-03T18:40:01.748484+00:00,0.0,-27.48,27.28,0.2,19.9,35.0,0.0,19.3,4.0,0.1,390.87,1188.85,66743.19,73584.12,0.0,0.0,0.0,0.0,0.0,0.0,63.76,34.95,29.43,47.75,0.0,0.0,0.0,0.0,0.0,0.0,0.0,0.0,0.0,0.0,0.0,0.0,0.0,0.0,0.0,0.0,0.0,0.0,0.0,0.0,0.0,0.0,0.0,0.0,242.19,0.51,244.52,0.52,241.32,0.51,-0.549,50.15
2026-10-03T18:45:01.504759+00:00,0.0,-25.77,25.57,0.2,19.9,34.0,0.0,19.2,4.5,0.1,390.87,1188.85,66743.19,73584.12,0.0,0.0,0.0,0.0,0.0,0.0,63.76,34.95,29.43,47.75,0.0,0.0,0.0,0.0,0.0,0.0,0.0,0.0,0.0,0.0,0.0,0.0,0.0,0.0,0.0,0.0,0.0,0.0,0.0,0.0,0.0,0.0,0.0,0.0,242.56,0.53,244.77,0.54,241.82,0.55,-0.631,50.14
2026-10-03T18:50:01.388778+00:00,0.0,-28.58,28.38,0.2,19.9,34.0,0.0,19.2,4.5,0.1,390.87,1188.85,66743.19,73584.12,0.0,0.0,0.0,0.0,0.0,0.0,63.76,34.95,29.43,47.75,0.0,0.0,0.0,0.0,0.0,0.0,0.0,0.0,0.0,0.0,0.0,0.0,0.0,0.0,0.0,0.0,0.0,0.0,0.0,0.0,0.0,0.0,0.0,0.0,242.41,0.52,244.28,0.53,241.49,0.53,-0.847,50.12
2026-10-03T18:55:01.238203+00:00,0.0,-35.12,34.92,0.2,19.9,34.0,0.0,19.2,4.5,0.1,390.87,1188.85,66743.19,73584.12,0.0,0.0,0.0,0.0,0.0,0.0,63.77,34.95,29.43,47.75,0.0,0.0,0.0,0.0,0.0,0.0,0.0,0.0,0.0,0.0,0.0,0.0,0.0,0.0,0.0,0.0,0.0,0.0,0.0,0.0,0.0,0.0,0.0,0.0,241.71,0.5,243.94,0.5,241.5,0.49,-0.735,50.14
2026-10-03T19:00:01.290214+00:00,0.0,-27.4,27.2,0.2,19.9,34.0,0.0,19.1,4.7,0.1,390.87,1188.85,66743.19,73584.12,0.0,0.0,0.0,0.0,0.0,0.0,63.77,34.95,29.43,47.75,0.0,0.0,0.0,0.0,0.0,0.0,0.0,0.0,0.0,0.0,0.0,0.0,0.0,0.0,0.0,0.0,0.0,0.0,0.0,0.0,0.0,0.0,0.0,0.0,241.61,0.54,244.34,0.55,241.54,0.56,-0.933,50.09
2026-10-03T19:05:01.630197+00:00,0.0,-24.42,24.22,0.2,19.9,34.0,0.0,19.1,4.7,0.1,390.87,1188.85,66743.19,73584.12,0.0,0.0,0.0,0.0,0.0,0.0,63.77,34.95,29.43,47.75,0.0,0.0,0.0,0.0,0.0,0.0,0.0,0.0,0.0,0.0,0.0,0.0,0.0,0.0,0.0,0.0,0.0,0.0,0.0,0.0,0.0,0.0,0.0,0.0,241.74,0.56,244.43,0.56,241.84,0.57,-0.976,50.05
2026-10-03T19:10:01.296413+00:00,0.0,-22.54,22.34,0.2,19.9,34.0,0.0,19.1,4.7,0.1,390.87,1188.85,66743.19,73584.12,0.0,0.0,0.0,0.0,0.0,0.0,63.78,34.95,29.43,47.75,0.0,0.0,0.0,0.0,0.0,0.0,0.0,0.0,0.0,0.0,0.0,0.0,0.0,0.0,0.0,0.0,0.0,0.0,0.0,0.0,0.0,0.0,0.0,0.0,242.2,0.54,244.7,0.56,242.19,0.56,-0.916,50.03
2026-10-03T19:15:01.600091+00:00,0.0,-25.52,25.12,0.4,19.9,36.0,0.0,18.9,4.5,0.0,390.87,1188.85,66743.19,73584.12,0.0,0.0,0.0,0.0,0.0,0.0,63.78,34.95,29.43,47.75,0.0,0.0,0.0,0.0,0.0,0.0,0.0,0.0,0.0,0.0,0.0,0.0,0.0,0.0,0.0,0.0,0.0,0.0,0.0,0.0,0.0,0.0,0.0,0.0,242.83,0.48,244.55,0.49,241.95,0.48,-1.0,50.01
2026-10-03T19:20:01.300785+00:00,0.0,-24.56,24.16,0.4,19.9,36.0,0.0,18.9,4.5,0.0,390.87,1188.85,66743.19,73584.12,0.0,0.0,0.0,0.0,0.0,0.0,63.78,34.95,29.43,47.75,0.0,0.0,0.0,0.0,0.0,0.0,0.0,0.0,0.0,0.0,0.0,0.0,0.0,0.0,0.0,0.0,0.0,0.0,0.0,0.0,0.0,0.0,0.0,0.0,242.74,0.58,245.07,0.58,242.73,0.58,-0.844,50.16
2026-10-03T19:25:01.370251+00:00,0.0,-26.46,25.86,0.4,19.9,36.0,0.0,18.9,4.5,0.0,390.87,1188.85,66743.19,73584.12,0.0,0.0,0.0,0.0,0.0,0.0,63.78,34.95,29.43,47.75,0.0,0.0,0.0,0.0,0.0,0.0,0.0,0.0,0.0,0.0,0.0,0.0,0.0,0.0,0.0,0.0,0.0,0.0,0.0,0.0,0.0,0.0,0.0,0.0,240.26,0.53,242.29,0.53,240.16,0.54,-0.555,49.95
2026-10-03T19:30:01.361735+00:00,0.0,-29.36,28.96,0.4,19.9,40.0,0.0,18.6,4.1,0.0,390.87,1188.85,66743.19,73584.12,0.0,0.0,0.0,0.0,0.0,0.0,63.78,34.95,29.43,47.75,0.0,0.0,0.0,0.0,0.0,0.0,0.0,0.0,0.0,0.0,0.0,0.0,0.0,0.0,0.0,0.0,0.0,0.0,0.0,0.0,0.0,0.0,0.0,0.0,240.98,0.52,243.13,0.53,240.55,0.54,-0.634,50.1
2026-10-03T19:35:01.853576+00:00,0.0,-28.74,28.14,0.6,19.9,40.0,0.0,18.6,4.1,0.0,390.87,1188.85,66743.19,73584.12,0.0,0.0,0.0,0.0,0.0,0.0,63.78,34.95,29.43,47.75,0.0,0.0,0.0,0.0,0.0,0.0,0.0,0.0,0.0,0.0,0.0,0.0,0.0,0.0,0.0,0.0,0.0,0.0,0.0,0.0,0.0,0.0,0.0,0.0,241.54,0.58,243.96,0.59,241.3,0.57,-0.69,50.12
2026-10-03T19:40:01.773745+00:00,0.0,-28.49,28.09,0.4,19.9,40.0,0.0,18.6,4.1,0.0,390.87,1188.85,66743.19,73584.12,0.0,0.0,0.0,0.0,0.0,0.0,63.78,34.95,29.43,47.75,0.0,0.0,0.0,0.0,0.0,0.0,0.0,0.0,0.0,0.0,0.0,0.0,0.0,0.0,0.0,0.0,0.0,0.0,0.0,0.0,0.0,0.0,0.0,0.0,240.67,0.57,243.92,0.57,240.7,0.58,-0.846,49.98
2026-10-03T19:45:02.117858+00:00,0.0,-25.59,24.99,0.6,19.9,44.0,0.0,18.4,3.8,0.0,390.87,1188.85,66743.19,73584.12,0.0,0.0,0.0,0.0,0.0,0.0,63.78,34.95,29.43,47.75,0.0,0.0,0.0,0.0,0.0,0.0,0.0,0.0,0.0,0.0,0.0,0.0,0.0,0.0,0.0,0.0,0.0,0.0,0.0,0.0,0.0,0.0,0.0,0.0,239.69,0.54,242.51,0.55,239.31,0.55,-0.611,49.96
2026-10-03T19:50:01.974453+00:00,0.0,-22.53,22.13,0.2,19.9,44.0,0.0,18.4,3.8,0.0,390.87,1188.85,66743.19,73584.12,0.0,0.0,0.0,0.0,0.0,0.0,63.78,34.95,29.43,47.75,0.0,0.0,0.0,0.0,0.0,0.0,0.0,0.0,0.0,0.0,0.0,0.0,0.0,0.0,0.0,0.0,0.0,0.0,0.0,0.0,0.0,0.0,0.0,0.0,240.29,0.54,242.73,0.55,239.69,0.54,-0.833,50.1
2026-10-03T19:55:01.480974+00:00,0.0,-23.43,23.03,0.4,19.9,44.0,0.0,18.4,3.8,0.0,390.87,1188.85,66743.19,73584.12,0.0,0.0,0.0,0.0,0.0,0.0,63.78,34.95,29.43,47.75,0.0,0.0,0.0,0.0,0.0,0.0,0.0,0.0,0.0,0.0,0.0,0.0,0.0,0.0,0.0,0.0,0.0,0.0,0.0,0.0,0.0,0.0,0.0,0.0,237.78,0.54,239.7,0.55,237.66,0.55,-0.919,50.01
2026-10-03T20:00:01.498764+00:00,0.0,-25.83,25.23,0.6,19.9,49.0,0.0,18.2,3.6,0.0,390.87,1188.85,66743.19,73584.12,0.0,0.0,0.0,0.0,0.0,0.0,63.78,34.95,29.43,47.75,0.0,0.0,0.0,0.0,0.0,0.0,0.0,0.0,0.0,0.0,0.0,0.0,0.0,0.0,0.0,0.0,0.0,0.0,0.0,0.0,0.0,0.0,0.0,0.0,237.89,0.55,239.85,0.54,237.68,0.54,-0.901,50.09
2026-10-03T20:05:01.634120+00:00,0.0,-22.26,21.86,0.4,19.9,49.0,0.0,18.2,3.6,0.0,390.87,1188.85,66743.19,73584.12,0.0,0.0,0.0,0.0,0.0,0.0,63.78,34.95,29.43,47.75,0.0,0.0,0.0,0.0,0.0,0.0,0.0,0.0,0.0,0.0,0.0,0.0,0.0,0.0,0.0,0.0,0.0,0.0,0.0,0.0,0.0,0.0,0.0,0.0,237.36,0.54,239.44,0.55,236.5,0.55,-0.827,49.84
2026-10-03T20:10:02.121045+00:00,0.0,-21.59,20.99,0.4,19.9,49.0,0.0,18.2,3.6,0.0,390.87,1188.85,66743.19,73584.12,0.0,0.0,0.0,0.0,0.0,0.0,63.78,34.95,29.43,47.75,0.0,0.0,0.0,0.0,0.0,0.0,0.0,0.0,0.0,0.0,0.0,0.0,0.0,0.0,0.0,0.0,0.0,0.0,0.0,0.0,0.0,0.0,0.0,0.0,237.95,0.52,239.95,0.53,237.48,0.52,-0.86,50.07
2026-10-03T20:15:02.124284+00:00,0.0,-21.57,20.97,0.6,19.9,55.0,0.0,18.1,3.0,0.1,390.87,1188.85,66743.19,73584.12,0.0,0.0,0.0,0.0,0.0,0.0,63.78,34.95,29.43,47.75,0.0,0.0,0.0,0.0,0.0,0.0,0.0,0.0,0.0,0.0,0.0,0.0,0.0,0.0,0.0,0.0,0.0,0.0,0.0,0.0,0.0,0.0,0.0,0.0,238.68,0.6,240.29,0.61,237.8,0.62,-0.755,50.12
2026-10-03T20:20:01.368079+00:00,0.0,-21.44,21.04,0.4,19.9,55.0,0.0,18.1,3.0,0.1,390.87,1188.85,66743.19,73584.12,0.0,0.0,0.0,0.0,0.0,0.0,63.78,34.95,29.43,47.75,0.0,0.0,0.0,0.0,0.0,0.0,0.0,0.0,0.0,0.0,0.0,0.0,0.0,0.0,0.0,0.0,0.0,0.0,0.0,0.0,0.0,0.0,0.0,0.0,238.87,0.55,240.19,0.58,237.87,0.56,-0.603,50.04
2026-10-03T20:25:01.207648+00:00,0.0,-26.17,25.57,0.6,19.9,55.0,0.0,18.1,3.0,0.1,390.87,1188.85,66743.19,73584.12,0.0,0.0,0.0,0.0,0.0,0.0,63.78,34.95,29.43,47.75,0.0,0.0,0.0,0.0,0.0,0.0,0.0,0.0,0.0,0.0,0.0,0.0,0.0,0.0,0.0,0.0,0.0,0.0,0.0,0.0,0.0,0.0,0.0,0.0,239.37,0.64,240.37,0.63,238.2,0.63,-0.486,50.11
2026-10-03T20:30:01.781715+00:00,0.0,-23.24,22.84,0.4,19.9,62.0,0.0,18.0,2.8,0.1,390.87,1188.85,66743.19,73584.12,0.0,0.0,0.0,0.0,0.0,0.0,63.78,34.95,29.43,47.75,0.0,0.0,0.0,0.0,0.0,0.0,0.0,0.0,0.0,0.0,0.0,0.0,0.0,0.0,0.0,0.0,0.0,0.0,0.0,0.0,0.0,0.0,0.0,0.0,239.5,0.55,240.9,0.55,238.47,0.54,-0.705,50.15
2026-10-03T20:35:02.107193+00:00,0.0,-23.48,22.88,0.6,19.9,62.0,0.0,18.0,2.8,0.1,390.87,1188.85,66743.19,73584.12,0.0,0.0,0.0,0.0,0.0,0.0,63.78,34.95,29.43,47.75,0.0,0.0,0.0,0.0,0.0,0.0,0.0,0.0,0.0,0.0,0.0,0.0,0.0,0.0,0.0,0.0,0.0,0.0,0.0,0.0,0.0,0.0,0.0,0.0,238.6,0.63,239.73,0.63,237.93,0.63,-0.712,49.87
2026-10-03T20:40:01.455668+00:00,0.0,-21.46,20.86,0.6,19.9,62.0,0.0,18.0,2.8,0.1,390.87,1188.85,66743.19,73584.12,0.0,0.0,0.0,0.0,0.0,0.0,63.78,34.95,29.43,47.75,0.0,0.0,0.0,0.0,0.0,0.0,0.0,0.0,0.0,0.0,0.0,0.0,0.0,0.0,0.0,0.0,0.0,0.0,0.0,0.0,0.0,0.0,0.0,0.0,239.46,0.62,240.61,0.63,238.64,0.65,-0.396,50.11
2026-10-03T20:45:01.662268+00:00,0.0,-21.96,21.36,0.4,19.9,69.0,0.0,17.9,3.8,0.1,390.87,1188.85,66743.19,73584.12,0.0,0.0,0.0,0.0,0.0,0.0,63.78,34.95,29.43,47.75,0.0,0.0,0.0,0.0,0.0,0.0,0.0,0.0,0.0,0.0,0.0,0.0,0.0,0.0,0.0,0.0,0.0,0.0,0.0,0.0,0.0,0.0,0.0,0.0,239.63,0.62,241.24,0.63,238.62,0.65,-0.703,50.09
2026-10-03T20:50:02.147360+00:00,0.0,-28.39,27.79,0.4,19.9,69.0,0.0,17.9,3.8,0.1,390.87,1188.85,66743.19,73584.12,0.0,0.0,0.0,0.0,0.0,0.0,63.78,34.95,29.43,47.75,0.0,0.0,0.0,0.0,0.0,0.0,0.0,0.0,0.0,0.0,0.0,0.0,0.0,0.0,0.0,0.0,0.0,0.0,0.0,0.0,0.0,0.0,0.0,0.0,239.96,0.53,241.34,0.55,238.93,0.53,-0.473,50.14
2026-10-03T20:55:01.953328+00:00,0.0,-20.96,20.56,0.4,19.9,69.0,0.0,17.9,3.8,0.1,390.87,1188.85,66743.19,73584.12,0.0,0.0,0.0,0.0,0.0,0.0,63.78,34.95,29.43,47.75,0.0,0.0,0.0,0.0,0.0,0.0,0.0,0.0,0.0,0.0,0.0,0.0,0.0,0.0,0.0,0.0,0.0,0.0,0.0,0.0,0.0,0.0,0.0,0.0,239.72,0.62,241.43,0.61,239.0,0.62,-0.709,50.1
2026-10-03T21:00:01.338855+00:00,0.0,-23.49,22.89,0.4,19.9,75.0,0.0,17.8,4.3,0.1,390.87,1188.85,66743.19,73584.12,0.0,0.0,0.0,0.0,0.0,0.0,63.78,34.95,29.43,47.75,0.0,0.0,0.0,0.0,0.0,0.0,0.0,0.0,0.0,0.0,0.0,0.0,0.0,0.0,0.0,0.0,0.0,0.0,0.0,0.0,0.0,0.0,0.0,0.0,239.47,0.55,240.78,0.55,238.65,0.53,-0.517,50.17
2026-10-03T21:05:01.742343+00:00,0.0,-23.24,22.64,0.4,19.9,75.0,0.0,17.8,4.3,0.1,390.87,1188.85,66743.19,73584.12,0.0,0.0,0.0,0.0,0.0,0.0,63.78,34.95,29.43,47.75,0.0,0.0,0.0,0.0,0.0,0.0,0.0,0.0,0.0,0.0,0.0,0.0,0.0,0.0,0.0,0.0,0.0,0.0,0.0,0.0,0.0,0.0,0.0,0.0,239.75,0.65,241.19,0.63,239.12,0.63,-0.6,50.01
2026-10-03T21:10:01.732058+00:00,0.0,-19.21,18.61,0.4,19.9,75.0,0.0,17.8,4.3,0.1,390.87,1188.85,66743.19,73584.12,0.0,0.0,0.0,0.0,0.0,0.0,63.78,34.95,29.43,47.75,0.0,0.0,0.0,0.0,0.0,0.0,0.0,0.0,0.0,0.0,0.0,0.0,0.0,0.0,0.0,0.0,0.0,0.0,0.0,0.0,0.0,0.0,0.0,0.0,239.72,0.63,240.96,0.62,238.58,0.62,-0.68,49.99
2026-10-03T21:15:01.731639+00:00,0.0,-21.85,21.25,0.6,19.9,79.0,0.0,17.7,3.5,0.1,390.87,1188.85,66743.19,73584.12,0.0,0.0,0.0,0.0,0.0,0.0,63.78,34.95,29.43,47.75,0.0,0.0,0.0,0.0,0.0,0.0,0.0,0.0,0.0,0.0,0.0,0.0,0.0,0.0,0.0,0.0,0.0,0.0,0.0,0.0,0.0,0.0,0.0,0.0,238.76,0.54,240.26,0.55,237.68,0.54,-0.575,49.92
2026-10-03T21:20:01.658575+00:00,0.0,-21.89,21.29,0.2,19.9,79.0,0.0,17.7,3.5,0.1,390.87,1188.85,66743.19,73584.12,0.0,0.0,0.0,0.0,0.0,0.0,63.78,34.95,29.43,47.75,0.0,0.0,0.0,0.0,0.0,0.0,0.0,0.0,0.0,0.0,0.0,0.0,0.0,0.0,0.0,0.0,0.0,0.0,0.0,0.0,0.0,0.0,0.0,0.0,237.73,0.54,239.42,0.55,236.69,0.54,-0.615,49.86
2026-10-03T21:25:01.345634+00:00,0.0,-21.22,20.62,0.6,19.9,79.0,0.0,17.7,3.5,0.1,390.87,1188.85,66743.19,73584.12,0.0,0.0,0.0,0.0,0.0,0.0,63.78,34.95,29.43,47.75,0.0,0.0,0.0,0.0,0.0,0.0,0.0,0.0,0.0,0.0,0.0,0.0,0.0,0.0,0.0,0.0,0.0,0.0,0.0,0.0,0.0,0.0,0.0,0.0,238.56,0.54,240.03,0.55,237.69,0.53,-0.99,50.15
2026-10-03T21:30:01.315458+00:00,0.0,-23.18,22.78,0.4,19.9,81.0,0.0,17.5,2.5,0.1,390.87,1188.85,66743.19,73584.12,0.0,0.0,0.0,0.0,0.0,0.0,63.78,34.95,29.43,47.75,0.0,0.0,0.0,0.0,0.0,0.0,0.0,0.0,0.0,0.0,0.0,0.0,0.0,0.0,0.0,0.0,0.0,0.0,0.0,0.0,0.0,0.0,0.0,0.0,237.85,0.54,240.11,0.54,237.15,0.53,-0.928,50.01
2026-10-03T21:35:01.807876+00:00,0.0,-23.56,22.96,0.6,19.9,81.0,0.0,17.5,2.5,0.1,390.87,1188.85,66743.19,73584.12,0.0,0.0,0.0,0.0,0.0,0.0,63.78,34.95,29.43,47.75,0.0,0.0,0.0,0.0,0.0,0.0,0.0,0.0,0.0,0.0,0.0,0.0,0.0,0.0,0.0,0.0,0.0,0.0,0.0,0.0,0.0,0.0,0.0,0.0,236.48,0.55,238.78,0.55,236.66,0.55,-0.761,49.82
2026-10-03T21:40:01.804963+00:00,0.0,-21.18,20.78,0.4,19.9,81.0,0.0,17.5,2.5,0.1,390.87,1188.85,66743.19,73584.12,0.0,0.0,0.0,0.0,0.0,0.0,63.79,34.95,29.43,47.75,0.0,0.0,0.0,0.0,0.0,0.0,0.0,0.0,0.0,0.0,0.0,0.0,0.0,0.0,0.0,0.0,0.0,0.0,0.0,0.0,0.0,0.0,0.0,0.0,238.61,0.58,240.32,0.58,237.91,0.58,-0.794,49.91
2026-10-03T21:45:01.168645+00:00,0.0,-21.72,21.12,0.6,19.9,83.0,0.0,17.4,3.1,0.1,390.87,1188.85,66743.19,73584.12,0.0,0.0,0.0,0.0,0.0,0.0,63.79,34.95,29.43,47.75,0.0,0.0,0.0,0.0,0.0,0.0,0.0,0.0,0.0,0.0,0.0,0.0,0.0,0.0,0.0,0.0,0.0,0.0,0.0,0.0,0.0,0.0,0.0,0.0,239.28,0.57,241.14,0.58,238.32,0.57,-0.616,50.1
2026-10-03T21:50:01.842216+00:00,0.0,-21.56,20.96,0.4,19.9,83.0,0.0,17.4,3.1,0.1,390.87,1188.85,66743.19,73584.12,0.0,0.0,0.0,0.0,0.0,0.0,63.79,34.95,29.43,47.75,0.0,0.0,0.0,0.0,0.0,0.0,0.0,0.0,0.0,0.0,0.0,0.0,0.0,0.0,0.0,0.0,0.0,0.0,0.0,0.0,0.0,0.0,0.0,0.0,239.09,0.61,240.72,0.6,238.16,0.59,-0.657,50.04
2026-10-03T21:55:01.743739+00:00,0.0,-21.19,20.59,0.6,19.9,83.0,0.0,17.4,3.1,0.1,390.87,1188.85,66743.19,73584.12,0.0,0.0,0.0,0.0,0.0,0.0,63.79,34.95,29.43,47.75,0.0,0.0,0.0,0.0,0.0,0.0,0.0,0.0,0.0,0.0,0.0,0.0,0.0,0.0,0.0,0.0,0.0,0.0,0.0,0.0,0.0,0.0,0.0,0.0,239.5,0.58,241.14,0.57,238.33,0.56,-0.746,50.06
2026-10-03T22:00:01.719779+00:00,0.0,-21.28,20.88,0.2,19.9,85.0,0.0,17.2,4.2,0.1,390.87,1188.85,66743.19,73584.12,0.0,0.0,0.0,0.0,0.0,0.0,0.0,34.95,29.43,47.75,0.0,0.0,0.0,0.0,0.0,0.0,0.0,0.0,0.0,0.0,0.0,0.0,0.0,0.0,0.0,0.0,0.0,0.0,0.0,0.0,0.0,0.0,0.0,0.0,239.1,0.58,240.51,0.57,237.89,0.56,-0.808,49.97
2026-10-03T22:05:02.061444+00:00,0.0,-22.72,22.32,0.4,19.9,85.0,0.0,17.2,4.2,0.1,0.0,1188.85,66743.19,73584.12,0.0,0.0,0.0,0.0,0.0,0.0,0.0,34.95,29.43,47.75,0.0,0.0,0.0,0.0,0.0,0.0,0.0,0.0,0.0,0.0,0.0,0.0,0.0,0.0,0.0,0.0,0.0,0.0,0.0,0.0,0.0,0.0,0.0,0.0,239.61,0.51,241.37,0.53,238.72,0.51,-0.884,50.06
2026-10-03T22:10:01.779772+00:00,0.0,-22.94,22.54,0.2,19.9,85.0,0.0,17.2,4.2,0.1,0.0,1188.85,66743.19,73584.12,0.0,0.0,0.0,0.0,0.0,0.0,0.0,34.95,29.43,47.75,0.0,0.0,0.0,0.0,0.0,0.0,0.0,0.0,0.0,0.0,0.0,0.0,0.0,0.0,0.0,0.0,0.0,0.0,0.0,0.0,0.0,0.0,0.0,0.0,239.83,0.57,241.49,0.57,239.18,0.57,-0.733,50.08
2026-10-03T22:15:01.677083+00:00,0.0,-25.11,24.51,0.6,19.9,88.0,0.0,17.1,4.9,0.0,0.0,1188.85,66743.19,73584.12,0.0,0.0,0.0,0.0,0.0,0.0,0.0,34.95,29.43,47.75,0.0,0.0,0.0,0.0,0.0,0.0,0.0,0.0,0.0,0.0,0.0,0.0,0.0,0.0,0.0,0.0,0.0,0.0,0.0,0.0,0.0,0.0,0.0,0.0,240.37,0.57,241.78,0.57,239.87,0.56,-0.717,50.13
2026-10-03T22:20:02.120673+00:00,0.0,-20.99,20.39,0.6,19.9,88.0,0.0,17.1,4.9,0.0,0.0,1188.85,66743.19,73584.12,0.0,0.0,0.0,0.0,0.0,0.0,0.0,34.95,29.43,47.75,0.0,0.0,0.0,0.0,0.0,0.0,0.0,0.0,0.0,0.0,0.0,0.0,0.0,0.0,0.0,0.0,0.0,0.0,0.0,0.0,0.0,0.0,0.0,0.0,240.05,0.57,241.83,0.58,239.45,0.59,-0.799,50.02
2026-10-03T22:25:01.620377+00:00,0.0,-20.76,20.16,0.4,19.9,88.0,0.0,17.1,4.9,0.0,0.0,1188.85,66743.19,73584.12,0.0,0.0,0.0,0.0,0.0,0.0,0.0,34.95,29.43,47.75,0.0,0.0,0.0,0.0,0.0,0.0,0.0,0.0,0.0,0.0,0.0,0.0,0.0,0.0,0.0,0.0,0.0,0.0,0.0,0.0,0.0,0.0,0.0,0.0,239.56,0.57,241.12,0.58,238.72,0.57,-0.838,49.85
2026-10-03T22:30:01.735660+00:00,0.0,-21.08,20.48,0.4,19.9,92.0,0.0,16.9,5.1,0.0,0.0,1188.85,66743.19,73584.12,0.0,0.0,0.0,0.0,0.0,0.0,0.0,34.95,29.43,47.75,0.0,0.0,0.0,0.0,0.0,0.0,0.0,0.0,0.0,0.0,0.0,0.0,0.0,0.0,0.0,0.0,0.0,0.0,0.0,0.0,0.0,0.0,0.0,0.0,240.46,0.56,241.72,0.55,239.8,0.55,-0.844,50.03
2026-10-03T22:35:01.251768+00:00,0.0,-22.51,21.91,0.4,19.9,92.0,0.0,16.9,5.1,0.0,0.0,1188.85,66743.19,73584.12,0.0,0.0,0.0,0.0,0.0,0.0,0.0,34.95,29.43,47.75,0.0,0.0,0.0,0.0,0.0,0.0,0.0,0.0,0.0,0.0,0.0,0.0,0.0,0.0,0.0,0.0,0.0,0.0,0.0,0.0,0.0,0.0,0.0,0.0,240.32,0.58,241.8,0.58,239.62,0.59,-0.66,50.01
2026-10-03T22:40:01.490366+00:00,0.0,-22.82,22.22,0.6,19.9,92.0,0.0,16.9,5.1,0.0,0.0,1188.85,66743.19,73584.12,0.0,0.0,0.0,0.0,0.0,0.0,0.0,34.95,29.43,47.75,0.0,0.0,0.0,0.0,0.0,0.0,0.0,0.0,0.0,0.0,0.0,0.0,0.0,0.0,0.0,0.0,0.0,0.0,0.0,0.0,0.0,0.0,0.0,0.0,240.24,0.54,241.82,0.55,239.81,0.54,-0.927,50.06
2026-10-03T22:45:01.531378+00:00,0.0,-19.4,19.0,0.2,19.9,96.0,0.0,16.7,5.4,0.0,0.0,1188.85,66743.19,73584.12,0.0,0.0,0.0,0.0,0.0,0.0,0.0,34.95,29.43,47.75,0.0,0.0,0.0,0.0,0.0,0.0,0.0,0.0,0.0,0.0,0.0,0.0,0.0,0.0,0.0,0.0,0.0,0.0,0.0,0.0,0.0,0.0,0.0,0.0,239.61,0.63,241.0,0.61,238.91,0.62,-0.737,49.87
2026-10-03T22:50:02.022559+00:00,0.0,-20.99,20.39,0.6,19.9,96.0,0.0,16.7,5.4,0.0,0.0,1188.85,66743.19,73584.12,0.0,0.0,0.0,0.0,0.0,0.0,0.0,34.95,29.43,47.75,0.0,0.0,0.0,0.0,0.0,0.0,0.0,0.0,0.0,0.0,0.0,0.0,0.0,0.0,0.0,0.0,0.0,0.0,0.0,0.0,0.0,0.0,0.0,0.0,240.8,0.56,242.6,0.56,240.37,0.56,-0.695,50.04
2026-10-03T22:55:01.179237+00:00,0.0,-20.92,20.52,0.4,19.9,96.0,0.0,16.7,5.4,0.0,0.0,1188.85,66743.19,73584.12,0.0,0.0,0.0,0.0,0.0,0.0,0.0,34.95,29.43,47.75,0.0,0.0,0.0,0.0,0.0,0.0,0.0,0.0,0.0,0.0,0.0,0.0,0.0,0.0,0.0,0.0,0.0,0.0,0.0,0.0,0.0,0.0,0.0,0.0,240.84,0.67,242.56,0.66,240.26,0.66,-0.646,50.03
2026-10-03T23:00:01.209500+00:00,0.0,-20.82,20.42,0.2,19.9,98.0,0.0,16.6,5.5,0.0,0.0,1188.85,66743.19,73584.12,0.0,0.0,0.0,0.0,0.0,0.0,0.0,34.95,29.43,47.75,0.0,0.0,0.0,0.0,0.0,0.0,0.0,0.0,0.0,0.0,0.0,0.0,0.0,0.0,0.0,0.0,0.0,0.0,0.0,0.0,0.0,0.0,0.0,0.0,241.32,0.57,242.79,0.58,240.68,0.59,-0.579,50.14
2026-10-03T23:05:01.762684+00:00,0.0,-22.61,22.01,0.4,19.9,98.0,0.0,16.6,5.5,0.0,0.0,1188.85,66743.19,73584.12,0.0,0.0,0.0,0.0,0.0,0.0,0.0,34.95,29.43,47.75,0.0,0.0,0.0,0.0,0.0,0.0,0.0,0.0,0.0,0.0,0.0,0.0,0.0,0.0,0.0,0.0,0.0,0.0,0.0,0.0,0.0,0.0,0.0,0.0,240.11,0.54,241.53,0.55,239.41,0.54,-0.781,49.96
2026-10-03T23:10:01.989875+00:00,0.0,-22.57,21.97,0.4,19.9,98.0,0.0,16.6,5.5,0.0,0.0,1188.85,66743.19,73584.12,0.0,0.0,0.0,0.0,0.0,0.0,0.0,34.95,29.43,47.75,0.0,0.0,0.0,0.0,0.0,0.0,0.0,0.0,0.0,0.0,0.0,0.0,0.0,0.0,0.0,0.0,0.0,0.0,0.0,0.0,0.0,0.0,0.0,0.0,240.25,0.6,241.73,0.6,239.67,0.62,-0.571,50.08
2026-10-03T23:15:02.007343+00:00,0.0,-20.44,20.04,0.4,19.9,99.0,0.0,16.5,5.9,0.0,0.0,1188.85,66743.19,73584.12,0.0,0.0,0.0,0.0,0.0,0.0,0.0,34.95,29.43,47.75,0.0,0.0,0.0,0.0,0.0,0.0,0.0,0.0,0.0,0.0,0.0,0.0,0.0,0.0,0.0,0.0,0.0,0.0,0.0,0.0,0.0,0.0,0.0,0.0,239.82,0.6,241.08,0.61,239.06,0.61,-0.715,49.97
2026-10-03T23:20:01.886153+00:00,0.0,-20.59,20.19,0.4,19.9,99.0,0.0,16.5,5.9,0.0,0.0,1188.85,66743.19,73584.12,0.0,0.0,0.0,0.0,0.0,0.0,0.0,34.95,29.43,47.75,0.0,0.0,0.0,0.0,0.0,0.0,0.0,0.0,0.0,0.0,0.0,0.0,0.0,0.0,0.0,0.0,0.0,0.0,0.0,0.0,0.0,0.0,0.0,0.0,238.42,0.6,240.21,0.59,238.32,0.6,-0.944,49.88
2026-10-03T23:25:01.537869+00:00,0.0,-21.06,20.46,0.2,19.9,99.0,0.0,16.5,5.9,0.0,0.0,1188.85,66743.19,73584.12,0.0,0.0,0.0,0.0,0.0,0.0,0.0,34.95,29.43,47.75,0.0,0.0,0.0,0.0,0.0,0.0,0.0,0.0,0.0,0.0,0.0,0.0,0.0,0.0,0.0,0.0,0.0,0.0,0.0,0.0,0.0,0.0,0.0,0.0,239.2,0.53,240.83,0.53,238.9,0.53,-0.968,50.01
2026-10-03T23:30:01.379440+00:00,0.0,-24.21,23.81,0.4,19.9,98.0,0.0,16.4,6.3,0.0,0.0,1188.85,66743.19,73584.12,0.0,0.0,0.0,0.0,0.0,0.0,0.0,34.95,29.43,47.75,0.0,0.0,0.0,0.0,0.0,0.0,0.0,0.0,0.0,0.0,0.0,0.0,0.0,0.0,0.0,0.0,0.0,0.0,0.0,0.0,0.0,0.0,0.0,0.0,239.53,0.54,241.32,0.53,239.38,0.53,-0.902,50.1
2026-10-03T23:35:02.029739+00:00,0.0,-20.58,20.18,0.4,19.9,98.0,0.0,16.4,6.3,0.0,0.0,1188.85,66743.19,73584.12,0.0,0.0,0.0,0.0,0.0,0.0,0.0,34.95,29.43,47.75,0.0,0.0,0.0,0.0,0.0,0.0,0.0,0.0,0.0,0.0,0.0,0.0,0.0,0.0,0.0,0.0,0.0,0.0,0.0,0.0,0.0,0.0,0.0,0.0,239.33,0.66,241.47,0.64,239.33,0.65,-0.734,49.98
2026-10-03T23:40:01.960130+00:00,0.0,-22.27,21.67,0.6,19.9,98.0,0.0,16.4,6.3,0.0,0.0,1188.85,66743.19,73584.12,0.0,0.0,0.0,0.0,0.0,0.0,0.0,34.95,29.43,47.75,0.0,0.0,0.0,0.0,0.0,0.0,0.0,0.0,0.0,0.0,0.0,0.0,0.0,0.0,0.0,0.0,0.0,0.0,0.0,0.0,0.0,0.0,0.0,0.0,239.98,0.58,241.76,0.58,239.45,0.6,-0.847,50.1
2026-10-03T23:45:02.095305+00:00,0.0,-22.15,21.75,0.4,19.9,97.0,0.0,16.4,6.6,0.0,0.0,1188.85,66743.19,73584.12,0.0,0.0,0.0,0.0,0.0,0.0,0.0,34.95,29.43,47.75,0.0,0.0,0.0,0.0,0.0,0.0,0.0,0.0,0.0,0.0,0.0,0.0,0.0,0.0,0.0,0.0,0.0,0.0,0.0,0.0,0.0,0.0,0.0,0.0,239.81,0.65,240.78,0.65,239.1,0.65,-0.986,49.96
2026-10-03T23:50:01.482856+00:00,0.0,-21.71,21.11,0.4,19.9,97.0,0.0,16.4,6.6,0.0,0.0,1188.85,66743.19,73584.12,0.0,0.0,0.0,0.0,0.0,0.0,0.0,34.95,29.43,47.75,0.0,0.0,0.0,0.0,0.0,0.0,0.0,0.0,0.0,0.0,0.0,0.0,0.0,0.0,0.0,0.0,0.0,0.0,0.0,0.0,0.0,0.0,0.0,0.0,239.75,0.62,240.84,0.62,239.28,0.62,-0.518,49.95
2026-10-03T23:55:01.362304+00:00,0.0,-20.74,20.14,0.6,19.9,97.0,0.0,16.4,6.6,0.0,0.0,1188.85,66743.19,73584.12,0.0,0.0,0.0,0.0,0.0,0.0,0.0,34.95,29.43,47.75,0.0,0.0,0.0,0.0,0.0,0.0,0.0,0.0,0.0,0.0,0.0,0.0,0.0,0.0,0.0,0.0,0.0,0.0,0.0,0.0,0.0,0.0,0.0,0.0,240.05,0.58,240.83,0.58,239.05,0.58,-0.363,50.0
2026-10-04T00:00:01.864842+00:00,0.0,-20.45,19.85,0.6,19.9,96.0,0.0,16.3,6.5,0.0,0.0,1188.85,66743.19,73584.12,0.0,0.0,0.0,0.0,0.0,0.0,0.0,34.95,29.43,47.75,0.0,0.0,0.0,0.0,0.0,0.0,0.0,0.0,0.0,0.0,0.0,0.0,0.0,0.0,0.0,0.0,0.0,0.0,0.0,0.0,0.0,0.0,0.0,0.0,240.13,0.54,241.9,0.54,239.13,0.54,-0.849,50.05
2026-10-04T00:05:01.433142+00:00,0.0,-20.44,20.04,0.4,19.9,96.0,0.0,16.3,6.5,0.0,0.0,1188.85,66743.19,73584.12,0.0,0.0,0.0,0.0,0.0,0.0,0.0,34.95,29.43,47.75,0.0,0.0,0.0,0.0,0.0,0.0,0.0,0.0,0.0,0.0,0.0,0.0,0.0,0.0,0.0,0.0,0.0,0.0,0.0,0.0,0.0,0.0,0.0,0.0,240.03,0.53,241.35,0.53,239.6,0.52,-0.856,50.0
2026-10-04T00:10:01.316657+00:00,0.0,-22.26,21.66,0.6,19.9,99.0,0.0,16.4,6.5,0.0,0.0,1188.85,66743.19,73584.12,0.0,0.0,0.0,0.0,0.0,0.0,0.0,34.95,29.43,47.75,0.0,0.0,0.0,0.0,0.0,0.0,0.0,0.0,0.0,0.0,0.0,0.0,0.0,0.0,0.0,0.0,0.0,0.0,0.0,0.0,0.0,0.0,0.0,0.0,239.92,0.58,242.03,0.57,239.69,0.58,-0.805,49.98
2026-10-04T00:15:02.071879+00:00,0.0,-22.33,21.93,0.4,19.9,100.0,0.0,16.3,7.3,0.0,0.0,1188.85,66743.19,73584.12,0.0,0.0,0.0,0.0,0.0,0.0,0.0,34.95,29.43,47.75,0.0,0.0,0.0,0.0,0.0,0.0,0.0,0.0,0.0,0.0,0.0,0.0,0.0,0.0,0.0,0.0,0.0,0.0,0.0,0.0,0.0,0.0,0.0,0.0,240.1,0.57,241.75,0.56,239.89,0.56,-0.618,50.1
2026-10-04T00:20:02.080380+00:00,0.0,-24.59,24.19,0.2,19.9,100.0,0.0,16.3,7.3,0.0,0.0,1188.85,66743.19,73584.12,0.0,0.0,0.0,0.0,0.0,0.0,0.0,34.95,29.43,47.75,0.0,0.0,0.0,0.0,0.0,0.0,0.0,0.0,0.0,0.0,0.0,0.0,0.0,0.0,0.0,0.0,0.0,0.0,0.0,0.0,0.0,0.0,0.0,0.0,239.67,0.53,241.5,0.54,239.46,0.54,-0.784,49.96
2026-10-04T00:25:01.922882+00:00,0.0,-20.6,20.2,0.4,19.9,100.0,0.0,16.3,7.3,0.0,0.0,1188.85,66743.19,73584.12,0.0,0.0,0.0,0.0,0.0,0.0,0.0,34.95,29.43,47.75,0.0,0.0,0.0,0.0,0.0,0.0,0.0,0.0,0.0,0.0,0.0,0.0,0.0,0.0,0.0,0.0,0.0,0.0,0.0,0.0,0.0,0.0,0.0,0.0,239.32,0.53,241.49,0.54,239.3,0.54,-0.635,49.93
2026-10-04T00:30:01.503585+00:00,0.0,-20.48,20.08,0.2,19.9,100.0,0.0,16.2,7.1,0.0,0.0,1188.85,66743.19,73584.12,0.0,0.0,0.0,0.0,0.0,0.0,0.0,34.95,29.43,47.75,0.0,0.0,0.0,0.0,0.0,0.0,0.0,0.0,0.0,0.0,0.0,0.0,0.0,0.0,0.0,0.0,0.0,0.0,0.0,0.0,0.0,0.0,0.0,0.0,239.61,0.57,241.18,0.58,238.81,0.58,-0.63,49.9
2026-10-04T00:35:01.845116+00:00,0.0,-20.97,20.37,0.4,19.9,100.0,0.0,16.2,7.1,0.0,0.0,1188.85,66743.19,73584.12,0.0,0.0,0.0,0.0,0.0,0.0,0.0,34.95,29.43,47.75,0.0,0.0,0.0,0.0,0.0,0.0,0.0,0.0,0.0,0.0,0.0,0.0,0.0,0.0,0.0,0.0,0.0,0.0,0.0,0.0,0.0,0.0,0.0,0.0,239.48,0.61,241.18,0.61,238.83,0.62,-0.882,49.86
2026-10-04T00:40:01.261127+00:00,0.0,-20.71,20.11,0.6,19.9,100.0,0.0,16.2,7.1,0.0,0.0,1188.85,66743.19,73584.12,0.0,0.0,0.0,0.0,0.0,0.0,0.0,34.95,29.43,47.75,0.0,0.0,0.0,0.0,0.0,0.0,0.0,0.0,0.0,0.0,0.0,0.0,0.0,0.0,0.0,0.0,0.0,0.0,0.0,0.0,0.0,0.0,0.0,0.0,240.06,0.6,241.01,0.6,239.19,0.6,-0.613,49.94
2026-10-04T00:45:01.956706+00:00,0.0,-22.35,21.75,0.4,19.9,100.0,0.0,16.1,6.7,0.0,0.0,1188.85,66743.19,73584.12,0.0,0.0,0.0,0.0,0.0,0.0,0.0,34.95,29.43,47.75,0.0,0.0,0.0,0.0,0.0,0.0,0.0,0.0,0.0,0.0,0.0,0.0,0.0,0.0,0.0,0.0,0.0,0.0,0.0,0.0,0.0,0.0,0.0,0.0,239.23,0.53,240.69,0.54,239.01,0.53,-0.67,49.97
2026-10-04T00:50:01.183255+00:00,0.0,-23.06,22.46,0.6,19.9,100.0,0.0,16.1,6.7,0.0,0.0,1188.85,66743.19,73584.12,0.0,0.0,0.0,0.0,0.0,0.0,0.01,34.95,29.43,47.75,0.0,0.0,0.0,0.0,0.0,0.0,0.0,0.0,0.0,0.0,0.0,0.0,0.0,0.0,0.0,0.0,0.0,0.0,0.0,0.0,0.0,0.0,0.0,0.0,240.41,0.58,241.34,0.6,239.26,0.58,-0.897,50.04
2026-10-04T00:55:01.582308+00:00,0.0,-20.83,20.23,0.4,19.9,100.0,0.0,16.1,6.7,0.0,0.0,1188.85,66743.19,73584.12,0.0,0.0,0.0,0.0,0.0,0.0,0.01,34.95,29.43,47.75,0.0,0.0,0.0,0.0,0.0,0.0,0.0,0.0,0.0,0.0,0.0,0.0,0.0,0.0,0.0,0.0,0.0,0.0,0.0,0.0,0.0,0.0,0.0,0.0,240.29,0.59,241.34,0.59,239.49,0.59,-0.453,49.99
2026-10-04T01:00:02.093758+00:00,0.0,-21.01,20.41,0.2,19.9,100.0,0.0,16.1,6.4,0.0,0.0,1188.85,66743.19,73584.12,0.0,0.0,0.0,0.0,0.0,0.0,0.01,34.95,29.43,47.75,0.0,0.0,0.0,0.0,0.0,0.0,0.0,0.0,0.0,0.0,0.0,0.0,0.0,0.0,0.0,0.0,0.0,0.0,0.0,0.0,0.0,0.0,0.0,0.0,240.32,0.56,241.49,0.57,239.18,0.55,-0.941,49.95
2026-10-04T01:05:01.881856+00:00,0.0,-21.12,20.52,0.2,19.9,100.0,0.0,16.1,6.4,0.0,0.0,1188.85,66743.19,73584.12,0.0,0.0,0.0,0.0,0.0,0.0,0.01,34.95,29.43,47.75,0.0,0.0,0.0,0.0,0.0,0.0,0.0,0.0,0.0,0.0,0.0,0.0,0.0,0.0,0.0,0.0,0.0,0.0,0.0,0.0,0.0,0.0,0.0,0.0,239.94,0.58,241.48,0.57,239.71,0.57,-0.819,50.02
2026-10-04T01:10:01.504336+00:00,0.0,-21.03,20.43,0.4,19.9,100.0,0.0,16.1,6.4,0.0,0.0,1188.85,66743.19,73584.12,0.0,0.0,0.0,0.0,0.0,0.0,0.01,34.95,29.43,47.75,0.0,0.0,0.0,0.0,0.0,0.0,0.0,0.0,0.0,0.0,0.0,0.0,0.0,0.0,0.0,0.0,0.0,0.0,0.0,0.0,0.0,0.0,0.0,0.0,240.42,0.59,241.66,0.58,239.25,0.58,-0.907,49.98
2026-10-04T01:15:01.173682+00:00,0.0,-21.03,20.63,0.2,19.9,100.0,0.0,16.1,6.2,0.0,0.0,1188.85,66743.19,73584.12,0.0,0.0,0.0,0.0,0.0,0.0,0.01,34.95,29.43,47.75,0.0,0.0,0.0,0.0,0.0,0.0,0.0,0.0,0.0,0.0,0.0,0.0,0.0,0.0,0.0,0.0,0.0,0.0,0.0,0.0,0.0,0.0,0.0,0.0,240.68,0.61,241.93,0.61,239.59,0.61,-0.429,50.04
2026-10-04T01:20:01.356397+00:00,0.0,-22.76,22.36,0.2,19.9,100.0,0.0,16.1,6.2,0.0,0.0,1188.85,66743.19,73584.12,0.0,0.0,0.0,0.0,0.0,0.0,0.01,34.95,29.43,47.75,0.0,0.0,0.0,0.0,0.0,0.0,0.0,0.0,0.0,0.0,0.0,0.0,0.0,0.0,0.0,0.0,0.0,0.0,0.0,0.0,0.0,0.0,0.0,0.0,240.04,0.55,241.3,0.55,239.06,0.55,-0.719,49.91
2026-10-04T01:25:01.592081+00:00,0.0,-20.85,20.45,0.4,19.9,100.0,0.0,16.1,6.2,0.0,0.0,1188.85,66743.19,73584.12,0.0,0.0,0.0,0.0,0.0,0.0,0.01,34.95,29.43,47.75,0.0,0.0,0.0,0.0,0.0,0.0,0.0,0.0,0.0,0.0,0.0,0.0,0.0,0.0,0.0,0.0,0.0,0.0,0.0,0.0,0.0,0.0,0.0,0.0,240.79,0.66,241.94,0.65,239.93,0.66,-0.583,50.08
2026-10-04T01:30:02.038550+00:00,0.0,-20.8,20.2,0.4,19.9,100.0,0.0,16.1,5.8,0.0,0.0,1188.85,66743.19,73584.12,0.0,0.0,0.0,0.0,0.0,0.0,0.01,34.95,29.43,47.75,0.0,0.0,0.0,0.0,0.0,0.0,0.0,0.0,0.0,0.0,0.0,0.0,0.0,0.0,0.0,0.0,0.0,0.0,0.0,0.0,0.0,0.0,0.0,0.0,240.44,0.6,241.8,0.6,239.74,0.6,-0.716,49.98
2026-10-04T01:35:02.035586+00:00,0.0,-20.55,19.95,0.6,19.9,100.0,0.0,16.1,5.8,0.0,0.0,1188.85,66743.19,73584.12,0.0,0.0,0.0,0.0,0.0,0.0,0.01,34.95,29.43,47.75,0.0,0.0,0.0,0.0,0.0,0.0,0.0,0.0,0.0,0.0,0.0,0.0,0.0,0.0,0.0,0.0,0.0,0.0,0.0,0.0,0.0,0.0,0.0,0.0,240.28,0.59,241.82,0.61,239.2,0.6,-0.667,49.97
2026-10-04T01:40:01.241303+00:00,0.0,-20.39,19.79,0.6,19.9,100.0,0.0,16.1,5.8,0.0,0.0,1188.85,66743.19,73584.12,0.0,0.0,0.0,0.0,0.0,0.0,0.01,34.95,29.43,47.75,0.0,0.0,0.0,0.0,0.0,0.0,0.0,0.0,0.0,0.0,0.0,0.0,0.0,0.0,0.0,0.0,0.0,0.0,0.0,0.0,0.0,0.0,0.0,0.0,240.27,0.53,241.68,0.54,239.84,0.53,-0.935,49.95
2026-10-04T01:45:01.647759+00:00,0.0,-20.39,19.99,0.4,19.9,100.0,0.0,16.1,5.6,0.0,0.0,1188.85,66743.19,73584.12,0.0,0.0,0.0,0.0,0.0,0.0,0.01,34.95,29.43,47.75,0.0,0.0,0.0,0.0,0.0,0.0,0.0,0.0,0.0,0.0,0.0,0.0,0.0,0.0,0.0,0.0,0.0,0.0,0.0,0.0,0.0,0.0,0.0,0.0,240.3,0.6,241.83,0.61,239.37,0.6,-0.745,49.97
2026-10-04T01:50:01.695751+00:00,0.0,-20.53,19.93,0.6,19.9,100.0,0.0,16.1,5.6,0.0,0.0,1188.85,66743.19,73584.12,0.0,0.0,0.0,0.0,0.0,0.0,0.01,34.95,29.43,47.75,0.0,0.0,0.0,0.0,0.0,0.0,0.0,0.0,0.0,0.0,0.0,0.0,0.0,0.0,0.0,0.0,0.0,0.0,0.0,0.0,0.0,0.0,0.0,0.0,240.38,0.8,242.45,0.8,239.68,0.81,-0.615,50.04
2026-10-04T01:55:01.439235+00:00,0.0,-22.22,21.62,0.4,19.9,100.0,0.0,16.1,5.6,0.0,0.0,1188.85,66743.19,73584.12,0.0,0.0,0.0,0.0,0.0,0.0,0.01,34.95,29.43,47.75,0.0,0.0,0.0,0.0,0.0,0.0,0.0,0.0,0.0,0.0,0.0,0.0,0.0,0.0,0.0,0.0,0.0,0.0,0.0,0.0,0.0,0.0,0.0,0.0,239.27,0.56,240.96,0.57,238.55,0.58,-0.864,49.9
2026-10-04T02:00:01.484433+00:00,0.0,-20.53,19.93,0.4,19.9,100.0,0.0,16.1,5.3,0.0,0.0,1188.85,66743.19,73584.12,0.0,0.0,0.0,0.0,0.0,0.0,0.01,34.95,29.43,47.75,0.0,0.0,0.0,0.0,0.0,0.0,0.0,0.0,0.0,0.0,0.0,0.0,0.0,0.0,0.0,0.0,0.0,0.0,0.0,0.0,0.0,0.0,0.0,0.0,240.66,0.59,241.53,0.6,239.54,0.62,-0.486,50.05
2026-10-04T02:05:01.924637+00:00,0.0,-22.27,21.67,0.4,19.9,100.0,0.0,16.1,5.3,0.0,0.0,1188.85,66743.19,73584.12,0.0,0.0,0.0,0.0,0.0,0.0,0.01,34.95,29.43,47.75,0.0,0.0,0.0,0.0,0.0,0.0,0.0,0.0,0.0,0.0,0.0,0.0,0.0,0.0,0.0,0.0,0.0,0.0,0.0,0.0,0.0,0.0,0.0,0.0,240.48,0.56,241.93,0.57,239.65,0.56,-0.83,50.06
2026-10-04T02:10:02.076951+00:00,0.0,-20.51,20.11,0.4,19.9,100.0,0.0,16.1,5.3,0.0,0.0,1188.85,66743.19,73584.12,0.0,0.0,0.0,0.0,0.0,0.0,0.01,34.95,29.43,47.75,0.0,0.0,0.0,0.0,0.0,0.0,0.0,0.0,0.0,0.0,0.0,0.0,0.0,0.0,0.0,0.0,0.0,0.0,0.0,0.0,0.0,0.0,0.0,0.0,239.23,0.59,240.78,0.59,238.65,0.6,-0.928,49.84
2026-10-04T02:15:01.868571+00:00,0.0,-24.43,24.03,0.2,19.9,99.0,0.0,16.0,4.9,0.0,0.0,1188.85,66743.19,73584.12,0.0,0.0,0.0,0.0,0.0,0.0,0.01,34.95,29.43,47.75,0.0,0.0,0.0,0.0,0.0,0.0,0.0,0.0,0.0,0.0,0.0,0.0,0.0,0.0,0.0,0.0,0.0,0.0,0.0,0.0,0.0,0.0,0.0,0.0,239.24,0.57,240.82,0.57,238.56,0.58,-0.971,49.81
2026-10-04T02:20:01.231345+00:00,0.0,-24.22,23.62,0.6,19.9,99.0,0.0,16.0,4.9,0.0,0.0,1188.85,66743.19,73584.12,0.0,0.0,0.0,0.0,0.0,0.0,0.01,34.95,29.43,47.75,0.0,0.0,0.0,0.0,0.0,0.0,0.0,0.0,0.0,0.0,0.0,0.0,0.0,0.0,0.0,0.0,0.0,0.0,0.0,0.0,0.0,0.0,0.0,0.0,239.93,0.56,240.99,0.56,238.82,0.56,-0.699,50.02
2026-10-04T02:25:01.682211+00:00,0.0,-21.73,21.13,0.6,19.9,99.0,0.0,16.0,4.9,0.0,0.0,1188.85,66743.19,73584.12,0.0,0.0,0.0,0.0,0.0,0.0,0.01,34.95,29.43,47.75,0.0,0.0,0.0,0.0,0.0,0.0,0.0,0.0,0.0,0.0,0.0,0.0,0.0,0.0,0.0,0.0,0.0,0.0,0.0,0.0,0.0,0.0,0.0,0.0,239.06,0.62,240.32,0.63,238.31,0.64,-0.766,49.86
2026-10-04T02:30:01.679988+00:00,0.0,-21.76,21.36,0.2,19.9,96.0,0.0,16.0,4.5,0.0,0.0,1188.85,66743.19,73584.12,0.0,0.0,0.0,0.0,0.0,0.0,0.01,34.95,29.43,47.75,0.0,0.0,0.0,0.0,0.0,0.0,0.0,0.0,0.0,0.0,0.0,0.0,0.0,0.0,0.0,0.0,0.0,0.0,0.0,0.0,0.0,0.0,0.0,0.0,239.34,0.61,240.94,0.61,239.04,0.62,-0.832,49.93
2026-10-04T02:35:01.908533+00:00,0.0,-20.37,19.97,0.2,19.9,96.0,0.0,16.0,4.5,0.0,0.0,1188.85,66743.19,73584.12,0.0,0.0,0.0,0.0,0.0,0.0,0.01,34.95,29.43,47.75,0.0,0.0,0.0,0.0,0.0,0.0,0.0,0.0,0.0,0.0,0.0,0.0,0.0,0.0,0.0,0.0,0.0,0.0,0.0,0.0,0.0,0.0,0.0,0.0,239.09,0.57,240.54,0.56,238.93,0.56,-0.786,49.85
2026-10-04T02:40:01.238985+00:00,0.0,-20.34,19.94,0.4,19.9,96.0,0.0,16.0,4.5,0.0,0.0,1188.85,66743.19,73584.12,0.0,0.0,0.0,0.0,0.0,0.0,0.01,34.95,29.43,47.75,0.0,0.0,0.0,0.0,0.0,0.0,0.0,0.0,0.0,0.0,0.0,0.0,0.0,0.0,0.0,0.0,0.0,0.0,0.0,0.0,0.0,0.0,0.0,0.0,240.55,0.56,241.95,0.57,239.97,0.58,-0.822,50.03
2026-10-04T02:45:01.417558+00:00,0.0,-20.45,20.05,0.4,19.9,94.0,0.0,15.9,4.0,0.0,0.0,1188.85,66743.19,73584.12,0.0,0.0,0.0,0.0,0.0,0.0,0.01,34.95,29.43,47.75,0.0,0.0,0.0,0.0,0.0,0.0,0.0,0.0,0.0,0.0,0.0,0.0,0.0,0.0,0.0,0.0,0.0,0.0,0.0,0.0,0.0,0.0,0.0,0.0,239.79,0.51,241.58,0.52,239.87,0.52,-0.911,50.07
2026-10-04T02:50:02.100269+00:00,0.0,-20.56,20.16,0.4,19.9,94.0,0.0,15.9,4.0,0.0,0.0,1188.85,66743.19,73584.12,0.0,0.0,0.0,0.0,0.0,0.0,0.01,34.95,29.43,47.75,0.0,0.0,0.0,0.0,0.0,0.0,0.0,0.0,0.0,0.0,0.0,0.0,0.0,0.0,0.0,0.0,0.0,0.0,0.0,0.0,0.0,0.0,0.0,0.0,239.45,0.57,241.5,0.56,239.77,0.56,-0.76,49.98
2026-10-04T02:55:01.345661+00:00,0.0,-20.42,20.02,0.4,19.9,94.0,0.0,15.9,4.0,0.0,0.0,1188.85,66743.19,73584.12,0.0,0.0,0.0,0.0,0.0,0.0,0.01,34.95,29.43,47.75,0.0,0.0,0.0,0.0,0.0,0.0,0.0,0.0,0.0,0.0,0.0,0.0,0.0,0.0,0.0,0.0,0.0,0.0,0.0,0.0,0.0,0.0,0.0,0.0,239.51,0.52,241.38,0.53,239.54,0.53,-0.964,49.94
2026-10-04T03:00:01.420809+00:00,0.0,-22.04,21.64,0.2,19.9,92.0,0.0,15.9,3.8,0.0,0.0,1188.85,66743.19,73584.12,0.0,0.0,0.0,0.0,0.0,0.0,0.01,34.95,29.43,47.75,0.0,0.0,0.0,0.0,0.0,0.0,0.0,0.0,0.0,0.0,0.0,0.0,0.0,0.0,0.0,0.0,0.0,0.0,0.0,0.0,0.0,0.0,0.0,0.0,238.88,0.59,240.81,0.58,238.82,0.59,-0.735,49.9
2026-10-04T03:05:01.213501+00:00,0.0,-22.19,21.59,0.4,19.9,92.0,0.0,15.9,3.8,0.0,0.0,1188.85,66743.19,73584.12,0.0,0.0,0.0,0.0,0.0,0.0,0.01,34.95,29.43,47.75,0.0,0.0,0.0,0.0,0.0,0.0,0.0,0.0,0.0,0.0,0.0,0.0,0.0,0.0,0.0,0.0,0.0,0.0,0.0,0.0,0.0,0.0,0.0,0.0,239.04,0.56,240.7,0.57,238.5,0.57,-0.722,49.82
2026-10-04T03:10:01.543085+00:00,0.0,-20.44,19.84,0.2,19.9,92.0,0.0,15.9,3.8,0.0,0.0,1188.85,66743.19,73584.12,0.0,0.0,0.0,0.0,0.0,0.0,0.01,34.95,29.43,47.75,0.0,0.0,0.0,0.0,0.0,0.0,0.0,0.0,0.0,0.0,0.0,0.0,0.0,0.0,0.0,0.0,0.0,0.0,0.0,0.0,0.0,0.0,0.0,0.0,240.9,0.73,242.17,0.73,240.14,0.74,-0.987,50.03
2026-10-04T03:15:01.461506+00:00,0.0,-20.41,19.81,0.4,19.9,91.0,0.0,15.9,3.6,0.0,0.0,1188.85,66743.19,73584.12,0.0,0.0,0.0,0.0,0.0,0.0,0.01,34.95,29.43,47.75,193.5,0.01,189.4,0.01,190.1,0.0,0.0,0.0,196.1,0.0,0.0,0.0,189.5,0.01,189.4,0.0,200.1,0.0,184.7,0.0,197.3,0.0,0.0,0.0,240.33,0.54,241.99,0.56,239.5,0.55,-0.552,49.93
2026-10-04T03:20:01.399889+00:00,0.0,-21.98,21.38,0.0,19.9,91.0,0.0,15.9,3.6,0.0,0.0,1188.85,66743.19,73584.12,0.0,0.0,0.0,0.0,0.0,0.0,0.01,34.95,29.43,47.75,202.5,0.03,171.3,0.01,191.4,0.03,0.0,0.0,224.6,0.0,0.0,0.0,174.1,0.02,176.3,0.04,216.0,0.02,204.8,0.02,199.1,0.02,0.0,0.0,241.9,0.94,243.6,0.93,240.67,0.95,-0.547,50.09
2026-10-04T03:25:01.648347+00:00,0.0,-20.57,20.17,0.0,19.9,91.0,0.0,15.9,3.6,0.0,0.0,1188.85,66743.19,73584.12,0.0,0.0,0.0,0.0,0.0,0.0,0.01,34.95,29.43,47.75,215.1,0.04,169.6,0.05,178.5,0.07,0.0,0.0,220.5,-0.02,0.0,0.0,189.2,0.05,171.4,0.09,198.7,0.04,238.4,0.05,208.7,0.04,0.0,0.0,240.76,0.59,242.39,0.6,239.93,0.61,-0.877,49.96
2026-10-04T03:30:01.312212+00:00,0.0,-20.62,20.22,0.2,19.9,89.0,0.0,15.9,3.6,0.0,0.0,1188.85,66743.19,73584.12,0.0,0.0,0.0,0.0,0.0,0.0,0.01,34.95,29.43,47.75,186.4,-0.01,169.0,0.0,201.1,0.04,0.0,0.0,239.1,-0.05,0.0,0.0,254.8,0.12,176.9,0.04,183.0,-0.03,264.7,0.1,243.8,0.12,0.0,0.0,240.71,0.57,242.12,0.58,239.82,0.58,-0.913,50.02
2026-10-04T03:35:01.885682+00:00,0.0,-21.99,21.99,0.0,19.9,89.0,0.0,15.9,3.6,0.0,0.0,1188.85,66743.19,73584.12,0.0,0.0,0.0,0.0,0.0,0.0,0.01,34.95,29.43,47.75,193.3,0.04,196.7,-0.01,233.2,0.04,0.0,0.0,368.5,-0.04,0.0,0.0,286.6,0.14,236.3,0.07,202.9,0.0,325.1,0.12,290.0,0.15,0.0,0.0,240.17,0.59,241.38,0.61,239.16,0.61,-0.342,49.85
2026-10-04T03:40:01.931550+00:00,0.0,-22.04,22.04,0.0,19.9,89.0,0.0,15.9,3.6,0.0,0.0,1188.85,66743.19,73584.12,0.0,0.0,0.0,0.0,0.0,0.0,0.01,34.95,29.43,47.75,204.1,0.09,245.1,0.0,307.4,0.09,0.0,0.0,476.6,-0.04,0.0,0.0,305.4,0.1,421.1,0.14,249.4,0.0,403.9,0.1,321.9,0.14,0.0,0.0,240.43,0.49,241.7,0.51,238.85,0.5,-0.357,49.93
2026-10-04T03:45:01.627827+00:00,0.0,-20.26,20.26,0.0,19.9,88.0,0.0,16.0,3.6,0.0,0.0,1188.85,66743.19,73584.12,0.0,0.0,0.0,0.0,0.0,0.0,0.01,34.95,29.43,47.75,288.2,0.17,326.9,0.04,370.0,0.08,0.0,0.0,470.4,0.15,0.0,0.0,377.0,0.09,458.7,0.08,307.1,0.13,507.0,0.07,362.5,0.1,0.0,0.0,240.19,0.56,241.94,0.58,238.83,0.57,-0.518,49.9
2026-10-04T03:50:01.657849+00:00,0.7,-24.78,25.48,0.0,19.9,88.0,0.0,16.0,3.6,0.0,0.0,1188.85,66743.19,73584.12,0.0,0.0,0.0,0.0,0.0,0.0,0.01,34.95,29.43,47.75,378.6,0.24,420.5,0.12,441.2,0.13,0.0,0.0,449.4,0.26,0.0,0.0,421.8,0.14,450.2,0.13,414.0,0.23,471.3,0.13,432.8,0.15,0.0,0.0,239.91,0.63,241.74,0.65,238.54,0.65,0.733,49.95
2026-10-04T03:55:01.727578+00:00,0.9,-19.22,20.12,0.0,19.9,88.0,0.0,16.0,3.6,0.0,0.03,1188.88,66743.22,73584.15,0.0,0.0,0.0,0.23,0.24,0.26,0.02,34.95,29.43,47.75,449.4,0.31,464.6,0.27,476.7,0.27,0.0,0.0,449.2,0.28,0.0,0.0,486.5,0.28,476.8,0.3,481.2,0.29,481.9,0.27,466.2,0.29,0.0,0.0,241.41,0.62,243.19,0.63,240.58,0.64,0.937,50.18
2026-10-04T04:00:01.996728+00:00,1.2,-20.64,21.84,0.0,19.9,86.0,7.0,16.1,3.8,0.0,0.1,1188.95,66743.29,73584.22,0.0,0.0,0.0,0.3,0.3,0.33,0.02,34.95,29.43,47.75,468.0,0.33,490.0,0.36,488.7,0.4,0.0,0.0,491.4,0.28,0.0,0.0,518.7,0.38,483.1,0.44,481.3,0.33,484.5,0.38,486.3,0.42,0.0,0.0,241.58,0.66,242.91,0.65,240.75,0.66,0.968,50.12
2026-10-04T04:05:01.445832+00:00,2.1,-17.83,19.93,0.0,19.9,86.0,7.0,16.1,3.8,0.0,0.18,1189.03,66743.37,73584.3,0.0,0.0,0.0,0.37,0.41,0.39,0.02,34.95,29.43,47.75,488.3,0.35,492.0,0.36,493.2,0.4,0.0,0.0,486.4,0.36,0.0,0.0,523.9,0.39,492.5,0.43,484.5,0.35,487.9,0.38,506.6,0.42,0.0,0.0,241.19,0.79,242.18,0.79,240.15,0.8,0.968,50.05
2026-10-04T04:10:01.646483+00:00,3.6,-22.09,25.69,0.0,19.9,86.0,7.0,16.1,3.8,0.0,0.33,1189.18,66743.52,73584.45,0.0,0.0,0.0,0.66,0.68,0.71,0.02,34.95,29.43,47.75,496.3,0.64,493.8,0.55,490.6,0.55,0.0,0.0,496.1,0.63,0.0,0.0,496.4,0.57,503.9,0.56,501.4,0.63,492.3,0.58,504.6,0.57,0.0,0.0,240.09,1.05,241.58,1.06,239.28,1.07,0.988,49.84
2026-10-04T04:15:02.024800+00:00,6.8,-12.83,19.63,0.0,19.9,83.0,7.0,16.4,4.2,0.0,0.56,1189.41,66743.75,73584.68,0.0,0.0,0.0,1.22,1.18,1.31,0.02,34.95,29.43,47.75,499.3,0.8,508.0,0.74,497.9,0.79,0.0,0.0,503.0,0.77,0.0,0.0,506.7,0.77,505.2,0.79,506.4,0.82,501.1,0.79,510.8,0.83,0.0,0.0,239.91,1.75,241.69,1.75,239.3,1.77,0.991,50.07
2026-10-04T04:20:01.650512+00:00,8.3,-11.41,19.71,0.0,19.9,83.0,7.0,16.4,4.2,0.0,1.01,1189.86,66744.2,73585.13,0.0,0.0,0.0,2.17,2.24,2.46,0.02,34.95,29.43,47.75,515.0,1.38,530.5,1.19,520.3,1.29,0.0,0.0,517.5,1.36,0.0,0.0,516.1,1.29,513.3,1.26,513.8,1.47,520.2,1.31,515.8,1.42,0.0,0.0,239.2,3.11,241.03,3.1,238.26,3.13,0.996,49.91
2026-10-04T04:25:01.364742+00:00,8.9,-10.1,19.0,0.0,19.9,83.0,7.0,16.4,4.2,0.0,1.63,1190.48,66744.82,73585.75,0.0,0.0,0.0,2.62,2.67,2.94,0.02,34.95,29.43,47.75,518.3,1.83,543.4,1.46,523.1,1.71,0.0,0.0,518.5,1.83,0.0,0.0,522.9,1.65,518.0,1.64,518.8,1.98,517.9,1.76,528.1,1.9,0.0,0.0,238.76,3.95,240.13,3.16,237.58,3.98,1.0,49.84
2026-10-04T04:30:01.951818+00:00,8.3,-11.35,19.65,0.0,19.9,81.0,7.0,16.8,4.7,0.0,2.35,1191.2,66745.54,73586.47,0.0,0.0,0.0,2.84,2.97,3.07,0.02,34.95,29.43,47.75,521.8,2.11,541.2,1.74,525.0,1.96,0.0,0.0,520.5,2.07,0.0,0.0,522.4,1.93,522.3,1.9,520.0,2.24,525.1,1.99,527.5,2.16,0.0,0.0,239.1,4.96,240.72,2.16,238.46,4.99,0.998,50.15
2026-10-04T04:35:01.258060+00:00,7.7,-15.94,23.64,0.0,19.9,81.0,7.0,16.8,4.7,0.0,3.05,1191.9,66746.24,73587.17,0.0,0.0,0.0,2.68,2.79,2.82,0.02,34.95,29.43,47.75,521.9,2.08,535.9,1.86,523.1,1.92,0.0,0.0,520.9,2.05,0.0,0.0,518.6,1.99,518.3,1.96,516.0,2.18,528.7,1.93,521.0,2.1,0.0,0.0,238.28,4.16,240.23,3.12,237.61,4.18,0.996,50.02
2026-10-04T04:40:01.716914+00:00,9.0,-15.59,24.59,0.0,19.9,81.0,7.0,16.8,4.7,0.0,3.76,1192.61,66746.95,73587.88,0.0,0.0,0.0,2.45,2.55,2.6,0.02,34.95,29.44,47.75,520.3,2.09,531.9,1.85,521.3,1.93,0.0,0.0,519.8,2.05,0.0,0.0,518.4,1.99,517.4,1.96,517.7,2.16,519.8,1.97,519.6,2.09,0.0,0.0,238.09,3.5,240.07,3.48,237.42,3.52,0.994,50.08
2026-10-04T04:45:01.236504+00:00,6.2,-14.33,20.53,0.0,19.9,77.0,7.0,17.2,5.2,0.0,4.44,1193.29,66747.63,73588.56,0.0,0.0,0.0,2.89,2.94,3.06,0.02,34.95,29.44,47.75,519.7,2.0,532.6,1.76,519.4,1.86,0.0,0.0,521.1,1.96,0.0,0.0,519.3,1.88,514.5,1.87,515.0,2.08,518.9,1.9,519.4,2.0,0.0,0.0,238.01,4.1,239.46,4.09,237.07,4.12,0.998,50.02
2026-10-04T04:50:01.610792+00:00,6.2,-12.67,18.87,0.0,19.9,77.0,7.0,17.2,5.2,0.0,5.07,1193.92,66748.26,73589.19,0.0,0.0,0.0,1.98,2.06,2.05,0.02,34.95,29.44,47.75,516.2,1.87,528.1,1.69,519.2,1.76,0.0,0.0,517.1,1.86,0.0,0.0,515.0,1.81,511.1,1.8,514.7,1.94,515.1,1.82,513.3,1.92,0.0,0.0,238.04,2.83,239.53,2.83,237.09,2.85,0.996,50.07
2026-10-04T04:55:02.065228+00:00,10.3,-8.75,19.05,0.0,19.9,77.0,7.0,17.2,5.2,0.0,5.57,1194.42,66748.76,73589.69,0.0,0.0,0.0,2.01,2.11,2.12,0.02,34.96,29.44,47.75,510.9,1.49,516.1,1.44,518.3,1.42,0.0,0.0,514.7,1.44,0.0,0.0,509.7,1.53,509.9,1.51,517.2,1.5,521.9,1.45,512.4,1.56,0.0,0.0,237.25,2.91,238.6,2.91,236.15,2.94,0.969,49.94
2026-10-04T05:00:02.148019+00:00,15.5,-11.35,26.65,0.2,19.9,74.0,102.0,17.7,5.5,0.0,6.25,1195.1,66749.44,73590.37,0.0,0.0,0.0,3.33,3.41,3.63,0.02,34.96,29.44,47.75,515.7,2.0,529.1,1.78,520.7,1.87,0.0,0.0,520.0,1.97,0.0,0.0,516.6,1.93,517.2,1.9,516.6,2.06,519.0,1.94,517.4,2.04,0.0,0.0,237.5,7.13,239.06,0.53,236.74,7.16,-1.0,50.1
2026-10-04T05:05:02.091718+00:00,16.1,-19.18,19.08,16.2,21.0,74.0,102.0,17.7,5.5,0.0,7.26,1196.11,66750.45,73591.38,0.0,0.0,0.0,1.2,5.0,0.04,0.02,34.96,29.44,47.75,523.1,2.92,548.1,2.31,525.1,2.78,0.0,0.0,523.8,2.89,0.0,0.0,533.4,2.58,531.6,2.56,520.3,3.12,525.7,2.84,524.3,3.09,0.0,0.0,238.97,20.88,238.4,1.61,236.2,1.35,-0.98,50.16
2026-10-04T05:10:01.181898+00:00,14.9,-21.17,21.17,14.9,22.1,74.0,102.0,17.7,5.5,0.0,8.59,1197.44,66751.78,73592.71,0.0,0.0,0.0,4.86,4.89,5.76,0.02,34.96,29.44,47.75,526.3,3.84,560.3,2.66,530.8,3.66,0.0,0.0,526.0,3.77,0.0,0.0,553.3,2.97,552.1,2.94,526.7,4.16,529.5,3.71,529.8,4.14,0.0,0.0,235.97,1.04,238.09,1.06,235.34,1.06,-0.992,50.1
2026-10-04T05:15:01.802466+00:00,17.2,-22.33,22.33,17.2,23.2,71.0,102.0,18.2,5.6,0.0,9.87,1198.72,66753.06,73593.99,0.0,0.0,0.0,4.59,4.67,5.12,0.02,34.96,29.44,47.76,525.8,3.72,556.1,2.71,526.9,3.58,0.0,0.0,525.3,3.64,0.0,0.0,547.4,3.03,546.2,3.0,524.0,3.99,524.9,3.63,524.9,4.01,0.0,0.0,235.07,1.04,237.6,1.04,233.98,1.06,-0.983,50.08
2026-10-04T05:20:01.554878+00:00,14.3,-23.94,23.94,14.3,24.3,71.0,102.0,18.2,5.6,0.0,11.29,1200.14,66754.48,73595.41,0.0,0.0,0.0,5.34,5.26,6.04,0.02,34.96,29.44,47.76,524.9,4.07,531.6,3.14,525.4,3.94,0.0,0.0,522.3,3.99,0.0,0.0,546.7,3.31,547.9,3.22,524.1,4.39,523.9,3.99,525.4,4.4,0.0,0.0,239.16,0.99,240.99,1.0,238.03,0.99,-0.774,49.93
2026-10-04T05:25:01.606804+00:00,11.2,-25.2,25.2,11.2,25.1,71.0,102.0,18.2,5.6,0.0,12.55,1201.4,66755.74,73596.67,0.0,0.0,0.0,4.38,4.41,4.96,0.02,34.96,29.44,47.76,520.7,3.61,539.5,2.81,524.8,3.48,0.0,0.0,517.4,3.56,0.0,0.0,534.4,3.18,536.3,3.1,517.7,3.9,523.5,3.51,521.6,3.89,0.0,0.0,238.24,0.89,240.36,0.9,237.17,0.91,-0.927,49.94
2026-10-04T05:30:01.971258+00:00,10.6,-18.52,18.52,10.6,25.8,68.0,102.0,18.7,6.2,0.0,13.55,1202.4,66756.74,73597.67,0.0,0.0,0.0,3.37,3.53,3.73,0.02,34.96,29.44,47.76,516.7,2.91,539.2,2.32,517.2,2.81,0.0,0.0,512.4,2.88,0.0,0.0,515.7,2.73,520.0,2.67,513.5,3.09,515.2,2.85,517.3,3.07,0.0,0.0,238.34,0.75,240.21,0.78,236.84,0.77,-0.856,50.01
2026-10-04T05:35:01.651686+00:00,16.2,-18.74,18.74,16.2,26.7,68.0,102.0,18.7,6.2,0.0,14.46,1203.31,66757.65,73598.58,0.0,0.0,0.0,3.19,3.29,3.53,0.02,34.96,29.44,47.76,515.6,2.63,538.6,2.1,514.6,2.54,0.0,0.0,512.8,2.61,0.0,0.0,517.1,2.52,512.1,2.51,510.0,2.82,513.9,2.57,515.9,2.78,0.0,0.0,238.45,0.73,240.47,0.73,237.14,0.74,-0.865,50.06
2026-10-04T05:40:01.997152+00:00,16.7,-18.66,18.56,16.8,27.6,68.0,102.0,18.7,6.2,0.0,15.53,1204.38,66758.72,73599.65,0.0,0.0,0.0,4.92,5.12,5.71,0.02,34.96,29.44,47.76,518.5,3.11,543.7,2.29,516.1,3.03,0.0,0.0,518.1,3.05,0.0,0.0,518.2,2.89,517.6,2.86,515.0,3.34,520.3,3.04,517.0,3.34,0.0,0.0,238.19,1.12,239.99,1.12,236.54,1.13,-0.961,50.0
2026-10-04T05:45:02.118292+00:00,28.1,-22.19,22.09,28.2,29.3,64.0,102.0,19.3,7.6,0.0,16.67,1205.52,66759.86,73600.79,0.0,0.0,0.0,4.97,5.29,5.82,0.02,34.96,29.44,47.76,520.3,3.26,544.8,2.41,518.0,3.18,0.0,0.0,520.3,3.2,0.0,0.0,516.4,3.08,518.5,3.02,517.9,3.51,517.5,3.2,518.2,3.51,0.0,0.0,241.19,1.2,242.89,1.2,239.68,1.21,-0.997,50.09
2026-10-04T05:50:01.582128+00:00,25.9,-23.34,23.44,25.8,31.1,64.0,102.0,19.3,7.6,0.0,18.85,1207.7,66762.04,73602.97,0.0,0.0,0.0,8.6,8.84,10.0,0.02,34.96,29.44,47.76,523.9,6.1,552.8,3.93,520.5,6.01,0.0,0.0,522.4,5.99,0.0,0.0,523.8,5.6,528.3,5.47,523.3,6.71,519.4,6.07,525.4,6.73,0.0,0.0,240.77,2.0,242.66,2.0,239.94,2.02,-0.994,50.05
2026-10-04T05:55:01.629616+00:00,14.7,-20.46,20.36,14.8,32.3,64.0,102.0,19.3,7.6,0.0,20.98,1209.83,66764.17,73605.1,0.0,0.0,0.0,7.55,8.23,9.37,0.02,34.96,29.44,47.76,516.3,6.18,549.2,3.85,515.4,6.07,0.0,0.0,520.0,5.85,0.0,0.0,522.8,5.51,523.6,5.44,518.1,6.6,518.5,6.07,521.1,6.6,0.0,0.0,240.08,1.75,242.06,1.75,239.04,1.76,-0.869,49.93
2026-10-04T06:00:01.784967+00:00,25.6,-14.35,14.35,25.6,33.6,59.0,282.0,19.8,8.7,0.0,22.56,1211.41,66765.75,73606.68,0.0,0.0,0.0,4.22,4.73,5.19,0.02,34.96,29.44,47.76,513.2,4.53,541.1,2.89,512.6,4.46,0.0,0.0,517.3,4.48,0.0,0.0,517.1,4.21,518.0,4.13,514.0,4.98,515.2,4.45,516.3,5.02,0.0,0.0,240.44,1.35,242.83,1.35,239.47,1.36,-0.997,50.07
2026-10-04T06:05:01.678477+00:00,32.2,-20.78,20.78,32.2,35.4,59.0,282.0,19.8,8.7,0.0,24.07,1212.92,66767.26,73608.19,0.0,0.0,0.0,7.46,8.12,9.09,0.02,34.96,29.44,47.76,517.8,4.44,542.5,2.69,512.5,4.36,0.0,0.0,514.9,4.13,0.0,0.0,514.8,3.96,518.1,3.91,512.7,4.71,514.8,4.41,515.3,4.7,0.0,0.0,240.44,2.11,241.85,2.12,238.84,2.13,-0.992,49.93
2026-10-04T06:10:01.991456+00:00,32.7,-16.75,16.75,32.7,37.6,59.0,282.0,19.8,8.7,0.0,26.39,1215.24,66769.58,73610.51,0.0,0.0,0.0,9.46,10.24,11.56,0.02,34.96,29.44,47.77,520.9,6.63,550.0,3.81,514.8,6.55,0.0,0.0,521.4,6.36,0.0,0.0,521.9,6.05,524.0,5.95,516.8,7.22,517.8,6.59,519.9,7.24,0.0,0.0,240.34,2.47,242.27,2.47,239.08,2.5,-0.963,50.0
2026-10-04T06:15:01.739986+00:00,34.1,-18.36,18.36,34.1,39.7,52.0,282.0,20.2,9.7,0.0,29.01,1217.86,66772.2,73613.13,0.0,0.0,0.0,9.62,10.44,11.72,0.02,34.97,29.45,47.77,516.1,7.57,546.3,4.32,513.4,7.42,0.0,0.0,518.9,7.18,0.0,0.0,518.3,6.89,522.0,6.76,515.1,8.12,512.0,7.52,516.8,8.17,0.0,0.0,239.72,2.53,241.88,2.52,238.49,2.55,-0.996,49.89
2026-10-04T06:20:01.208335+00:00,34.0,-25.38,25.58,33.8,41.9,52.0,282.0,20.2,9.7,0.0,31.72,1220.57,66774.91,73615.84,0.0,0.0,0.0,10.06,10.99,12.18,0.02,34.97,29.45,47.77,514.6,7.85,545.1,4.51,509.9,7.7,0.0,0.0,515.7,7.43,0.0,0.0,515.2,7.18,517.8,7.06,512.1,8.37,509.1,7.81,514.4,8.41,0.0,0.0,240.15,2.55,242.12,2.54,238.93,2.57,-0.99,50.06
2026-10-04T06:25:01.357341+00:00,34.8,-17.54,17.54,34.8,44.2,52.0,282.0,20.2,9.7,0.0,34.43,1223.28,66777.62,73618.55,0.0,0.0,0.0,10.06,10.81,11.98,0.02,34.97,29.45,47.77,510.4,7.9,542.8,4.62,506.6,7.71,0.0,0.0,513.1,7.43,0.0,0.0,507.8,7.28,515.2,7.11,509.4,8.33,507.4,7.8,509.9,8.38,0.0,0.0,239.58,2.5,241.68,2.49,238.82,2.52,-0.987,50.1
2026-10-04T06:30:02.070772+00:00,37.3,-18.58,18.58,37.3,46.4,44.0,282.0,20.6,10.5,0.0,37.25,1226.1,66780.44,73621.37,0.0,0.0,0.0,10.17,11.4,12.5,0.02,34.97,29.45,47.77,507.0,8.27,537.4,4.87,503.2,8.07,0.0,0.0,509.1,7.82,0.0,0.0,511.9,7.58,513.2,7.48,504.7,8.75,504.7,8.15,508.7,8.75,0.0,0.0,240.11,3.01,241.85,3.0,238.83,3.03,-0.995,50.04
2026-10-04T06:35:01.150492+00:00,34.9,-20.36,20.46,34.8,48.8,67.0,282.0,21.5,6.7,0.0,40.07,1228.92,66783.26,73624.19,0.0,0.0,0.0,11.06,12.09,13.26,0.02,34.97,29.45,47.78,508.2,8.27,535.2,4.88,501.1,8.1,0.0,0.0,512.2,7.84,0.0,0.0,508.5,7.71,511.1,7.58,507.9,8.72,502.0,8.21,503.1,8.88,0.0,0.0,239.75,2.79,241.58,2.78,238.62,2.81,-0.989,50.02
2026-10-04T06:40:01.823122+00:00,32.5,-22.26,22.36,32.4,50.6,67.0,297.0,21.5,6.7,0.1,43.02,1231.87,66786.21,73627.14,0.0,0.0,0.0,10.95,10.77,12.09,0.02,34.97,29.45,47.78,502.7,8.75,533.7,5.09,501.9,8.5,0.0,0.0,506.5,8.19,0.0,0.0,504.9,8.05,506.4,7.93,501.5,9.12,496.1,8.67,501.1,9.19,0.0,0.0,238.9,3.0,241.14,2.98,238.34,3.01,-0.961,49.97
2026-10-04T06:45:01.453992+00:00,31.8,-30.1,29.5,32.4,53.0,81.0,297.0,21.7,9.0,0.1,45.35,1234.2,66788.54,73629.47,0.0,0.0,0.0,9.67,10.31,11.92,0.02,34.97,29.45,47.78,495.1,6.74,524.3,4.41,491.1,6.68,0.0,0.0,517.1,6.65,0.0,0.0,510.3,6.46,510.4,6.31,504.3,7.21,499.6,6.59,491.5,7.45,0.0,0.0,239.44,2.35,242.1,2.33,238.33,2.36,-0.991,50.11
2026-10-04T06:50:01.637464+00:00,23.6,-28.39,28.29,23.7,54.8,81.0,297.0,21.7,9.0,0.1,48.32,1237.17,66791.51,73632.44,0.0,0.0,0.0,9.38,10.42,11.71,0.02,34.98,29.45,47.78,496.4,8.85,530.3,5.88,499.3,8.7,0.0,0.0,513.2,7.85,0.0,0.0,507.5,8.23,505.6,8.2,496.7,8.93,498.3,8.74,503.5,8.75,0.0,0.0,238.38,0.73,241.27,0.72,237.65,0.74,-0.947,49.86
2026-10-04T06:55:01.190162+00:00,45.0,-20.31,20.31,45.0,57.3,81.0,297.0,21.7,9.0,0.1,50.56,1239.41,66793.75,73634.68,0.0,0.0,0.0,7.15,7.78,8.27,0.02,34.98,29.45,47.78,499.3,6.74,522.6,4.76,496.1,6.55,0.0,0.0,502.1,6.19,0.0,0.0,503.6,6.23,503.9,6.2,495.1,6.9,498.0,6.62,505.1,6.74,0.0,0.0,238.81,1.34,241.27,1.35,237.63,1.35,-0.983,50.04
2026-10-04T07:00:01.332410+00:00,44.0,-17.9,17.9,44.0,60.2,91.0,471.0,21.9,10.9,0.1,53.79,1242.64,66796.98,73637.91,0.0,0.0,0.0,13.55,14.74,15.61,0.02,34.98,29.46,47.78,504.2,9.31,532.5,6.3,498.0,9.12,0.0,0.0,505.2,9.03,0.0,0.0,506.2,8.94,501.9,8.86,500.0,9.82,498.4,9.31,500.2,9.89,0.0,0.0,239.01,3.1,240.5,3.1,237.39,3.13,-0.979,50.02
2026-10-04T07:05:02.154000+00:00,44.6,-19.12,19.12,44.6,63.0,91.0,471.0,21.9,10.9,0.1,57.35,1246.2,66800.54,73641.47,0.0,0.0,0.0,13.25,14.42,15.17,0.02,34.98,29.46,47.79,494.4,10.53,502.6,7.19,490.8,10.29,0.0,0.0,501.8,9.93,0.0,0.0,500.9,9.91,497.1,9.84,495.4,10.8,492.3,10.44,497.1,10.84,0.0,0.0,239.25,3.07,240.99,3.07,238.15,3.1,-0.992,50.16
2026-10-04T07:10:01.430777+00:00,44.7,-29.84,29.94,44.6,65.8,91.0,471.0,21.9,10.9,0.1,60.97,1249.82,66804.16,73645.09,0.0,0.0,0.0,13.61,14.54,15.29,0.02,34.98,29.46,47.79,489.5,10.76,410.8,9.58,488.2,10.46,0.0,0.0,499.2,10.21,0.0,0.0,497.9,10.21,495.9,10.11,490.4,11.11,488.7,10.65,490.7,11.2,0.0,0.0,238.07,2.83,239.92,2.82,236.95,2.85,-0.995,49.87
2026-10-04T07:15:01.431272+00:00,42.7,-25.58,25.68,42.6,68.6,96.0,471.0,21.9,12.0,0.1,64.6,1253.45,66807.79,73648.72,0.0,0.0,0.0,13.77,14.52,15.24,0.02,34.98,29.46,47.79,486.5,10.76,405.2,10.14,485.0,10.49,0.0,0.0,498.6,10.12,0.0,0.0,497.0,10.16,497.9,10.02,488.4,11.06,487.8,10.61,489.7,11.1,0.0,0.0,238.09,2.68,240.74,2.67,237.18,2.7,-0.949,50.05
2026-10-04T07:20:01.854350+00:00,45.6,-21.98,21.88,45.7,71.4,96.0,471.0,21.9,12.0,0.1,68.17,1257.02,66811.36,73652.29,0.0,0.0,0.0,13.41,13.64,14.44,0.02,34.98,29.46,47.79,486.8,10.6,424.7,9.98,485.2,10.37,0.0,0.0,497.5,9.92,0.0,0.0,495.1,10.01,498.4,9.85,490.5,10.82,487.5,10.46,491.4,10.84,0.0,0.0,238.26,2.22,240.76,2.21,237.2,2.24,-0.997,50.04
2026-10-04T07:25:01.274285+00:00,46.3,-21.61,21.71,46.2,74.3,96.0,471.0,21.9,12.0,0.1,71.71,1260.56,66814.9,73655.83,0.0,0.0,0.0,14.38,14.64,15.38,0.02,34.99,29.46,47.8,487.3,10.37,446.7,9.75,486.6,10.15,0.0,0.0,499.0,9.77,0.0,0.0,496.9,9.85,498.2,9.72,489.9,10.66,486.3,10.29,492.0,10.66,0.0,0.0,238.76,2.25,241.5,2.23,237.78,2.26,-0.969,50.15
2026-10-04T07:30:01.197486+00:00,47.2,-32.8,32.7,47.3,77.3,98.0,471.0,21.9,12.7,0.1,75.42,1264.27,66818.61,73659.54,0.0,0.0,0.0,14.63,14.85,15.56,0.02,34.99,29.46,47.8,487.4,10.83,453.3,10.41,486.2,10.62,0.0,0.0,499.6,10.18,0.0,0.0,495.5,10.32,497.0,10.17,491.8,11.07,486.3,10.76,489.5,11.16,0.0,0.0,238.74,2.25,241.04,2.24,237.59,2.27,-0.994,50.15
2026-10-04T07:35:01.747960+00:00,48.1,-32.33,32.13,48.3,80.3,98.0,471.0,21.9,12.7,0.1,79.21,1268.06,66822.4,73663.33,0.0,0.0,0.0,15.08,15.18,15.8,0.02,34.99,29.47,47.8,486.1,11.1,464.9,10.74,487.1,10.86,0.0,0.0,500.2,10.44,0.0,0.0,498.6,10.54,500.0,10.4,491.9,11.32,486.5,11.0,492.0,11.37,0.0,0.0,238.22,2.18,241.08,2.16,237.89,2.18,-0.995,50.15
2026-10-04T07:40:01.163658+00:00,52.6,-34.91,35.01,52.5,83.4,98.0,471.0,21.9,12.7,0.1,83.08,1271.93,66826.27,73667.2,0.0,0.0,0.0,15.47,15.43,16.02,0.02,34.99,29.47,47.8,486.2,11.25,477.6,10.9,486.2,11.03,0.0,0.0,500.0,10.58,0.0,0.0,498.1,10.7,499.6,10.55,491.4,11.46,487.1,11.13,491.2,11.52,0.0,0.0,237.96,2.06,241.25,2.05,237.96,2.07,-0.999,50.15
2026-10-04T07:45:01.787561+00:00,38.5,-19.02,19.12,38.4,86.4,98.0,471.0,21.9,13.0,0.1,87.15,1276.0,66830.34,73671.27,0.0,0.0,0.0,16.93,16.87,17.55,0.02,34.99,29.47,47.81,485.6,11.75,486.5,11.42,486.2,11.52,0.0,0.0,499.9,11.07,0.0,0.0,498.2,11.16,496.1,11.07,489.5,12.01,486.1,11.66,489.6,12.06,0.0,0.0,237.88,2.13,241.19,2.11,238.09,2.14,-0.981,50.17
2026-10-04T07:50:02.008740+00:00,30.2,-25.08,25.18,30.1,88.4,98.0,471.0,21.9,13.0,0.1,91.0,1279.85,66834.19,73675.12,0.0,0.0,0.0,12.63,12.13,12.4,0.02,35.0,29.47,47.81,492.2,10.99,492.8,10.65,490.1,10.8,0.0,0.0,498.9,10.73,0.0,0.0,485.2,10.95,496.8,10.67,491.0,11.56,493.0,10.82,475.0,11.89,0.0,0.0,239.52,1.98,242.15,1.96,239.01,1.99,-0.973,50.19
2026-10-04T07:55:01.928079+00:00,33.3,-23.56,23.66,33.2,90.8,98.0,471.0,21.9,13.0,0.1,93.57,1282.42,66836.76,73677.69,0.0,0.0,0.0,9.57,9.84,9.87,0.02,35.0,29.47,47.81,492.5,7.46,501.8,7.03,498.1,7.08,0.0,0.0,501.6,7.1,0.0,0.0,497.6,7.2,494.2,7.18,492.3,7.57,490.0,7.33,491.5,7.56,0.0,0.0,239.02,1.45,241.19,1.44,238.05,1.46,-0.994,50.15
2026-10-04T08:00:01.892710+00:00,35.2,-26.85,26.75,35.3,93.0,97.0,576.0,22.0,13.1,0.1,96.66,1285.51,66839.85,73680.78,0.0,0.0,0.0,10.55,11.0,10.87,0.02,35.0,29.47,47.81,491.9,8.93,501.2,8.65,504.1,8.29,0.0,0.0,500.2,8.51,0.0,0.0,497.5,8.71,497.3,8.68,499.6,8.96,499.3,8.63,493.0,9.06,0.0,0.0,237.39,1.62,239.56,1.61,236.56,1.63,-0.99,49.95
2026-10-04T08:05:01.994526+00:00,29.1,-19.63,19.53,29.2,94.9,97.0,576.0,22.0,13.1,0.1,99.55,1288.4,66842.74,73683.67,0.0,0.0,0.0,10.14,12.02,12.03,0.02,35.0,29.47,47.81,495.6,8.14,501.7,7.91,506.8,7.52,0.0,0.0,501.1,8.19,0.0,0.0,498.1,8.3,500.7,8.11,501.5,8.31,502.2,7.83,500.8,8.41,0.0,0.0,237.82,3.25,239.83,3.24,236.5,3.27,-0.983,50.05
2026-10-04T08:10:01.350764+00:00,28.7,-16.0,15.9,28.8,96.7,97.0,576.0,22.0,13.1,0.1,101.9,1290.75,66845.09,73686.02,0.0,0.0,0.0,9.18,9.6,9.53,0.02,35.0,29.47,47.82,499.9,6.65,506.6,6.39,510.0,6.08,0.0,0.0,503.2,6.61,0.0,0.0,502.4,6.72,503.3,6.62,504.6,6.75,507.4,6.35,501.5,6.84,0.0,0.0,239.28,1.61,241.38,1.61,237.8,1.62,-0.912,49.95
2026-10-04T08:15:01.885823+00:00,43.062,-14.22,22.32,34.962,98.6,94.0,576.0,22.2,13.2,0.1,104.18,1293.03,66847.37,73688.3,0.0,0.0,0.0,8.84,9.42,9.42,0.02,35.0,29.48,47.82,502.6,6.48,508.7,6.24,515.9,5.87,0.0,0.0,509.0,6.33,0.0,0.0,508.3,6.47,507.1,6.43,507.2,6.53,512.5,6.14,503.4,6.62,0.0,0.0,239.28,1.96,241.62,1.96,237.39,1.98,-0.986,49.85
2026-10-04T08:20:01.253576+00:00,32.566,-15.38,34.48,13.466,99.9,94.0,576.0,22.2,13.2,0.1,106.88,1295.73,66850.07,73691.0,0.0,0.0,0.0,12.7,14.7,14.47,0.02,35.0,29.48,47.82,503.9,7.64,511.1,7.32,514.8,7.04,0.0,0.0,512.8,7.28,0.0,0.0,508.2,7.52,511.5,7.41,506.9,7.64,514.5,7.24,507.7,7.66,0.0,0.0,239.39,1.13,241.95,1.12,237.9,1.13,0.998,49.93
2026-10-04T08:25:01.171640+00:00,32.6,-1.94,34.54,0.0,100.0,94.0,576.0,22.2,13.2,0.1,110.41,1299.26,66853.6,73694.53,0.0,0.0,0.0,10.68,11.06,11.42,0.02,35.0,29.48,47.82,503.7,9.86,505.2,9.62,507.8,9.35,0.0,0.0,512.3,9.66,0.0,0.0,507.5,9.81,509.9,9.6,507.2,9.97,506.2,9.63,500.2,10.21,0.0,0.0,240.18,9.17,243.08,9.09,238.59,9.24,1.0,50.06
2026-10-04T08:30:01.415896+00:00,41.3,9.44,31.86,0.0,100.0,89.0,576.0,22.5,13.1,0.1,113.12,1301.97,66856.31,73697.24,0.0,0.0,0.0,10.68,10.88,11.15,0.02,35.01,29.48,47.82,498.3,7.71,506.4,7.44,513.2,7.06,0.0,0.0,506.7,7.56,0.0,0.0,503.6,7.71,504.7,7.58,502.4,7.86,505.9,7.38,503.4,7.89,0.0,0.0,240.34,14.97,243.51,14.82,239.01,15.09,1.0,50.08
2026-10-04T08:35:02.059563+00:00,28.1,0.0,28.1,0.0,100.0,89.0,576.0,22.5,13.1,0.1,115.88,1304.73,66859.07,73700.0,0.0,0.0,0.0,14.48,13.11,14.2,0.02,35.01,29.48,47.82,499.5,7.84,508.3,7.49,514.5,7.1,0.0,0.0,506.0,7.54,0.0,0.0,503.2,7.71,504.2,7.6,502.3,7.88,509.0,7.45,500.2,7.94,0.0,0.0,239.1,19.75,242.71,19.52,238.16,19.87,1.0,49.92
2026-10-04T08:40:01.998653+00:00,29.6,6.08,23.52,0.0,100.0,89.0,576.0,22.5,13.1,0.1,118.51,1307.36,66861.7,73702.63,0.0,0.0,0.0,9.15,9.37,9.48,0.02,35.01,29.48,47.83,501.0,7.6,508.6,7.23,513.8,6.87,0.0,0.0,509.0,7.23,0.0,0.0,500.3,7.44,507.0,7.24,502.6,7.7,508.9,7.2,502.0,7.71,0.0,0.0,238.22,12.91,241.87,12.75,237.77,12.95,0.999,49.83
2026-10-04T08:45:01.169000+00:00,31.2,1.53,29.67,0.0,100.0,84.0,576.0,22.7,12.8,0.1,120.9,1309.75,66864.09,73705.02,0.0,0.0,0.0,9.61,9.93,9.99,0.02,35.01,29.48,47.83,499.8,6.87,507.1,6.59,514.8,6.18,0.0,0.0,506.8,6.58,0.0,0.0,504.6,6.72,504.4,6.65,503.4,6.89,509.1,6.5,501.0,6.93,0.0,0.0,238.56,13.54,242.06,13.39,237.78,13.61,1.0,49.84
2026-10-04T08:50:02.097025+00:00,32.4,9.23,23.17,0.0,100.0,84.0,576.0,22.7,12.8,0.1,123.36,1312.21,66866.55,73707.48,0.0,0.0,0.0,10.24,10.54,10.59,0.02,35.01,29.48,47.83,500.6,6.96,506.5,6.76,514.8,6.35,0.0,0.0,508.4,6.76,0.0,0.0,505.4,6.92,505.2,6.84,503.4,7.02,507.8,6.68,503.1,7.05,0.0,0.0,238.66,14.43,241.73,14.29,237.98,14.5,1.0,49.85
2026-10-04T08:55:01.547919+00:00,38.8,11.44,27.36,0.0,100.0,84.0,576.0,22.7,12.8,0.1,126.13,1314.98,66869.32,73710.25,0.0,0.0,0.0,10.56,10.88,10.89,0.03,35.01,29.48,47.83,500.2,7.84,508.1,7.62,513.8,7.22,0.0,0.0,509.6,7.61,0.0,0.0,507.0,7.81,507.6,7.7,505.0,7.87,508.4,7.54,504.1,7.91,0.0,0.0,238.8,14.84,242.02,14.69,238.11,14.91,1.0,49.84
2026-10-04T09:00:01.242241+00:00,47.1,23.94,23.16,0.0,100.0,81.0,736.0,23.0,12.7,0.1,129.07,1317.92,66872.26,73713.19,0.0,0.0,0.0,12.67,12.73,13.03,0.03,35.01,29.49,47.83,499.9,8.35,506.7,8.08,512.7,7.66,0.0,0.0,509.3,7.95,0.0,0.0,506.8,8.18,507.3,8.1,506.4,8.28,506.4,8.04,504.6,8.32,0.0,0.0,239.31,17.84,242.3,17.69,238.09,17.97,1.0,49.94
2026-10-04T09:05:01.278099+00:00,43.8,19.83,23.97,0.0,100.0,81.0,736.0,23.0,12.7,0.1,132.72,1321.57,66875.91,73716.84,0.0,0.0,0.0,15.7,15.35,15.89,0.03,35.02,29.49,47.84,494.2,10.44,500.9,10.15,505.8,9.66,0.0,0.0,505.8,9.9,0.0,0.0,505.1,10.2,505.9,10.05,499.7,10.35,500.7,10.11,498.8,10.38,0.0,0.0,239.93,21.88,242.7,21.71,238.52,22.06,1.0,49.9
2026-10-04T09:10:01.549204+00:00,47.7,28.89,18.81,0.0,100.0,81.0,736.0,23.0,12.7,0.1,136.46,1325.31,66879.65,73720.58,0.0,0.0,0.0,14.4,14.95,14.77,0.03,35.02,29.49,47.84,489.8,10.69,492.6,10.6,503.3,9.89,0.0,0.0,499.0,10.49,0.0,0.0,502.2,10.67,492.5,10.72,499.3,10.69,498.6,10.3,494.5,10.88,0.0,0.0,240.12,20.1,242.66,19.96,238.74,20.25,1.0,49.92
2026-10-04T09:15:01.755399+00:00,31.5,11.96,19.54,0.0,100.0,81.0,736.0,23.1,12.8,0.1,140.64,1329.49,66883.83,73724.76,0.0,0.0,0.0,15.18,15.99,16.04,0.03,35.02,29.49,47.84,484.0,12.13,492.4,11.76,494.2,11.28,0.0,0.0,502.5,11.34,0.0,0.0,496.1,11.84,496.3,11.7,485.6,12.19,488.7,11.82,491.9,12.07,0.0,0.0,240.65,21.72,242.44,21.64,238.92,21.93,0.999,49.95
2026-10-04T09:20:01.401009+00:00,30.1,1.14,28.96,0.0,100.0,81.0,736.0,23.1,12.8,0.1,144.21,1333.06,66887.4,73728.33,0.0,0.0,0.0,10.21,10.63,10.58,0.03,35.02,29.49,47.84,484.4,10.75,481.9,10.51,497.5,9.76,0.0,0.0,488.3,9.92,0.0,0.0,496.3,10.05,491.0,10.11,474.0,10.66,490.1,10.35,479.6,10.55,0.0,0.0,240.14,14.34,242.18,14.27,238.27,14.48,1.0,49.89
2026-10-04T09:25:01.929870+00:00,61.5,37.89,23.61,0.0,100.0,81.0,736.0,23.1,12.8,0.1,146.98,1335.83,66890.17,73731.1,0.0,0.0,0.0,9.77,9.98,10.16,0.03,35.02,29.49,47.84,484.8,8.17,486.6,7.99,507.3,7.17,0.0,0.0,499.8,7.72,0.0,0.0,496.8,8.02,491.6,8.0,496.3,7.94,501.1,7.66,496.2,7.99,0.0,0.0,240.06,13.73,242.36,13.65,238.61,13.84,1.0,50.02
2026-10-04T09:30:01.601530+00:00,61.8,34.44,27.36,0.0,100.0,83.0,736.0,23.3,12.8,0.1,151.28,1340.13,66894.47,73735.4,0.0,0.0,0.0,20.31,20.49,20.65,0.03,35.02,29.49,47.85,481.2,13.08,488.8,12.44,495.3,11.98,0.0,0.0,502.2,11.19,0.0,0.0,495.5,11.94,492.6,12.0,500.2,11.9,490.5,12.6,485.7,12.23,0.0,0.0,242.53,35.86,243.34,24.51,239.68,24.29,1.0,50.16
2026-10-04T09:35:01.693820+00:00,42.0,20.51,21.49,0.0,100.0,83.0,736.0,23.3,12.8,0.1,156.37,1345.22,66899.56,73740.49,0.0,0.0,0.0,19.05,21.46,20.98,0.03,35.03,29.5,47.85,475.2,15.2,474.4,15.04,476.3,14.6,0.0,0.0,491.3,14.24,0.0,0.0,487.3,14.86,486.7,14.66,484.5,14.85,476.8,14.95,484.0,14.91,0.0,0.0,242.64,35.21,242.93,22.58,239.66,22.54,1.0,50.03
2026-10-04T09:40:01.734483+00:00,38.7,12.96,25.74,0.0,100.0,83.0,736.0,23.3,12.8,0.1,160.41,1349.26,66903.6,73744.53,0.0,0.0,0.0,14.21,13.72,14.1,0.03,35.03,29.5,47.85,473.6,11.92,477.2,11.82,476.0,11.49,0.0,0.0,490.4,11.38,0.0,0.0,484.2,11.87,481.8,11.76,483.2,11.82,469.2,11.86,485.8,11.85,0.0,0.0,240.82,19.83,242.78,19.73,239.4,19.98,1.0,49.98
2026-10-04T09:45:02.073054+00:00,56.3,37.69,18.61,0.0,100.0,86.0,736.0,23.4,12.9,0.1,164.01,1352.86,66907.2,73748.13,0.0,0.0,0.0,12.87,12.73,12.97,0.03,35.03,29.5,47.86,480.3,10.55,481.8,10.4,485.5,10.0,0.0,0.0,496.7,9.95,0.0,0.0,489.6,10.5,489.4,10.34,488.2,10.3,478.6,10.45,482.4,10.5,0.0,0.0,239.68,17.87,242.63,17.71,239.06,17.95,1.0,49.84
2026-10-04T09:50:01.670494+00:00,50.4,18.4,32.0,0.0,100.0,86.0,736.0,23.4,12.9,0.1,168.61,1357.46,66911.8,73752.73,0.0,0.0,0.0,18.66,18.81,18.83,0.03,35.03,29.5,47.86,480.0,13.56,478.8,13.54,482.9,13.09,0.0,0.0,498.7,12.43,0.0,0.0,494.2,13.17,495.3,13.04,492.3,13.06,478.5,13.57,488.5,13.17,0.0,0.0,243.78,32.78,243.94,21.41,241.08,23.25,1.0,50.13
2026-10-04T09:55:01.603761+00:00,54.6,29.14,25.46,0.0,100.0,86.0,736.0,23.4,12.9,0.1,173.13,1361.98,66916.32,73757.25,0.0,0.0,0.0,16.74,16.8,16.81,0.03,35.03,29.5,47.86,476.6,13.23,476.6,13.19,478.1,12.91,0.0,0.0,493.7,12.41,0.0,0.0,491.8,13.0,491.2,12.86,486.3,12.92,478.0,13.12,486.0,12.96,0.0,0.0,242.19,23.16,245.5,22.93,241.38,23.29,1.0,50.13
2026-10-04T10:00:01.803682+00:00,54.9,33.86,21.04,0.0,100.0,88.0,763.0,23.4,13.1,0.1,177.61,1366.46,66920.8,73761.73,0.0,0.0,0.0,18.07,18.26,18.19,0.03,35.04,29.5,47.86,475.9,13.21,478.0,13.12,478.1,12.89,0.0,0.0,493.2,12.4,0.0,0.0,489.7,13.02,490.4,12.85,487.8,12.84,477.5,13.13,485.0,12.94,0.0,0.0,242.86,27.28,244.99,23.01,241.49,24.72,1.0,50.16
2026-10-04T10:05:01.999839+00:00,43.6,21.23,22.37,0.0,100.0,88.0,763.0,23.4,13.1,0.1,182.1,1370.95,66925.29,73766.22,0.0,0.0,0.0,18.22,18.41,18.34,0.03,35.04,29.51,47.87,473.2,13.31,477.7,13.17,478.1,12.91,0.0,0.0,492.5,12.43,0.0,0.0,490.3,13.07,487.8,12.98,487.6,12.86,476.6,13.17,483.9,12.96,0.0,0.0,242.99,33.0,244.05,21.29,240.75,21.34,1.0,49.9
2026-10-04T10:10:01.978880+00:00,43.0,11.79,31.21,0.0,100.0,88.0,763.0,23.4,13.1,0.1,186.48,1375.33,66929.67,73770.6,0.0,0.0,0.0,14.52,14.8,14.61,0.03,35.04,29.51,47.87,474.1,12.85,474.3,12.82,477.5,12.51,0.0,0.0,492.9,12.1,0.0,0.0,489.1,12.71,492.7,12.46,482.1,12.61,476.1,12.76,484.4,12.58,0.0,0.0,241.73,19.92,244.17,19.79,241.04,20.01,1.0,49.94
2026-10-04T10:15:01.490295+00:00,51.6,18.91,32.69,0.0,100.0,90.0,763.0,23.5,13.2,0.0,190.32,1379.17,66933.51,73774.44,0.0,0.0,0.0,13.49,14.4,14.64,0.03,35.04,29.51,47.87,477.2,11.31,483.4,11.29,479.6,11.09,0.0,0.0,497.0,10.54,0.0,0.0,493.0,11.17,495.9,11.04,490.0,10.9,477.0,11.32,489.4,10.96,0.0,0.0,241.56,18.66,244.43,18.5,241.02,18.73,1.0,49.96
2026-10-04T10:20:02.044880+00:00,47.2,19.87,27.33,0.0,100.0,90.0,763.0,23.5,13.2,0.0,194.57,1383.42,66937.76,73778.69,0.0,0.0,0.0,17.18,17.28,17.16,0.04,35.04,29.51,47.88,482.2,12.36,482.3,12.38,483.8,12.07,0.0,0.0,500.5,11.57,0.0,0.0,492.9,12.33,497.9,12.11,490.4,12.02,480.7,12.38,489.7,12.08,0.0,0.0,241.51,23.91,244.38,23.71,240.68,24.04,1.0,49.95
2026-10-04T10:25:01.840411+00:00,48.8,18.1,30.7,0.0,100.0,90.0,763.0,23.5,13.2,0.0,198.9,1387.75,66942.09,73783.02,0.0,0.0,0.0,15.79,15.86,15.43,0.04,35.05,29.51,47.88,478.8,12.57,474.1,12.59,483.3,12.21,0.0,0.0,501.4,11.7,0.0,0.0,493.4,12.43,499.5,12.13,493.4,12.15,487.4,12.28,490.9,12.22,0.0,0.0,241.44,21.97,244.13,21.79,240.61,22.08,1.0,49.99
2026-10-04T10:30:01.363083+00:00,50.8,19.64,31.16,0.0,100.0,92.0,763.0,23.5,13.3,0.0,203.22,1392.07,66946.41,73787.34,0.0,0.0,0.0,16.31,16.35,16.49,0.04,35.05,29.51,47.88,481.0,12.71,479.7,12.67,483.3,12.31,0.0,0.0,500.7,11.73,0.0,0.0,496.3,12.46,497.7,12.29,492.0,12.21,480.7,12.61,489.5,12.28,0.0,0.0,242.19,22.55,244.81,22.38,241.13,22.69,1.0,50.16
2026-10-04T10:35:01.543364+00:00,44.3,9.24,35.06,0.0,100.0,92.0,763.0,23.5,13.3,0.0,207.73,1396.58,66950.92,73791.85,0.0,0.0,0.0,16.42,17.27,16.93,0.04,35.05,29.52,47.88,474.3,13.3,484.6,12.95,480.9,12.71,0.0,0.0,494.7,12.44,0.0,0.0,493.7,13.02,494.9,12.8,492.0,12.67,473.9,13.15,487.0,12.85,0.0,0.0,241.67,23.08,244.54,22.88,240.87,23.2,1.0,49.93
2026-10-04T10:40:01.489087+00:00,43.9,18.77,25.13,0.0,100.0,92.0,763.0,23.5,13.3,0.0,211.94,1400.79,66955.13,73796.06,0.0,0.0,0.0,14.31,15.0,14.36,0.04,35.05,29.52,47.89,475.9,12.48,490.1,12.06,484.1,11.8,0.0,0.0,495.3,11.7,0.0,0.0,491.8,12.37,493.3,12.18,497.3,11.83,488.6,12.0,488.4,12.11,0.0,0.0,239.48,19.99,242.86,19.78,239.35,20.04,1.0,49.83
2026-10-04T10:45:01.225591+00:00,48.8,22.16,26.64,0.0,100.0,94.0,763.0,23.5,13.4,0.0,215.59,1404.44,66958.78,73799.71,0.0,0.0,0.0,14.12,14.81,14.68,0.04,35.05,29.52,47.89,481.8,10.59,489.7,10.47,487.0,10.08,0.0,0.0,498.5,10.02,0.0,0.0,492.9,10.59,494.0,10.48,487.9,10.41,489.2,10.35,489.2,10.37,0.0,0.0,240.7,19.61,243.61,19.44,239.62,19.74,1.0,50.04
2026-10-04T10:50:01.172034+00:00,46.5,8.11,38.39,0.0,100.0,94.0,763.0,23.5,13.4,0.0,219.48,1408.33,66962.67,73803.6,0.0,0.0,0.0,16.89,16.2,16.08,0.04,35.06,29.52,47.89,481.9,11.27,493.9,11.02,495.6,10.54,0.0,0.0,500.8,10.58,0.0,0.0,505.5,11.02,499.8,11.06,489.5,11.02,486.5,11.08,494.6,10.95,0.0,0.0,241.28,24.81,244.65,23.72,240.51,21.54,1.0,50.1
2026-10-04T10:55:02.081761+00:00,45.9,22.17,23.73,0.0,100.0,94.0,763.0,23.5,13.4,0.0,223.49,1412.34,66966.68,73807.61,0.0,0.0,0.0,15.43,15.64,15.48,0.04,35.06,29.52,47.89,488.5,11.61,490.0,11.53,494.1,11.03,0.0,0.0,504.6,10.72,0.0,0.0,500.9,11.47,500.8,11.42,498.7,11.23,488.3,11.48,493.9,11.29,0.0,0.0,240.42,21.5,243.64,21.3,240.1,21.58,1.0,49.91
2026-10-04T11:00:01.265165+00:00,39.9,18.72,21.18,0.0,100.0,95.0,763.0,23.5,13.4,0.0,227.47,1416.32,66970.66,73811.59,0.0,0.0,0.0,15.99,15.09,14.66,0.04,35.06,29.52,47.9,485.4,11.63,494.5,11.31,493.0,10.98,0.0,0.0,504.5,10.76,0.0,0.0,502.3,11.41,497.7,11.37,496.1,11.06,489.1,11.4,496.1,11.12,0.0,0.0,240.95,22.28,244.11,22.06,240.06,22.4,0.999,49.95
2026-10-04T11:05:01.844183+00:00,45.1,18.59,26.51,0.0,100.0,95.0,763.0,23.5,13.4,0.0,231.42,1420.27,66974.61,73815.54,0.0,0.0,0.0,11.54,14.29,13.31,0.04,35.06,29.53,47.9,485.6,11.39,488.7,11.22,492.6,10.76,0.0,0.0,505.7,10.63,0.0,0.0,503.8,11.32,501.1,11.28,503.2,10.84,487.7,11.21,497.0,11.04,0.0,0.0,241.21,16.2,244.29,16.05,240.15,16.31,1.0,49.95
2026-10-04T11:10:01.512976+00:00,48.4,26.46,21.94,0.0,100.0,95.0,763.0,23.5,13.4,0.0,235.2,1424.05,66978.39,73819.32,0.0,0.0,0.0,15.0,14.87,15.0,0.04,35.06,29.53,47.9,488.7,11.0,489.6,10.94,492.4,10.58,0.0,0.0,503.8,10.24,0.0,0.0,501.9,10.84,504.0,10.71,503.7,10.25,496.7,10.72,499.1,10.35,0.0,0.0,241.03,20.45,243.85,20.28,239.94,20.58,1.0,49.95
2026-10-04T11:15:01.897985+00:00,31.3,-0.42,31.72,0.0,100.0,94.0,763.0,23.6,13.4,0.0,239.58,1428.43,66982.77,73823.7,0.0,0.0,0.0,16.08,17.07,16.62,0.04,35.07,29.53,47.9,490.7,12.2,487.1,12.47,488.2,12.18,0.0,0.0,503.9,12.1,0.0,0.0,500.7,12.82,500.3,12.61,497.0,12.04,491.3,12.25,496.7,12.18,0.0,0.0,241.55,22.7,244.24,22.51,240.14,22.86,1.0,49.96
2026-10-04T11:20:01.477055+00:00,27.2,10.53,16.67,0.0,100.0,94.0,763.0,23.6,13.4,0.0,243.16,1432.01,66986.35,73827.28,0.0,0.0,0.0,10.16,10.76,10.35,0.04,35.07,29.53,47.91,481.9,9.86,493.8,9.95,491.2,9.73,0.0,0.0,509.5,10.16,0.0,0.0,498.0,10.92,494.5,10.65,493.3,10.11,491.3,9.77,492.6,10.31,0.0,0.0,240.56,14.37,244.16,14.21,239.72,14.45,0.999,50.03
2026-10-04T11:25:01.651839+00:00,39.3,15.78,23.52,0.0,100.0,94.0,763.0,23.6,13.4,0.0,245.68,1434.53,66988.87,73829.8,0.0,0.0,0.0,8.93,9.47,9.3,0.04,35.07,29.53,47.91,490.6,7.3,500.6,7.0,494.3,6.92,0.0,0.0,501.1,6.98,0.0,0.0,505.1,7.25,506.2,7.19,504.5,6.97,488.9,7.22,499.0,7.04,0.0,0.0,241.72,12.49,243.86,12.42,240.19,12.59,1.0,50.13
2026-10-04T11:30:01.201305+00:00,31.0,8.36,22.64,0.0,100.0,92.0,763.0,23.6,13.2,0.0,248.6,1437.45,66991.79,73832.72,0.0,0.0,0.0,11.99,13.75,12.97,0.04,35.07,29.53,47.91,498.2,8.21,504.4,8.06,509.4,7.77,0.0,0.0,511.8,7.88,0.0,0.0,511.1,8.33,507.9,8.27,507.0,7.87,498.4,8.15,507.2,7.88,0.0,0.0,241.35,16.88,244.23,16.74,240.26,16.99,0.999,50.04
2026-10-04T11:35:01.398858+00:00,29.1,3.52,25.58,0.0,100.0,92.0,763.0,23.6,13.2,0.0,251.72,1440.57,66994.91,73835.84,0.0,0.0,0.0,9.87,10.76,10.23,0.04,35.07,29.53,47.91,497.7,8.86,504.8,8.63,507.7,8.32,0.0,0.0,514.2,8.46,0.0,0.0,509.5,8.96,509.1,8.86,505.2,8.55,502.3,8.71,510.4,8.49,0.0,0.0,240.03,13.9,243.59,13.74,239.43,13.95,0.999,49.85
2026-10-04T11:40:01.522465+00:00,24.2,3.16,21.04,0.0,100.0,92.0,763.0,23.6,13.2,0.0,254.31,1443.16,66997.5,73838.43,0.0,0.0,0.0,9.53,9.99,9.57,0.04,35.07,29.54,47.91,500.8,7.31,511.5,7.01,519.6,6.64,0.0,0.0,513.3,7.1,0.0,0.0,514.2,7.47,512.6,7.4,509.4,7.03,507.2,7.13,508.5,7.07,0.0,0.0,240.85,13.31,243.96,13.18,240.05,13.38,0.998,50.1
2026-10-04T11:45:01.630202+00:00,29.3,3.36,25.94,0.0,100.0,91.0,763.0,23.7,13.1,0.0,256.46,1445.31,66999.65,73840.58,0.0,0.0,0.0,7.74,8.5,7.95,0.04,35.07,29.54,47.92,503.4,6.06,516.2,5.73,524.1,5.44,0.0,0.0,513.0,5.91,0.0,0.0,514.2,6.25,513.3,6.19,509.1,5.82,510.9,5.87,507.1,5.86,0.0,0.0,240.12,10.83,242.95,10.74,239.24,10.88,1.0,49.88
2026-10-04T11:50:01.569380+00:00,43.7,21.87,21.83,0.0,100.0,91.0,763.0,23.7,13.1,0.0,258.72,1447.57,67001.91,73842.84,0.0,0.0,0.0,9.68,10.01,9.59,0.04,35.08,29.54,47.92,506.0,6.47,517.1,6.12,524.9,5.86,0.0,0.0,516.4,6.1,0.0,0.0,514.6,6.53,511.5,6.49,512.8,6.04,512.5,6.3,509.6,6.08,0.0,0.0,239.96,13.61,242.88,13.49,239.09,13.68,1.0,49.95
2026-10-04T11:55:01.858568+00:00,47.0,31.24,15.76,0.0,100.0,91.0,763.0,23.7,13.1,0.0,261.69,1450.54,67004.88,73845.81,0.0,0.0,0.0,16.57,13.34,13.94,0.05,35.08,29.54,47.92,506.9,8.07,513.5,7.83,521.8,7.47,0.0,0.0,519.2,8.34,0.0,0.0,514.2,8.76,508.7,8.54,508.8,7.87,512.0,7.94,514.0,7.99,0.0,0.0,242.08,22.75,244.63,22.6,241.24,22.88,1.0,50.15
2026-10-04T12:00:01.884913+00:00,53.7,28.27,25.43,0.0,100.0,90.0,708.0,23.7,13.1,0.0,266.02,1454.87,67009.21,73850.14,0.0,0.0,0.0,16.9,14.91,15.37,0.05,35.08,29.54,47.92,498.6,12.6,503.0,12.03,507.4,11.75,0.0,0.0,507.3,11.5,0.0,0.0,514.5,11.84,510.0,11.99,508.9,11.68,501.4,12.33,509.8,11.6,0.0,0.0,242.29,23.22,244.52,23.08,241.11,23.37,1.0,50.05
2026-10-04T12:05:02.065202+00:00,50.6,27.12,23.48,0.0,100.0,90.0,708.0,23.7,13.1,0.0,269.87,1458.72,67013.06,73853.99,0.0,0.0,0.0,16.35,19.2,18.1,0.05,35.08,29.54,47.92,484.1,11.49,493.5,10.59,494.0,10.6,0.0,0.0,500.5,10.4,0.0,0.0,497.6,11.13,501.0,11.07,497.4,10.63,486.8,11.26,496.0,10.61,0.0,0.0,241.44,22.87,243.81,22.73,240.58,23.0,1.0,49.91
2026-10-04T12:10:02.069050+00:00,44.2,18.88,25.32,0.0,100.0,90.0,708.0,23.7,13.4,0.0,273.56,1462.41,67016.75,73857.68,0.0,0.0,0.0,16.65,17.59,16.93,0.05,35.08,29.54,47.93,484.9,10.71,495.4,10.14,496.9,9.9,0.0,0.0,500.4,10.28,0.0,0.0,498.9,10.8,502.3,10.57,498.8,10.08,490.7,10.41,496.9,10.22,0.0,0.0,242.1,26.44,243.72,22.37,240.28,22.24,0.999,49.91
2026-10-04T12:15:02.135705+00:00,46.1,25.78,20.32,0.0,100.0,85.0,708.0,23.6,13.4,0.0,277.47,1466.32,67020.66,73861.59,0.0,0.0,0.0,13.08,16.12,14.59,0.05,35.08,29.54,47.93,481.5,11.41,490.6,11.12,493.2,10.75,0.0,0.0,498.3,10.85,0.0,0.0,499.4,11.51,496.5,11.44,495.4,10.79,488.0,11.15,495.5,10.84,0.0,0.0,241.82,18.29,244.1,18.18,240.85,18.39,1.0,50.07
2026-10-04T12:20:01.875175+00:00,59.8,38.44,21.36,0.0,100.0,85.0,708.0,23.6,13.4,0.0,280.92,1469.77,67024.11,73865.04,0.0,0.0,0.0,15.56,15.86,14.75,0.05,35.09,29.55,47.93,485.2,10.06,489.2,9.63,494.8,9.3,0.0,0.0,499.1,9.66,0.0,0.0,495.6,10.17,495.4,10.01,493.7,9.63,489.4,9.81,495.9,9.66,0.0,0.0,241.82,21.7,244.21,21.57,240.96,21.82,1.0,50.06
2026-10-04T12:25:01.424213+00:00,35.9,10.93,24.97,0.0,100.0,85.0,727.0,23.6,11.5,0.0,284.89,1473.74,67028.08,73869.01,0.0,0.0,0.0,20.22,19.99,19.31,0.05,35.09,29.55,47.93,486.4,11.74,489.1,11.47,490.8,11.18,0.0,0.0,499.8,10.78,0.0,0.0,495.9,11.24,495.9,11.24,497.3,10.64,488.8,11.62,494.8,10.82,0.0,0.0,243.72,41.63,243.22,20.13,240.26,22.49,1.0,49.97
2026-10-04T12:30:01.696054+00:00,54.7,29.2,25.5,0.0,100.0,82.0,727.0,23.6,11.6,0.0,289.13,1477.98,67032.32,73873.25,0.0,0.0,0.0,11.51,12.38,11.97,0.05,35.09,29.55,47.94,480.9,12.5,481.5,12.28,485.1,11.95,0.0,0.0,492.1,11.86,0.0,0.0,492.2,12.9,487.8,12.91,491.3,11.74,480.1,12.39,489.5,11.76,0.0,0.0,241.44,15.92,244.63,15.77,240.49,16.01,0.999,50.08
2026-10-04T12:35:01.431497+00:00,55.0,29.49,25.51,0.0,100.0,82.0,727.0,23.6,11.6,0.0,293.2,1482.05,67036.39,73877.32,0.0,0.0,0.0,18.07,18.79,17.72,0.05,35.09,29.55,47.94,480.7,11.94,484.9,11.89,481.5,11.75,0.0,0.0,494.8,11.11,0.0,0.0,493.5,11.96,487.6,11.98,492.2,11.01,483.9,11.86,491.3,11.03,0.0,0.0,241.83,25.54,244.29,24.2,241.14,25.66,1.0,50.01
2026-10-04T12:40:01.608157+00:00,32.1,3.55,28.55,0.0,100.0,82.0,727.0,23.6,11.6,0.0,297.56,1486.41,67040.75,73881.68,0.0,0.0,0.0,17.78,19.33,17.85,0.05,35.09,29.55,47.94,477.6,12.74,477.9,12.67,474.4,12.56,0.0,0.0,490.8,12.32,0.0,0.0,482.4,13.24,485.7,12.98,489.8,11.99,478.2,12.69,487.3,12.11,0.0,0.0,242.36,32.39,243.42,21.11,240.32,21.04,1.0,49.93
2026-10-04T12:45:01.750717+00:00,38.1,6.01,32.09,0.0,100.0,78.0,727.0,23.5,11.6,0.0,300.87,1489.72,67044.06,73884.99,0.0,0.0,0.0,10.25,11.34,10.43,0.05,35.1,29.55,47.94,479.8,9.67,478.7,9.52,477.9,9.39,0.0,0.0,493.5,9.39,0.0,0.0,489.7,9.9,490.3,9.72,491.4,9.22,481.2,9.53,492.5,9.23,0.0,0.0,240.47,14.33,243.5,14.19,240.13,14.37,1.0,49.94
2026-10-04T12:50:01.240040+00:00,43.0,19.1,23.9,0.0,100.0,78.0,727.0,23.5,11.6,0.0,303.59,1492.44,67046.78,73887.71,0.0,0.0,0.0,12.97,13.13,12.24,0.05,35.1,29.56,47.95,486.9,7.68,488.9,7.79,486.3,7.64,0.0,0.0,498.1,7.78,0.0,0.0,494.2,8.32,493.1,8.15,498.9,7.33,484.7,7.75,495.8,7.47,0.0,0.0,239.98,17.85,243.46,17.65,240.14,17.87,1.0,49.83
2026-10-04T12:55:01.981452+00:00,24.0,-2.1,26.1,0.0,100.0,78.0,727.0,23.5,11.6,0.0,306.82,1495.67,67050.01,73890.94,0.0,0.0,0.0,14.8,15.11,13.19,0.05,35.1,29.56,47.95,485.1,9.2,485.0,9.35,491.9,9.03,0.0,0.0,502.7,8.96,0.0,0.0,500.6,9.65,499.7,9.55,502.0,8.54,490.9,9.16,498.3,8.69,0.0,0.0,241.12,20.66,243.7,20.51,240.87,20.72,0.998,50.05
2026-10-04T13:00:02.046016+00:00,24.1,-0.08,24.18,0.0,100.0,73.0,619.0,23.4,11.7,0.0,309.42,1498.27,67052.61,73893.54,0.0,0.0,0.0,7.77,8.42,7.69,0.05,35.1,29.56,47.95,491.3,7.32,495.0,7.4,495.1,7.24,0.0,0.0,504.0,7.26,0.0,0.0,497.8,7.93,501.3,7.75,500.4,6.91,492.8,7.32,498.4,7.0,0.0,0.0,239.45,10.95,243.4,10.8,239.62,10.95,0.999,49.88
2026-10-04T13:05:01.979963+00:00,20.8,1.6,19.2,0.0,100.0,73.0,619.0,23.4,11.7,0.0,311.37,1500.22,67054.56,73895.49,0.0,0.0,0.0,8.15,8.17,7.78,0.05,35.1,29.56,47.95,496.5,5.6,501.0,5.54,499.5,5.47,0.0,0.0,506.2,5.39,0.0,0.0,503.1,5.84,504.7,5.77,501.3,5.25,495.8,5.6,502.9,5.24,0.0,0.0,239.21,11.35,243.39,11.18,239.24,11.36,0.996,49.84
2026-10-04T13:10:01.823895+00:00,20.0,-10.72,30.72,0.0,100.0,73.0,619.0,23.4,11.7,0.0,313.6,1502.45,67056.79,73897.72,0.0,0.0,0.0,6.73,7.29,6.75,0.05,35.1,29.56,47.95,503.1,6.25,503.2,6.26,502.7,6.14,0.0,0.0,509.2,6.26,0.0,0.0,508.1,6.73,503.3,6.66,508.3,5.99,496.7,6.29,505.4,6.07,0.0,0.0,242.49,18.84,243.49,4.61,239.55,4.68,0.998,50.0
2026-10-04T13:15:01.382086+00:00,20.5,-1.27,21.77,0.0,100.0,65.0,619.0,23.1,11.6,0.0,315.38,1504.23,67058.57,73899.5,0.0,0.0,0.0,6.46,6.96,6.53,0.05,35.1,29.56,47.95,502.4,5.1,509.0,4.9,510.5,4.79,0.0,0.0,510.4,4.98,0.0,0.0,510.5,5.3,509.7,5.25,511.2,4.85,507.6,4.96,505.6,4.93,0.0,0.0,242.15,17.98,243.7,3.75,240.32,5.31,1.0,50.06
2026-10-04T13:20:01.460307+00:00,25.8,-4.01,29.81,0.0,100.0,65.0,619.0,23.1,11.6,0.0,317.01,1505.86,67060.2,73901.13,0.0,0.0,0.0,6.65,7.2,6.75,0.05,35.1,29.56,47.95,506.3,4.72,516.8,4.46,519.7,4.33,0.0,0.0,514.0,4.55,0.0,0.0,513.6,4.89,512.8,4.86,509.8,4.49,515.9,4.53,510.0,4.53,0.0,0.0,242.0,20.07,243.37,4.04,239.71,3.59,1.0,49.95
2026-10-04T13:25:01.763616+00:00,20.1,-9.78,29.88,0.0,100.0,65.0,619.0,23.1,11.6,0.0,319.37,1508.22,67062.56,73903.49,0.0,0.0,0.0,8.15,9.31,8.23,0.05,35.1,29.56,47.96,511.5,6.74,516.3,6.52,518.6,6.35,0.0,0.0,518.4,6.09,0.0,0.0,518.9,6.79,517.4,6.82,516.4,6.06,518.0,6.57,510.9,6.09,0.0,0.0,242.88,23.16,243.27,5.76,240.05,5.4,0.999,50.03
2026-10-04T13:30:02.144759+00:00,14.3,-20.03,34.33,0.0,100.0,54.0,619.0,22.8,11.5,0.0,321.23,1510.08,67064.42,73905.35,0.0,0.0,0.0,6.35,7.24,6.56,0.05,35.11,29.56,47.96,507.4,5.26,518.4,4.89,522.4,4.75,0.0,0.0,516.6,5.35,0.0,0.0,516.5,5.7,515.6,5.59,511.5,5.12,520.3,4.98,514.1,5.17,0.0,0.0,240.79,9.91,243.74,8.56,239.73,8.15,1.0,49.85
2026-10-04T13:35:01.262404+00:00,11.9,-18.04,29.94,0.0,100.0,54.0,619.0,22.8,11.5,0.0,322.76,1511.61,67065.95,73906.88,0.0,0.0,0.0,4.32,5.24,4.63,0.05,35.11,29.56,47.96,509.6,4.31,522.3,3.95,526.6,3.83,0.0,0.0,516.1,4.41,0.0,0.0,517.8,4.69,515.2,4.63,515.4,4.17,524.1,4.03,515.2,4.26,0.0,0.0,240.12,7.16,243.22,5.68,239.39,5.45,0.998,49.84
2026-10-04T13:40:01.930011+00:00,19.7,-5.06,24.76,0.0,100.0,54.0,619.0,22.8,11.5,0.0,323.74,1512.59,67066.93,73907.86,0.0,0.0,0.0,3.89,4.22,3.82,0.06,35.11,29.56,47.96,512.7,2.82,525.2,2.58,533.5,2.45,0.0,0.0,518.1,2.74,0.0,0.0,517.1,3.06,513.2,3.07,508.7,2.73,530.4,2.6,509.9,2.74,0.0,0.0,241.47,6.11,244.88,4.16,241.24,6.02,0.992,49.85
2026-10-04T13:45:01.953734+00:00,21.7,-13.94,35.64,0.0,100.0,44.0,619.0,22.4,11.3,0.0,325.03,1513.88,67068.22,73909.15,0.0,0.0,0.0,6.7,6.8,6.15,0.06,35.11,29.56,47.96,516.0,3.79,529.1,3.53,532.7,3.45,0.0,0.0,516.9,3.34,0.0,0.0,523.4,3.91,522.3,3.94,513.3,3.35,531.1,3.6,519.0,3.28,0.0,0.0,243.56,19.21,244.54,3.44,241.27,5.31,0.999,50.15
2026-10-04T13:50:01.722660+00:00,26.2,-3.02,29.22,0.0,100.0,44.0,619.0,22.4,11.3,0.0,327.05,1515.9,67070.24,73911.17,0.0,0.0,0.0,7.9,7.33,6.26,0.06,35.11,29.56,47.96,517.8,5.79,527.7,5.8,524.6,5.74,0.0,0.0,512.1,5.0,0.0,0.0,529.2,5.91,528.4,5.96,524.1,4.76,525.4,5.76,527.7,4.72,0.0,0.0,241.78,19.33,243.93,5.81,240.38,7.55,0.999,50.02
2026-10-04T13:55:01.339575+00:00,24.2,-7.39,31.59,0.0,100.0,44.0,619.0,22.4,11.3,0.0,329.2,1518.05,67072.39,73913.32,0.0,0.0,0.0,8.76,9.2,8.17,0.06,35.11,29.57,47.96,506.7,6.18,522.7,6.14,519.7,6.1,0.0,0.0,490.4,5.46,0.0,0.0,527.4,6.56,523.5,6.59,521.6,5.17,518.3,6.21,527.4,5.08,0.0,0.0,242.93,25.51,243.03,5.61,240.39,5.4,0.998,50.05
2026-10-04T14:00:01.683389+00:00,22.8,-3.63,26.43,0.0,100.0,38.0,372.0,22.2,11.0,0.0,331.29,1520.14,67074.48,73915.41,0.0,0.0,0.0,8.06,8.47,7.58,0.06,35.11,29.57,47.96,487.3,5.9,520.5,5.91,515.0,5.89,0.0,0.0,469.9,5.62,0.0,0.0,524.3,6.52,521.8,6.49,520.5,5.13,516.4,5.95,526.7,5.09,0.0,0.0,242.24,20.65,243.4,6.65,239.97,6.41,0.999,49.96
2026-10-04T14:05:01.270474+00:00,21.0,-13.96,34.96,0.0,100.0,38.0,372.0,22.2,11.0,0.0,333.2,1522.05,67076.39,73917.32,0.0,0.0,0.0,7.59,8.06,7.14,0.06,35.11,29.57,47.97,462.2,5.49,519.5,5.49,514.5,5.46,0.0,0.0,451.5,5.1,0.0,0.0,522.4,5.98,521.8,5.96,520.9,4.61,516.6,5.5,525.0,4.58,0.0,0.0,241.14,20.59,242.16,5.72,238.82,5.56,1.0,49.85
2026-10-04T14:10:02.089596+00:00,19.4,-1.17,20.57,0.0,100.0,38.0,372.0,22.2,11.0,0.0,335.01,1523.86,67078.2,73919.13,0.0,0.0,0.0,6.91,7.48,6.6,0.06,35.11,29.57,47.97,442.2,5.25,520.5,5.26,514.7,5.25,0.0,0.0,438.8,5.08,0.0,0.0,525.5,5.85,523.1,5.84,522.3,4.46,516.1,5.29,527.0,4.43,0.0,0.0,242.4,17.7,242.92,5.54,240.12,5.54,0.999,50.02
2026-10-04T14:15:01.817914+00:00,17.9,-11.38,29.28,0.0,100.0,37.0,372.0,22.0,10.6,0.0,336.7,1525.55,67079.89,73920.82,0.0,0.0,0.0,6.32,7.01,6.07,0.06,35.11,29.57,47.97,419.8,4.93,519.1,4.95,514.1,4.92,0.0,0.0,431.1,4.77,0.0,0.0,525.5,5.49,523.4,5.48,522.7,4.11,516.3,4.95,526.5,4.1,0.0,0.0,242.84,17.54,243.11,3.34,240.87,5.52,0.997,50.14
2026-10-04T14:20:02.046146+00:00,16.2,-11.05,27.25,0.0,100.0,37.0,372.0,22.0,10.6,0.0,338.26,1527.11,67081.45,73922.38,0.0,0.0,0.0,5.79,6.55,5.58,0.06,35.11,29.57,47.97,398.0,4.58,518.5,4.63,513.9,4.59,0.0,0.0,427.0,4.48,0.0,0.0,524.6,5.15,523.3,5.13,522.8,3.79,514.5,4.62,524.5,3.79,0.0,0.0,241.7,15.58,242.58,3.26,240.14,5.44,0.999,50.06
2026-10-04T14:25:01.901885+00:00,14.7,-13.48,28.18,0.0,100.0,37.0,372.0,22.0,10.6,0.0,339.68,1528.53,67082.87,73923.8,0.0,0.0,0.0,5.18,5.94,4.96,0.06,35.11,29.57,47.97,375.6,4.22,518.3,4.3,514.7,4.24,0.0,0.0,427.7,4.15,0.0,0.0,524.9,4.78,523.0,4.76,525.8,3.43,515.6,4.27,527.7,3.36,0.0,0.0,242.24,12.99,243.54,3.25,240.87,5.34,0.999,50.16
2026-10-04T14:30:01.162942+00:00,9.7,-17.38,27.08,0.0,100.0,40.0,372.0,22.0,10.2,0.0,340.97,1529.82,67084.16,73925.09,0.0,0.0,0.0,4.75,5.55,4.41,0.06,35.11,29.57,47.97,355.7,3.81,518.6,3.93,515.0,3.88,0.0,0.0,426.9,3.79,0.0,0.0,524.2,4.39,523.8,4.36,529.6,2.97,515.9,3.91,511.9,2.98,0.0,0.0,241.28,8.17,243.3,3.56,240.97,8.2,0.997,50.11
2026-10-04T14:35:01.951579+00:00,9.1,-20.5,29.6,0.0,100.0,40.0,372.0,22.0,10.2,0.0,342.06,1530.91,67085.25,73926.18,0.0,0.0,0.0,3.25,3.86,2.51,0.06,35.11,29.57,47.97,342.2,3.47,518.6,3.52,515.5,3.46,0.0,0.0,427.8,3.36,0.0,0.0,524.8,3.95,524.4,3.92,552.2,2.02,517.7,3.48,514.7,2.31,0.0,0.0,240.46,4.61,243.13,4.57,239.29,4.64,0.993,49.96
2026-10-04T14:40:02.143109+00:00,10.2,-28.88,39.08,0.0,100.0,40.0,372.0,22.0,10.2,0.0,342.89,1531.74,67086.08,73927.01,0.0,0.0,0.0,3.07,3.71,2.31,0.06,35.12,29.57,47.97,338.5,2.73,516.7,2.76,513.0,2.74,0.0,0.0,425.0,2.73,0.0,0.0,523.0,3.13,524.2,3.09,560.6,1.03,517.4,2.74,472.7,1.82,0.0,0.0,241.05,4.32,243.2,4.3,240.11,4.34,0.999,50.14
2026-10-04T14:45:01.860650+00:00,8.7,-19.71,28.41,0.0,100.0,45.0,372.0,21.9,9.5,0.0,343.64,1532.49,67086.83,73927.76,0.0,0.0,0.0,3.48,4.25,2.5,0.06,35.12,29.57,47.97,338.0,2.43,517.7,2.51,514.4,2.47,0.0,0.0,424.2,2.48,0.0,0.0,524.5,2.88,522.6,2.86,560.0,0.83,517.5,2.48,430.8,1.95,0.0,0.0,240.04,4.89,242.95,4.85,239.45,4.91,0.997,50.01
2026-10-04T14:50:01.162607+00:00,10.2,-12.0,22.2,0.0,100.0,45.0,372.0,21.9,9.5,0.0,344.47,1533.32,67087.66,73928.59,0.0,0.0,0.0,2.99,3.69,1.98,0.06,35.12,29.57,47.97,339.7,2.78,523.5,2.78,520.0,2.74,0.0,0.0,428.5,2.75,0.0,0.0,529.2,3.23,528.5,3.2,556.1,0.85,521.5,2.74,418.9,1.9,0.0,0.0,240.62,4.2,243.62,4.16,239.75,4.22,0.992,50.1
2026-10-04T14:55:01.742391+00:00,7.9,-20.75,28.65,0.0,100.0,45.0,372.0,21.9,9.5,0.0,345.24,1534.09,67088.43,73929.36,0.0,0.0,0.0,3.53,4.25,2.53,0.06,35.12,29.57,47.97,340.5,2.5,521.4,2.59,517.4,2.55,0.0,0.0,428.4,2.55,0.0,0.0,529.1,2.99,526.1,2.98,450.8,1.38,522.5,2.53,373.2,1.64,0.0,0.0,240.48,5.8,242.51,3.26,239.7,5.83,0.999,50.02
2026-10-04T15:00:01.950794+00:00,6.7,-20.23,26.93,0.0,100.0,52.0,216.0,21.8,9.0,0.0,346.05,1534.9,67089.24,73930.17,0.0,0.0,0.0,2.7,3.44,1.7,0.06,35.12,29.57,47.97,338.8,2.67,520.0,2.69,521.5,2.61,0.0,0.0,428.9,2.66,0.0,0.0,530.4,3.11,529.3,3.08,345.4,1.95,522.6,2.61,329.2,1.97,0.0,0.0,240.23,3.95,242.75,3.59,239.3,3.98,0.984,49.89
2026-10-04T15:05:01.967358+00:00,5.6,-18.73,24.33,0.0,100.0,52.0,216.0,21.8,9.0,0.0,346.61,1535.46,67089.8,73930.73,0.0,0.0,0.0,2.33,3.02,1.35,0.06,35.12,29.57,47.97,337.8,2.04,517.8,1.96,517.9,1.9,0.0,0.0,429.0,1.93,0.0,0.0,525.2,2.41,531.7,2.37,376.5,1.01,516.3,1.91,266.3,1.33,0.0,0.0,240.97,3.31,243.44,3.29,239.51,3.34,0.992,49.97
2026-10-04T15:10:02.011461+00:00,4.6,-25.64,30.24,0.0,100.0,52.0,216.0,21.8,9.0,0.0,347.12,1535.97,67090.31,73931.24,0.0,0.0,0.0,1.93,2.57,1.13,0.06,35.12,29.57,47.97,333.8,1.89,512.7,1.8,514.7,1.75,0.0,0.0,427.6,1.78,0.0,0.0,532.0,2.19,533.6,2.16,505.8,0.82,513.5,1.75,256.4,0.97,0.0,0.0,241.52,2.78,243.28,2.78,240.09,2.82,0.977,50.13
2026-10-04T15:15:01.945286+00:00,3.5,-21.99,25.49,0.0,100.0,61.0,216.0,21.6,8.5,0.0,347.55,1536.4,67090.74,73931.67,0.0,0.0,0.0,1.46,2.11,0.99,0.06,35.12,29.57,47.97,314.8,1.48,514.2,1.57,516.0,1.5,0.0,0.0,430.2,1.57,0.0,0.0,534.1,1.86,534.2,1.83,507.7,0.71,508.5,1.52,447.3,0.58,0.0,0.0,240.83,2.18,243.09,2.17,239.62,2.2,0.949,50.09
2026-10-04T15:20:01.803927+00:00,2.2,-23.44,25.64,0.0,100.0,61.0,216.0,21.6,8.5,0.0,347.88,1536.73,67091.07,73932.0,0.0,0.0,0.0,1.1,1.63,0.78,0.06,35.12,29.57,47.98,274.6,1.11,512.3,1.16,510.8,1.1,0.0,0.0,409.0,1.14,0.0,0.0,532.3,1.56,532.7,1.54,479.3,0.57,506.5,1.11,492.4,0.51,0.0,0.0,240.15,1.77,242.56,1.76,238.72,1.79,0.959,50.04
2026-10-04T15:25:02.124967+00:00,1.7,-35.48,37.18,0.0,100.0,61.0,216.0,21.6,8.5,0.0,348.08,1536.93,67091.27,73932.2,0.0,0.0,0.0,0.68,1.01,0.53,0.06,35.12,29.57,47.98,291.7,0.74,505.3,0.8,500.0,0.79,0.0,0.0,421.0,0.76,0.0,0.0,519.5,0.97,525.0,0.95,481.1,0.42,500.8,0.79,484.4,0.47,0.0,0.0,240.46,1.15,243.14,1.14,239.32,1.17,0.816,50.17
2026-10-04T15:30:01.243566+00:00,1.1,-26.93,28.03,0.0,100.0,73.0,216.0,21.3,7.9,0.0,348.22,1537.07,67091.41,73932.34,0.0,0.0,0.0,0.52,0.75,0.42,0.06,35.12,29.57,47.98,372.4,0.41,490.1,0.61,500.6,0.57,0.0,0.0,510.6,0.43,0.0,0.0,511.1,0.79,506.6,0.8,477.0,0.37,494.4,0.58,495.7,0.45,0.0,0.0,239.54,0.97,242.61,0.97,238.52,0.99,0.863,50.17
2026-10-04T15:35:01.664150+00:00,0.2,-31.38,31.78,0.0,100.0,73.0,216.0,21.3,7.9,0.0,348.34,1537.19,67091.53,73932.46,0.0,0.0,0.0,0.37,0.41,0.3,0.06,35.12,29.57,47.98,467.7,0.35,503.2,0.52,490.2,0.49,0.0,0.0,522.5,0.35,0.0,0.0,508.0,0.67,526.0,0.64,485.8,0.35,500.4,0.48,469.8,0.46,0.0,0.0,240.27,0.77,242.93,0.78,239.03,0.78,0.661,50.17
2026-10-04T15:40:01.852277+00:00,0.7,-25.62,26.32,0.0,100.0,73.0,216.0,21.3,7.9,0.0,348.41,1537.26,67091.6,73932.53,0.0,0.0,0.0,0.19,0.24,0.18,0.06,35.12,29.57,47.98,484.6,0.34,478.5,0.41,480.3,0.43,0.0,0.0,496.6,0.28,0.0,0.0,497.2,0.45,493.4,0.46,478.5,0.36,490.4,0.4,464.3,0.42,0.0,0.0,239.4,0.57,242.23,0.61,238.42,0.6,0.942,50.05
2026-10-04T15:45:01.883441+00:00,0.0,-30.44,30.44,0.0,100.0,85.0,216.0,21.1,7.3,0.0,348.46,1537.31,67091.65,73932.58,0.0,0.0,0.0,0.23,0.28,0.21,0.06,35.12,29.57,47.98,475.3,0.35,464.4,0.4,474.3,0.4,0.0,0.0,479.1,0.27,0.0,0.0,481.3,0.43,473.7,0.47,454.1,0.38,482.1,0.39,467.5,0.35,0.0,0.0,238.76,0.59,241.22,0.62,237.47,0.61,0.755,49.93
2026-10-04T15:50:01.902709+00:00,0.0,-26.99,26.99,0.0,100.0,85.0,216.0,21.1,7.3,0.0,348.51,1537.36,67091.7,73932.63,0.0,0.0,0.0,0.12,0.15,0.11,0.06,35.12,29.57,47.98,472.3,0.35,479.7,0.39,474.6,0.41,0.0,0.0,478.6,0.28,0.0,0.0,476.9,0.43,471.4,0.47,474.2,0.37,475.3,0.4,462.9,0.4,0.0,0.0,238.87,0.84,241.74,0.85,237.75,0.85,-0.181,49.98
2026-10-04T15:55:01.581861+00:00,0.0,-28.74,28.74,0.0,100.0,85.0,216.0,21.1,7.3,0.0,348.52,1537.37,67091.71,73932.64,0.0,0.0,0.0,0.0,0.0,0.0,0.06,35.12,29.57,47.98,466.8,0.26,468.1,0.19,467.3,0.18,0.0,0.0,462.0,0.27,0.0,0.0,465.7,0.22,451.2,0.24,471.5,0.24,459.4,0.2,454.6,0.17,0.0,0.0,238.77,0.55,241.04,0.58,236.88,0.57,-0.887,49.88
2026-10-04T16:00:01.292077+00:00,0.0,-27.33,26.93,0.0,100.0,93.0,52.0,20.9,6.8,0.0,348.52,1537.37,67091.71,73932.64,0.0,0.0,0.0,0.0,0.0,0.0,0.06,35.12,29.57,47.98,451.7,0.03,459.5,0.07,442.5,0.11,0.0,0.0,443.1,0.04,0.0,0.0,451.1,0.13,446.7,0.11,444.1,0.02,454.2,0.09,433.6,0.14,0.0,0.0,239.31,0.67,242.35,0.69,237.93,0.68,1.0,50.06
2026-10-04T16:05:02.157524+00:00,0.0,33.66,28.84,-62.5,95.4,93.0,52.0,20.9,6.8,0.0,348.52,1537.37,67091.71,73932.64,0.0,0.0,0.0,0.0,0.0,0.0,2.07,35.12,29.57,47.98,440.1,0.03,447.1,0.12,427.8,0.16,0.0,0.0,438.8,-0.04,0.0,0.0,432.4,0.15,421.4,0.19,421.3,0.06,444.0,0.13,422.6,0.13,0.0,0.0,239.66,0.68,242.53,0.7,238.34,0.69,1.0,50.16
2026-10-04T16:10:01.982252+00:00,0.0,32.94,29.56,-62.5,90.8,93.0,52.0,20.9,6.8,0.0,348.53,1537.38,67091.72,73932.65,0.0,0.0,0.0,0.0,0.0,0.0,4.05,35.12,29.57,47.98,416.0,0.04,420.8,0.07,397.0,0.1,0.0,0.0,426.4,-0.03,0.0,0.0,426.5,0.09,364.8,0.17,398.7,0.08,402.0,0.09,428.8,0.05,0.0,0.0,241.11,37.67,242.26,27.14,238.77,28.55,1.0,49.91
2026-10-04T16:15:01.358446+00:00,0.0,35.8,26.7,-62.5,86.1,96.0,52.0,20.7,6.5,0.0,348.53,1537.38,67091.72,73932.65,0.0,0.0,0.0,0.0,0.0,0.0,6.04,35.12,29.57,47.98,390.7,0.02,401.9,0.01,401.9,0.02,0.0,0.0,396.0,-0.02,0.0,0.0,398.7,0.04,357.3,0.09,381.9,0.04,385.9,0.03,391.5,0.01,0.0,0.0,241.02,36.97,242.1,27.48,238.18,28.92,1.0,50.01
2026-10-04T16:20:01.887728+00:00,0.0,31.02,31.48,-62.5,81.5,96.0,52.0,20.7,6.5,0.0,348.53,1537.38,67091.72,73932.65,0.0,0.0,0.0,0.0,0.0,0.0,8.04,35.12,29.57,47.98,343.7,0.01,343.3,-0.01,342.0,0.0,0.0,0.0,348.3,0.0,0.0,0.0,342.2,0.01,347.9,0.0,330.1,0.02,343.5,0.0,335.0,-0.01,0.0,0.0,238.98,35.88,239.74,28.39,236.45,29.85,1.0,49.82
2026-10-04T16:25:02.028033+00:00,0.0,33.2,29.2,-62.4,76.9,96.0,52.0,20.7,6.5,0.0,348.53,1537.38,67091.72,73932.65,0.0,0.0,0.0,0.0,0.0,0.0,10.04,35.12,29.57,47.98,242.7,0.01,242.4,-0.01,240.5,0.0,0.0,0.0,248.3,0.0,0.0,0.0,252.4,0.0,252.2,-0.01,240.4,0.01,243.3,-0.01,237.4,-0.01,0.0,0.0,240.15,31.21,241.77,30.64,238.14,31.54,1.0,49.93
2026-10-04T16:30:01.662473+00:00,0.0,36.58,25.82,-62.4,72.3,95.0,52.0,20.6,6.5,0.0,348.53,1537.38,67091.72,73932.65,0.0,0.0,0.0,0.0,0.0,0.0,12.04,35.12,29.57,47.98,0.0,0.0,0.0,0.0,0.0,0.0,0.0,0.0,0.0,0.0,0.0,0.0,0.0,0.0,0.0,0.0,0.0,0.0,0.0,0.0,0.0,0.0,0.0,0.0,240.27,32.64,242.14,29.71,238.36,31.1,1.0,50.02
2026-10-04T16:35:01.489107+00:00,0.0,31.84,30.56,-62.4,67.7,95.0,52.0,20.6,6.5,0.0,348.53,1537.38,67091.72,73932.65,0.0,0.0,0.0,0.0,0.0,0.0,14.04,35.12,29.57,47.98,0.0,0.0,0.0,0.0,0.0,0.0,0.0,0.0,0.0,0.0,0.0,0.0,0.0,0.0,0.0,0.0,0.0,0.0,0.0,0.0,0.0,0.0,0.0,0.0,240.32,31.07,242.09,30.93,238.4,31.37,1.0,49.84
2026-10-04T16:40:01.387972+00:00,0.0,34.71,27.59,-62.3,63.1,95.0,52.0,20.6,6.5,0.0,348.53,1537.38,67091.72,73932.65,0.0,0.0,0.0,0.0,0.0,0.0,16.03,35.12,29.57,47.98,0.0,0.0,0.0,0.0,0.0,0.0,0.0,0.0,0.0,0.0,0.0,0.0,0.0,0.0,0.0,0.0,0.0,0.0,0.0,0.0,0.0,0.0,0.0,0.0,240.29,31.05,242.47,30.92,238.45,31.37,1.0,49.88
2026-10-04T16:45:01.509642+00:00,0.0,38.31,23.79,-62.1,58.4,94.0,52.0,20.4,6.5,0.0,348.53,1537.38,67091.72,73932.65,0.0,0.0,0.0,0.0,0.0,0.0,18.02,35.12,29.57,47.98,0.0,0.0,0.0,0.0,0.0,0.0,0.0,0.0,0.0,0.0,0.0,0.0,0.0,0.0,0.0,0.0,0.0,0.0,0.0,0.0,0.0,0.0,0.0,0.0,240.77,30.99,242.3,30.91,238.68,31.33,1.0,49.98
2026-10-04T16:50:01.943714+00:00,0.0,27.69,33.51,-61.2,53.9,94.0,52.0,20.4,6.5,0.0,348.53,1537.38,67091.72,73932.65,0.0,0.0,0.0,0.0,0.0,0.0,20.0,35.12,29.57,47.98,0.0,0.0,0.0,0.0,0.0,0.0,0.0,0.0,0.0,0.0,0.0,0.0,0.0,0.0,0.0,0.0,0.0,0.0,0.0,0.0,0.0,0.0,0.0,0.0,240.89,30.75,242.66,30.64,238.93,31.05,1.0,49.97
2026-10-04T16:55:02.136676+00:00,0.0,34.75,25.85,-60.6,49.3,94.0,52.0,20.4,6.5,0.0,348.53,1537.38,67091.72,73932.65,0.0,0.0,0.0,0.0,0.0,0.0,21.93,35.12,29.57,47.98,0.0,0.0,0.0,0.0,0.0,0.0,0.0,0.0,0.0,0.0,0.0,0.0,0.0,0.0,0.0,0.0,0.0,0.0,0.0,0.0,0.0,0.0,0.0,0.0,240.75,35.82,242.75,26.95,239.34,28.39,1.0,49.99
2026-10-04T17:00:02.078573+00:00,0.0,26.08,33.82,-59.9,44.9,93.0,0.0,20.3,6.6,0.0,348.53,1537.38,67091.72,73932.65,0.0,0.0,0.0,0.0,0.0,0.0,23.84,35.12,29.57,47.98,0.0,0.0,0.0,0.0,0.0,0.0,0.0,0.0,0.0,0.0,0.0,0.0,0.0,0.0,0.0,0.0,0.0,0.0,0.0,0.0,0.0,0.0,0.0,0.0,240.79,29.86,243.0,29.72,239.23,30.11,1.0,49.88
2026-10-04T17:05:02.093120+00:00,0.0,29.84,29.66,-59.5,40.5,93.0,0.0,20.3,6.6,0.0,348.53,1537.38,67091.72,73932.65,0.0,0.0,0.0,0.0,0.0,0.0,25.74,35.12,29.57,47.98,0.0,0.0,0.0,0.0,0.0,0.0,0.0,0.0,0.0,0.0,0.0,0.0,0.0,0.0,0.0,0.0,0.0,0.0,0.0,0.0,0.0,0.0,0.0,0.0,240.67,29.59,243.24,29.4,239.62,29.78,1.0,49.93
2026-10-04T17:10:01.333185+00:00,0.0,29.54,29.26,-58.8,36.1,93.0,0.0,20.3,6.6,0.0,348.53,1537.38,67091.72,73932.65,0.0,0.0,0.0,0.0,0.0,0.0,27.61,35.12,29.57,47.98,0.0,0.0,0.0,0.0,0.0,0.0,0.0,0.0,0.0,0.0,0.0,0.0,0.0,0.0,0.0,0.0,0.0,0.0,0.0,0.0,0.0,0.0,0.0,0.0,242.05,29.1,244.68,28.89,240.77,29.32,1.0,49.98
2026-10-04T17:15:01.842208+00:00,0.0,28.32,29.98,-58.3,31.8,93.0,0.0,20.1,6.6,0.0,348.53,1537.38,67091.72,73932.65,0.0,0.0,0.0,0.0,0.0,0.0,29.46,35.12,29.57,47.98,0.0,0.0,0.0,0.0,0.0,0.0,0.0,0.0,0.0,0.0,0.0,0.0,0.0,0.0,0.0,0.0,0.0,0.0,0.0,0.0,0.0,0.0,0.0,0.0,242.56,28.69,244.89,28.53,240.89,28.95,1.0,50.07
2026-10-04T17:20:01.513083+00:00,0.0,25.51,32.19,-57.7,27.5,93.0,0.0,20.1,6.6,0.0,348.53,1537.38,67091.72,73932.65,0.0,0.0,0.0,0.0,0.0,0.0,31.31,35.12,29.57,47.98,0.0,0.0,0.0,0.0,0.0,0.0,0.0,0.0,0.0,0.0,0.0,0.0,0.0,0.0,0.0,0.0,0.0,0.0,0.0,0.0,0.0,0.0,0.0,0.0,242.09,28.71,244.81,28.5,241.07,28.9,1.0,49.93
2026-10-04T17:25:02.026578+00:00,0.0,30.52,26.38,-56.9,23.2,93.0,0.0,20.1,6.6,0.0,348.53,1537.38,67091.72,73932.65,0.0,0.0,0.0,0.0,0.0,0.0,33.14,35.12,29.57,47.98,0.0,0.0,0.0,0.0,0.0,0.0,0.0,0.0,0.0,0.0,0.0,0.0,0.0,0.0,0.0,0.0,0.0,0.0,0.0,0.0,0.0,0.0,0.0,0.0,241.97,28.26,244.91,28.06,240.97,28.47,1.0,49.89
2026-10-04T17:30:01.468678+00:00,0.0,-34.15,34.75,-0.6,20.0,94.0,0.0,20.0,6.6,0.0,348.53,1537.38,67091.72,73932.65,0.0,0.0,0.0,0.0,0.0,0.0,34.73,35.12,29.57,47.98,0.0,0.0,0.0,0.0,0.0,0.0,0.0,0.0,0.0,0.0,0.0,0.0,0.0,0.0,0.0,0.0,0.0,0.0,0.0,0.0,0.0,0.0,0.0,0.0,242.7,27.96,244.77,27.81,241.13,28.17,0.903,49.98
2026-10-04T17:35:01.523823+00:00,0.0,-34.94,34.54,0.4,19.9,94.0,0.0,20.0,6.6,0.0,348.53,1537.38,67091.72,73932.65,0.0,0.0,0.0,0.0,0.0,0.0,34.78,35.12,29.57,47.98,0.0,0.0,0.0,0.0,0.0,0.0,0.0,0.0,0.0,0.0,0.0,0.0,0.0,0.0,0.0,0.0,0.0,0.0,0.0,0.0,0.0,0.0,0.0,0.0,241.71,1.65,244.2,1.64,240.35,1.67,0.52,50.04
2026-10-04T17:40:01.280532+00:00,0.0,-29.44,29.04,0.4,19.9,94.0,0.0,20.0,6.6,0.0,348.53,1537.38,67091.72,73932.65,0.0,0.0,0.0,0.0,0.0,0.0,34.8,35.12,29.57,47.98,0.0,0.0,0.0,0.0,0.0,0.0,0.0,0.0,0.0,0.0,0.0,0.0,0.0,0.0,0.0,0.0,0.0,0.0,0.0,0.0,0.0,0.0,0.0,0.0,240.89,0.62,243.42,0.62,239.62,0.61,-0.296,50.06
2026-10-04T17:45:01.821812+00:00,0.0,-27.52,27.12,0.4,19.9,95.0,0.0,19.8,6.5,0.0,348.53,1537.38,67091.72,73932.65,0.0,0.0,0.0,0.0,0.0,0.0,34.81,35.12,29.57,47.98,0.0,0.0,0.0,0.0,0.0,0.0,0.0,0.0,0.0,0.0,0.0,0.0,0.0,0.0,0.0,0.0,0.0,0.0,0.0,0.0,0.0,0.0,0.0,0.0,241.84,0.52,244.43,0.52,240.58,0.52,-0.813,50.15
2026-10-04T17:50:01.767500+00:00,0.0,-25.74,25.14,0.6,19.9,95.0,0.0,19.8,6.5,0.0,348.53,1537.38,67091.72,73932.65,0.0,0.0,0.0,0.0,0.0,0.0,34.83,35.12,29.57,47.98,0.0,0.0,0.0,0.0,0.0,0.0,0.0,0.0,0.0,0.0,0.0,0.0,0.0,0.0,0.0,0.0,0.0,0.0,0.0,0.0,0.0,0.0,0.0,0.0,241.99,0.64,243.7,0.64,240.56,0.64,-0.739,50.03
2026-10-04T17:55:01.830336+00:00,0.0,-23.47,22.97,0.5,19.9,95.0,0.0,19.8,6.5,0.0,348.53,1537.38,67091.72,73932.65,0.0,0.0,0.0,0.0,0.0,0.0,34.84,35.12,29.57,47.98,0.0,0.0,0.0,0.0,0.0,0.0,0.0,0.0,0.0,0.0,0.0,0.0,0.0,0.0,0.0,0.0,0.0,0.0,0.0,0.0,0.0,0.0,0.0,0.0,241.22,1.01,243.55,0.99,239.74,1.0,-0.61,50.0
2026-10-04T18:00:01.644253+00:00,0.0,-30.08,29.38,0.7,19.9,95.0,0.0,19.6,6.5,0.0,348.53,1537.38,67091.72,73932.65,0.0,0.0,0.0,0.0,0.0,0.0,34.85,35.12,29.57,47.98,0.0,0.0,0.0,0.0,0.0,0.0,0.0,0.0,0.0,0.0,0.0,0.0,0.0,0.0,0.0,0.0,0.0,0.0,0.0,0.0,0.0,0.0,0.0,0.0,242.1,0.62,244.41,0.62,240.46,0.62,-0.999,50.15
2026-10-04T18:05:01.493305+00:00,0.0,-19.99,19.99,0.0,19.9,95.0,0.0,19.6,6.5,0.0,348.53,1537.38,67091.72,73932.65,0.0,0.0,0.0,0.0,0.0,0.0,34.86,35.12,29.57,47.98,0.0,0.0,0.0,0.0,0.0,0.0,0.0,0.0,0.0,0.0,0.0,0.0,0.0,0.0,0.0,0.0,0.0,0.0,0.0,0.0,0.0,0.0,0.0,0.0,241.99,0.61,245.0,0.6,240.8,0.61,-0.413,50.08
2026-10-04T18:10:01.907792+00:00,0.0,-29.09,28.89,0.2,19.9,95.0,0.0,19.6,6.5,0.0,348.53,1537.38,67091.72,73932.65,0.0,0.0,0.0,0.0,0.0,0.0,34.86,35.12,29.57,47.98,0.0,0.0,0.0,0.0,0.0,0.0,0.0,0.0,0.0,0.0,0.0,0.0,0.0,0.0,0.0,0.0,0.0,0.0,0.0,0.0,0.0,0.0,0.0,0.0,242.54,0.58,244.61,0.58,241.19,0.57,-0.871,50.07
2026-10-04T18:15:01.466694+00:00,0.0,-29.27,28.87,0.4,19.9,95.0,0.0,19.4,6.2,0.0,348.53,1537.38,67091.72,73932.65,0.0,0.0,0.0,0.0,0.0,0.0,34.86,35.12,29.57,47.98,0.0,0.0,0.0,0.0,0.0,0.0,0.0,0.0,0.0,0.0,0.0,0.0,0.0,0.0,0.0,0.0,0.0,0.0,0.0,0.0,0.0,0.0,0.0,0.0,239.82,0.61,242.16,0.59,238.73,0.6,-0.871,49.95
2026-10-04T18:20:01.402215+00:00,0.0,-28.33,28.13,0.2,19.9,95.0,0.0,19.4,6.2,0.0,348.53,1537.38,67091.72,73932.65,0.0,0.0,0.0,0.0,0.0,0.0,34.87,35.12,29.57,47.98,0.0,0.0,0.0,0.0,0.0,0.0,0.0,0.0,0.0,0.0,0.0,0.0,0.0,0.0,0.0,0.0,0.0,0.0,0.0,0.0,0.0,0.0,0.0,0.0,240.66,0.69,243.16,0.69,239.62,0.69,-0.607,50.06
2026-10-04T18:25:01.463677+00:00,0.0,-24.31,23.91,0.4,19.9,95.0,0.0,19.4,6.2,0.0,348.53,1537.38,67091.72,73932.65,0.0,0.0,0.0,0.0,0.0,0.0,34.87,35.12,29.57,47.98,0.0,0.0,0.0,0.0,0.0,0.0,0.0,0.0,0.0,0.0,0.0,0.0,0.0,0.0,0.0,0.0,0.0,0.0,0.0,0.0,0.0,0.0,0.0,0.0,241.31,0.63,243.54,0.62,240.61,0.63,-0.66,49.99
2026-10-04T18:30:01.996359+00:00,0.0,-27.19,26.79,0.4,19.9,86.0,0.0,19.2,6.1,0.0,348.53,1537.38,67091.72,73932.65,0.0,0.0,0.0,0.0,0.0,0.0,34.87,35.12,29.57,47.98,0.0,0.0,0.0,0.0,0.0,0.0,0.0,0.0,0.0,0.0,0.0,0.0,0.0,0.0,0.0,0.0,0.0,0.0,0.0,0.0,0.0,0.0,0.0,0.0,242.52,0.55,244.97,0.56,241.8,0.56,-0.566,50.15
2026-10-04T18:35:01.235522+00:00,0.0,-27.27,26.87,0.2,19.9,86.0,0.0,19.0,6.1,0.0,348.53,1537.38,67091.72,73932.65,0.0,0.0,0.0,0.0,0.0,0.0,34.87,35.12,29.57,47.98,0.0,0.0,0.0,0.0,0.0,0.0,0.0,0.0,0.0,0.0,0.0,0.0,0.0,0.0,0.0,0.0,0.0,0.0,0.0,0.0,0.0,0.0,0.0,0.0,242.3,0.58,244.87,0.59,241.42,0.59,-0.599,49.94
2026-10-04T18:40:01.991910+00:00,0.0,-29.72,29.32,0.2,19.9,86.0,0.0,19.0,7.3,0.0,348.53,1537.38,67091.72,73932.65,0.0,0.0,0.0,0.0,0.0,0.0,34.88,35.12,29.57,47.98,0.0,0.0,0.0,0.0,0.0,0.0,0.0,0.0,0.0,0.0,0.0,0.0,0.0,0.0,0.0,0.0,0.0,0.0,0.0,0.0,0.0,0.0,0.0,0.0,241.74,0.57,244.14,0.58,240.75,0.58,-0.675,50.15
2026-10-04T18:45:02.062471+00:00,0.0,-35.53,35.33,0.0,19.9,83.0,0.0,18.9,7.5,0.0,348.53,1537.38,67091.72,73932.65,0.0,0.0,0.0,0.0,0.0,0.0,34.88,35.12,29.57,47.98,0.0,0.0,0.0,0.0,0.0,0.0,0.0,0.0,0.0,0.0,0.0,0.0,0.0,0.0,0.0,0.0,0.0,0.0,0.0,0.0,0.0,0.0,0.0,0.0,241.61,0.56,243.88,0.56,240.75,0.58,-0.631,50.1
2026-10-04T18:50:02.084256+00:00,0.0,-28.53,28.33,0.2,19.9,83.0,0.0,18.9,7.5,0.0,348.53,1537.38,67091.72,73932.65,0.0,0.0,0.0,0.0,0.0,0.0,34.88,35.12,29.57,47.98,0.0,0.0,0.0,0.0,0.0,0.0,0.0,0.0,0.0,0.0,0.0,0.0,0.0,0.0,0.0,0.0,0.0,0.0,0.0,0.0,0.0,0.0,0.0,0.0,241.78,0.49,244.54,0.49,241.35,0.5,-0.593,50.04
2026-10-04T18:55:01.709083+00:00,0.0,-27.12,26.92,0.2,19.9,83.0,0.0,18.9,7.5,0.0,348.53,1537.38,67091.72,73932.65,0.0,0.0,0.0,0.0,0.0,0.0,34.89,35.12,29.57,47.98,0.0,0.0,0.0,0.0,0.0,0.0,0.0,0.0,0.0,0.0,0.0,0.0,0.0,0.0,0.0,0.0,0.0,0.0,0.0,0.0,0.0,0.0,0.0,0.0,240.64,0.57,242.91,0.56,240.14,0.58,-0.582,50.15
2026-10-04T19:00:02.152969+00:00,0.0,-27.11,26.71,0.4,19.9,80.0,0.0,18.7,7.6,0.0,348.53,1537.38,67091.72,73932.65,0.0,0.0,0.0,0.0,0.0,0.0,34.89,35.12,29.57,47.98,0.0,0.0,0.0,0.0,0.0,0.0,0.0,0.0,0.0,0.0,0.0,0.0,0.0,0.0,0.0,0.0,0.0,0.0,0.0,0.0,0.0,0.0,0.0,0.0,240.89,0.58,243.12,0.57,240.1,0.58,-0.758,50.14
2026-10-04T19:05:02.054593+00:00,0.0,-26.78,26.38,0.4,19.9,80.0,0.0,18.7,7.6,0.0,348.53,1537.38,67091.72,73932.65,0.0,0.0,0.0,0.0,0.0,0.0,34.89,35.12,29.57,47.98,0.0,0.0,0.0,0.0,0.0,0.0,0.0,0.0,0.0,0.0,0.0,0.0,0.0,0.0,0.0,0.0,0.0,0.0,0.0,0.0,0.0,0.0,0.0,0.0,243.0,0.93,245.31,0.92,242.09,0.93,-0.679,50.04
2026-10-04T19:10:02.077348+00:00,0.0,-24.31,23.91,0.4,19.9,80.0,0.0,18.7,7.6,0.0,348.53,1537.38,67091.72,73932.65,0.0,0.0,0.0,0.0,0.0,0.0,34.9,35.12,29.57,47.98,0.0,0.0,0.0,0.0,0.0,0.0,0.0,0.0,0.0,0.0,0.0,0.0,0.0,0.0,0.0,0.0,0.0,0.0,0.0,0.0,0.0,0.0,0.0,0.0,238.39,0.6,240.72,0.6,237.46,0.61,-0.724,50.11
2026-10-04T19:15:02.219610+00:00,0.0,-27.18,26.58,0.6,19.9,78.0,0.0,18.5,7.7,0.0,348.53,1537.38,67091.72,73932.65,0.0,0.0,0.0,0.0,0.0,0.0,34.9,35.12,29.57,47.98,0.0,0.0,0.0,0.0,0.0,0.0,0.0,0.0,0.0,0.0,0.0,0.0,0.0,0.0,0.0,0.0,0.0,0.0,0.0,0.0,0.0,0.0,0.0,0.0,238.05,0.48,240.31,0.51,237.13,0.5,-0.739,49.93
2026-10-04T19:20:01.780811+00:00,0.0,-23.7,23.1,0.6,19.9,78.0,0.0,18.5,7.7,0.0,348.53,1537.38,67091.72,73932.65,0.0,0.0,0.0,0.0,0.0,0.0,34.9,35.12,29.57,47.98,0.0,0.0,0.0,0.0,0.0,0.0,0.0,0.0,0.0,0.0,0.0,0.0,0.0,0.0,0.0,0.0,0.0,0.0,0.0,0.0,0.0,0.0,0.0,0.0,237.39,0.63,239.72,0.63,236.27,0.64,-0.596,49.86
2026-10-04T19:25:01.613840+00:00,0.0,-28.55,27.95,0.4,19.9,78.0,0.0,18.5,7.7,0.0,348.53,1537.38,67091.72,73932.65,0.0,0.0,0.0,0.0,0.0,0.0,34.9,35.12,29.57,47.98,0.0,0.0,0.0,0.0,0.0,0.0,0.0,0.0,0.0,0.0,0.0,0.0,0.0,0.0,0.0,0.0,0.0,0.0,0.0,0.0,0.0,0.0,0.0,0.0,238.25,0.55,240.58,0.58,237.21,0.57,-0.91,50.02
2026-10-04T19:30:01.743025+00:00,0.0,-23.75,23.15,0.6,19.9,76.0,0.0,18.3,7.7,0.0,348.53,1537.38,67091.72,73932.65,0.0,0.0,0.0,0.0,0.0,0.0,34.9,35.12,29.57,47.98,0.0,0.0,0.0,0.0,0.0,0.0,0.0,0.0,0.0,0.0,0.0,0.0,0.0,0.0,0.0,0.0,0.0,0.0,0.0,0.0,0.0,0.0,0.0,0.0,237.34,0.54,240.0,0.56,236.64,0.56,-0.436,49.9
2026-10-04T19:35:01.353205+00:00,0.0,-22.49,21.89,0.2,19.9,76.0,0.0,18.3,7.7,0.0,348.53,1537.38,67091.72,73932.65,0.0,0.0,0.0,0.0,0.0,0.0,34.9,35.12,29.57,47.98,0.0,0.0,0.0,0.0,0.0,0.0,0.0,0.0,0.0,0.0,0.0,0.0,0.0,0.0,0.0,0.0,0.0,0.0,0.0,0.0,0.0,0.0,0.0,0.0,238.74,0.71,241.38,0.73,237.52,0.72,-0.947,50.11
2026-10-04T19:40:01.956661+00:00,0.0,-26.25,25.85,0.4,19.9,76.0,0.0,18.3,7.7,0.0,348.53,1537.38,67091.72,73932.65,0.0,0.0,0.0,0.0,0.0,0.0,34.9,35.12,29.57,47.98,0.0,0.0,0.0,0.0,0.0,0.0,0.0,0.0,0.0,0.0,0.0,0.0,0.0,0.0,0.0,0.0,0.0,0.0,0.0,0.0,0.0,0.0,0.0,0.0,238.62,0.56,240.57,0.57,237.47,0.59,-0.64,50.05
2026-10-04T19:45:02.052727+00:00,0.0,-22.32,21.92,0.2,19.9,75.0,0.0,18.2,7.7,0.0,348.53,1537.38,67091.72,73932.65,0.0,0.0,0.0,0.0,0.0,0.0,34.9,35.12,29.57,47.98,0.0,0.0,0.0,0.0,0.0,0.0,0.0,0.0,0.0,0.0,0.0,0.0,0.0,0.0,0.0,0.0,0.0,0.0,0.0,0.0,0.0,0.0,0.0,0.0,239.2,0.56,241.18,0.57,238.32,0.56,-0.591,50.16
2026-10-04T19:50:01.723497+00:00,0.0,-23.63,23.23,0.4,19.9,75.0,0.0,18.2,7.7,0.0,348.53,1537.38,67091.72,73932.65,0.0,0.0,0.0,0.0,0.0,0.0,34.9,35.12,29.57,47.98,0.0,0.0,0.0,0.0,0.0,0.0,0.0,0.0,0.0,0.0,0.0,0.0,0.0,0.0,0.0,0.0,0.0,0.0,0.0,0.0,0.0,0.0,0.0,0.0,239.44,0.55,241.1,0.55,238.05,0.55,-0.804,49.98
2026-10-04T19:55:01.658674+00:00,0.0,-24.05,23.45,0.2,19.9,75.0,0.0,18.2,7.7,0.0,348.53,1537.38,67091.72,73932.65,0.0,0.0,0.0,0.0,0.0,0.0,34.9,35.12,29.57,47.98,0.0,0.0,0.0,0.0,0.0,0.0,0.0,0.0,0.0,0.0,0.0,0.0,0.0,0.0,0.0,0.0,0.0,0.0,0.0,0.0,0.0,0.0,0.0,0.0,239.29,0.6,240.98,0.6,238.31,0.6,-0.977,49.95
2026-10-04T20:00:01.489497+00:00,0.0,-22.29,21.69,0.6,19.9,74.0,0.0,18.0,7.8,0.0,348.53,1537.38,67091.72,73932.65,0.0,0.0,0.0,0.0,0.0,0.0,34.9,35.12,29.57,47.98,0.0,0.0,0.0,0.0,0.0,0.0,0.0,0.0,0.0,0.0,0.0,0.0,0.0,0.0,0.0,0.0,0.0,0.0,0.0,0.0,0.0,0.0,0.0,0.0,238.69,0.59,240.39,0.59,237.71,0.6,-0.76,49.88
2026-10-04T20:05:01.286350+00:00,0.0,-24.38,23.78,0.6,19.9,74.0,0.0,18.0,7.8,0.0,348.53,1537.38,67091.72,73932.65,0.0,0.0,0.0,0.0,0.0,0.0,34.9,35.12,29.57,47.98,0.0,0.0,0.0,0.0,0.0,0.0,0.0,0.0,0.0,0.0,0.0,0.0,0.0,0.0,0.0,0.0,0.0,0.0,0.0,0.0,0.0,0.0,0.0,0.0,239.36,0.53,241.43,0.53,239.22,0.53,-0.93,50.11
2026-10-04T20:10:01.708983+00:00,0.0,-20.59,20.19,0.4,20.0,74.0,0.0,18.0,7.8,0.0,348.53,1537.38,67091.72,73932.65,0.0,0.0,0.0,0.0,0.0,0.0,34.9,35.12,29.57,47.98,0.0,0.0,0.0,0.0,0.0,0.0,0.0,0.0,0.0,0.0,0.0,0.0,0.0,0.0,0.0,0.0,0.0,0.0,0.0,0.0,0.0,0.0,0.0,0.0,238.91,0.53,240.83,0.52,238.59,0.52,-0.983,49.94
2026-10-04T20:15:01.585131+00:00,0.0,-20.74,20.34,0.4,20.0,74.0,0.0,17.9,7.8,0.0,348.53,1537.38,67091.72,73932.65,0.0,0.0,0.0,0.0,0.0,0.0,34.9,35.12,29.57,47.98,0.0,0.0,0.0,0.0,0.0,0.0,0.0,0.0,0.0,0.0,0.0,0.0,0.0,0.0,0.0,0.0,0.0,0.0,0.0,0.0,0.0,0.0,0.0,0.0,239.71,0.51,241.63,0.51,239.82,0.52,-0.809,50.09
2026-10-04T20:20:01.775581+00:00,0.0,-21.09,20.49,0.6,20.0,74.0,0.0,17.9,7.8,0.0,348.53,1537.38,67091.72,73932.65,0.0,0.0,0.0,0.0,0.0,0.0,34.9,35.12,29.57,47.98,0.0,0.0,0.0,0.0,0.0,0.0,0.0,0.0,0.0,0.0,0.0,0.0,0.0,0.0,0.0,0.0,0.0,0.0,0.0,0.0,0.0,0.0,0.0,0.0,238.68,0.5,240.53,0.51,238.49,0.51,-0.873,49.95
2026-10-04T20:25:01.269207+00:00,0.0,-22.27,21.67,0.6,20.0,74.0,0.0,17.9,7.8,0.0,348.53,1537.38,67091.72,73932.65,0.0,0.0,0.0,0.0,0.0,0.0,34.9,35.12,29.57,47.98,0.0,0.0,0.0,0.0,0.0,0.0,0.0,0.0,0.0,0.0,0.0,0.0,0.0,0.0,0.0,0.0,0.0,0.0,0.0,0.0,0.0,0.0,0.0,0.0,238.94,0.57,240.8,0.58,238.37,0.58,-0.612,49.95
2026-10-04T20:30:01.746627+00:00,0.0,-26.06,25.46,0.4,20.0,75.0,0.0,17.7,7.8,0.0,348.53,1537.38,67091.72,73932.65,0.0,0.0,0.0,0.0,0.0,0.0,34.9,35.12,29.57,47.98,0.0,0.0,0.0,0.0,0.0,0.0,0.0,0.0,0.0,0.0,0.0,0.0,0.0,0.0,0.0,0.0,0.0,0.0,0.0,0.0,0.0,0.0,0.0,0.0,239.76,0.57,241.3,0.57,238.97,0.59,-0.616,50.06
2026-10-04T20:35:01.903920+00:00,0.0,-25.11,24.51,0.6,20.0,75.0,0.0,17.7,7.8,0.0,348.53,1537.38,67091.72,73932.65,0.0,0.0,0.0,0.0,0.0,0.0,34.9,35.12,29.57,47.98,0.0,0.0,0.0,0.0,0.0,0.0,0.0,0.0,0.0,0.0,0.0,0.0,0.0,0.0,0.0,0.0,0.0,0.0,0.0,0.0,0.0,0.0,0.0,0.0,239.77,0.55,241.26,0.56,238.98,0.55,-0.886,50.11
2026-10-04T20:40:01.171563+00:00,0.0,-19.53,19.13,0.2,20.0,75.0,0.0,17.7,7.8,0.0,348.53,1537.38,67091.72,73932.65,0.0,0.0,0.0,0.0,0.0,0.0,34.9,35.12,29.57,47.98,0.0,0.0,0.0,0.0,0.0,0.0,0.0,0.0,0.0,0.0,0.0,0.0,0.0,0.0,0.0,0.0,0.0,0.0,0.0,0.0,0.0,0.0,0.0,0.0,238.57,0.61,240.51,0.61,237.86,0.62,-0.783,49.85
2026-10-04T20:45:01.543407+00:00,0.0,-19.55,18.95,0.6,20.0,76.0,0.0,17.6,7.8,0.0,348.53,1537.38,67091.72,73932.65,0.0,0.0,0.0,0.0,0.0,0.0,34.9,35.12,29.57,47.98,0.0,0.0,0.0,0.0,0.0,0.0,0.0,0.0,0.0,0.0,0.0,0.0,0.0,0.0,0.0,0.0,0.0,0.0,0.0,0.0,0.0,0.0,0.0,0.0,238.92,0.56,240.89,0.56,237.92,0.56,-0.946,49.86
2026-10-04T20:50:01.632556+00:00,0.0,-20.28,19.68,0.6,20.0,76.0,0.0,17.6,7.8,0.0,348.53,1537.38,67091.72,73932.65,0.0,0.0,0.0,0.0,0.0,0.0,34.9,35.12,29.57,47.98,0.0,0.0,0.0,0.0,0.0,0.0,0.0,0.0,0.0,0.0,0.0,0.0,0.0,0.0,0.0,0.0,0.0,0.0,0.0,0.0,0.0,0.0,0.0,0.0,239.53,0.86,241.55,0.84,238.45,0.86,-0.775,49.91
2026-10-04T20:55:01.183392+00:00,0.0,-21.56,20.96,0.4,20.0,76.0,0.0,17.6,7.8,0.0,348.53,1537.38,67091.72,73932.65,0.0,0.0,0.0,0.0,0.0,0.0,34.9,35.12,29.57,47.98,0.0,0.0,0.0,0.0,0.0,0.0,0.0,0.0,0.0,0.0,0.0,0.0,0.0,0.0,0.0,0.0,0.0,0.0,0.0,0.0,0.0,0.0,0.0,0.0,239.88,0.52,241.86,0.53,238.86,0.53,-0.966,50.02
2026-10-04T21:00:01.361220+00:00,0.0,-21.56,21.16,0.2,20.0,78.0,0.0,17.5,7.8,0.0,348.53,1537.38,67091.72,73932.65,0.0,0.0,0.0,0.0,0.0,0.0,34.9,35.12,29.57,47.98,0.0,0.0,0.0,0.0,0.0,0.0,0.0,0.0,0.0,0.0,0.0,0.0,0.0,0.0,0.0,0.0,0.0,0.0,0.0,0.0,0.0,0.0,0.0,0.0,239.7,0.68,241.55,0.67,238.79,0.67,-0.886,49.96
2026-10-04T21:05:01.317385+00:00,0.0,-20.01,19.41,0.6,20.0,78.0,0.0,17.5,7.8,0.0,348.53,1537.38,67091.72,73932.65,0.0,0.0,0.0,0.0,0.0,0.0,34.9,35.12,29.57,47.98,0.0,0.0,0.0,0.0,0.0,0.0,0.0,0.0,0.0,0.0,0.0,0.0,0.0,0.0,0.0,0.0,0.0,0.0,0.0,0.0,0.0,0.0,0.0,0.0,240.27,0.59,241.53,0.59,239.11,0.59,-0.882,50.01
2026-10-04T21:10:01.268129+00:00,0.0,-20.9,20.3,0.6,20.0,78.0,0.0,17.5,7.8,0.0,348.53,1537.38,67091.72,73932.65,0.0,0.0,0.0,0.0,0.0,0.0,34.9,35.12,29.57,47.98,0.0,0.0,0.0,0.0,0.0,0.0,0.0,0.0,0.0,0.0,0.0,0.0,0.0,0.0,0.0,0.0,0.0,0.0,0.0,0.0,0.0,0.0,0.0,0.0,239.01,0.53,241.13,0.53,238.23,0.54,-0.982,49.97
2026-10-04T21:15:01.609116+00:00,0.0,-20.69,20.29,0.2,20.0,81.0,0.0,17.3,7.8,0.0,348.53,1537.38,67091.72,73932.65,0.0,0.0,0.0,0.0,0.0,0.0,34.9,35.12,29.57,47.98,0.0,0.0,0.0,0.0,0.0,0.0,0.0,0.0,0.0,0.0,0.0,0.0,0.0,0.0,0.0,0.0,0.0,0.0,0.0,0.0,0.0,0.0,0.0,0.0,239.11,0.55,240.86,0.55,238.19,0.57,-0.697,50.03
2026-10-04T21:20:01.650141+00:00,0.0,-22.79,22.19,0.6,20.0,81.0,0.0,17.3,7.8,0.0,348.53,1537.38,67091.72,73932.65,0.0,0.0,0.0,0.0,0.0,0.0,34.9,35.12,29.57,47.98,0.0,0.0,0.0,0.0,0.0,0.0,0.0,0.0,0.0,0.0,0.0,0.0,0.0,0.0,0.0,0.0,0.0,0.0,0.0,0.0,0.0,0.0,0.0,0.0,239.53,0.57,241.33,0.57,238.65,0.57,-0.66,50.07
2026-10-04T21:25:01.643681+00:00,0.0,-19.88,19.28,0.4,20.0,81.0,0.0,17.3,7.8,0.0,348.53,1537.38,67091.72,73932.65,0.0,0.0,0.0,0.0,0.0,0.0,34.9,35.12,29.57,47.98,0.0,0.0,0.0,0.0,0.0,0.0,0.0,0.0,0.0,0.0,0.0,0.0,0.0,0.0,0.0,0.0,0.0,0.0,0.0,0.0,0.0,0.0,0.0,0.0,239.86,0.57,241.94,0.57,239.11,0.57,-0.924,50.14
2026-10-04T21:30:01.353090+00:00,0.0,-21.29,20.89,0.4,20.0,85.0,0.0,17.2,7.7,0.0,348.53,1537.38,67091.72,73932.65,0.0,0.0,0.0,0.0,0.0,0.0,34.9,35.12,29.57,47.98,0.0,0.0,0.0,0.0,0.0,0.0,0.0,0.0,0.0,0.0,0.0,0.0,0.0,0.0,0.0,0.0,0.0,0.0,0.0,0.0,0.0,0.0,0.0,0.0,240.05,0.61,241.87,0.6,239.46,0.61,-0.726,50.12
2026-10-04T21:35:01.169386+00:00,0.0,-21.46,21.06,0.4,20.0,85.0,0.0,17.2,7.7,0.0,348.53,1537.38,67091.72,73932.65,0.0,0.0,0.0,0.0,0.0,0.0,34.9,35.12,29.57,47.98,0.0,0.0,0.0,0.0,0.0,0.0,0.0,0.0,0.0,0.0,0.0,0.0,0.0,0.0,0.0,0.0,0.0,0.0,0.0,0.0,0.0,0.0,0.0,0.0,238.31,0.62,239.72,0.61,237.66,0.63,-0.968,49.9
2026-10-04T21:40:01.992119+00:00,0.0,-23.83,23.43,0.4,20.0,85.0,0.0,17.2,7.7,0.0,348.53,1537.38,67091.72,73932.65,0.0,0.0,0.0,0.0,0.0,0.0,34.91,35.12,29.57,47.98,0.0,0.0,0.0,0.0,0.0,0.0,0.0,0.0,0.0,0.0,0.0,0.0,0.0,0.0,0.0,0.0,0.0,0.0,0.0,0.0,0.0,0.0,0.0,0.0,238.62,0.56,240.45,0.57,238.39,0.57,-0.978,49.95
2026-10-04T21:45:01.893062+00:00,0.0,-23.77,23.37,0.4,20.0,89.0,0.0,17.0,7.5,0.0,348.53,1537.38,67091.72,73932.65,0.0,0.0,0.0,0.0,0.0,0.0,34.91,35.12,29.57,47.98,0.0,0.0,0.0,0.0,0.0,0.0,0.0,0.0,0.0,0.0,0.0,0.0,0.0,0.0,0.0,0.0,0.0,0.0,0.0,0.0,0.0,0.0,0.0,0.0,239.24,0.59,240.79,0.6,238.41,0.6,-0.562,50.07
2026-10-04T21:50:01.311728+00:00,0.0,-19.87,19.27,0.6,20.0,89.0,0.0,17.0,7.5,0.0,348.53,1537.38,67091.72,73932.65,0.0,0.0,0.0,0.0,0.0,0.0,34.91,35.12,29.57,47.98,0.0,0.0,0.0,0.0,0.0,0.0,0.0,0.0,0.0,0.0,0.0,0.0,0.0,0.0,0.0,0.0,0.0,0.0,0.0,0.0,0.0,0.0,0.0,0.0,239.24,0.7,240.94,0.69,238.28,0.69,-0.962,50.04
2026-10-04T21:55:01.922601+00:00,0.0,-19.7,19.1,0.6,20.0,89.0,0.0,17.0,7.5,0.0,348.53,1537.38,67091.72,73932.65,0.0,0.0,0.0,0.0,0.0,0.0,34.91,35.12,29.57,47.98,0.0,0.0,0.0,0.0,0.0,0.0,0.0,0.0,0.0,0.0,0.0,0.0,0.0,0.0,0.0,0.0,0.0,0.0,0.0,0.0,0.0,0.0,0.0,0.0,239.23,0.52,240.72,0.52,238.44,0.51,-0.867,50.02
2026-10-04T22:00:01.809360+00:00,0.0,-29.35,22.65,6.7,20.0,91.0,0.0,16.9,7.5,0.0,348.53,1537.38,67091.72,73932.65,0.0,0.0,0.0,0.0,0.0,0.0,0.0,35.12,29.57,47.98,0.0,0.0,0.0,0.0,0.0,0.0,0.0,0.0,0.0,0.0,0.0,0.0,0.0,0.0,0.0,0.0,0.0,0.0,0.0,0.0,0.0,0.0,0.0,0.0,239.43,0.9,241.36,0.89,238.55,0.9,-1.0,49.99
2026-10-04T22:05:01.270839+00:00,0.0,-45.77,25.77,20.0,21.2,91.0,0.0,16.9,7.5,0.0,0.0,1537.38,67091.72,73932.65,0.0,0.0,0.0,0.0,0.0,0.0,0.0,35.12,29.57,47.98,0.0,0.0,0.0,0.0,0.0,0.0,0.0,0.0,0.0,0.0,0.0,0.0,0.0,0.0,0.0,0.0,0.0,0.0,0.0,0.0,0.0,0.0,0.0,0.0,239.11,0.54,240.85,0.54,238.59,0.55,-1.0,49.9
2026-10-04T22:10:02.086322+00:00,0.0,-40.82,20.82,20.0,22.5,91.0,0.0,16.9,7.5,0.0,0.0,1537.38,67091.72,73932.65,0.0,0.0,0.0,0.0,0.0,0.0,0.0,35.12,29.57,47.98,0.0,0.0,0.0,0.0,0.0,0.0,0.0,0.0,0.0,0.0,0.0,0.0,0.0,0.0,0.0,0.0,0.0,0.0,0.0,0.0,0.0,0.0,0.0,0.0,238.18,10.04,240.01,9.99,237.55,10.08,-1.0,49.86
2026-10-04T22:15:02.146248+00:00,0.0,-38.94,18.94,20.0,23.8,90.0,0.0,16.7,7.5,0.0,0.0,1537.38,67091.72,73932.65,0.0,0.0,0.0,0.0,0.0,0.0,0.0,35.12,29.57,47.98,0.0,0.0,0.0,0.0,0.0,0.0,0.0,0.0,0.0,0.0,0.0,0.0,0.0,0.0,0.0,0.0,0.0,0.0,0.0,0.0,0.0,0.0,0.0,0.0,238.25,10.04,239.83,10.01,237.48,10.09,-1.0,49.83
2026-10-04T22:20:02.018545+00:00,0.0,-38.96,18.96,20.0,25.0,90.0,0.0,16.7,7.5,0.0,0.0,1537.38,67091.72,73932.65,0.0,0.0,0.0,0.0,0.0,0.0,0.0,35.12,29.57,47.98,0.0,0.0,0.0,0.0,0.0,0.0,0.0,0.0,0.0,0.0,0.0,0.0,0.0,0.0,0.0,0.0,0.0,0.0,0.0,0.0,0.0,0.0,0.0,0.0,238.34,10.05,240.23,10.0,237.93,10.08,-1.0,49.9
2026-10-04T22:25:01.930383+00:00,0.0,-38.95,18.95,20.0,26.3,90.0,0.0,16.7,7.5,0.0,0.0,1537.38,67091.72,73932.65,0.0,0.0,0.0,0.0,0.0,0.0,0.0,35.12,29.57,47.98,0.0,0.0,0.0,0.0,0.0,0.0,0.0,0.0,0.0,0.0,0.0,0.0,0.0,0.0,0.0,0.0,0.0,0.0,0.0,0.0,0.0,0.0,0.0,0.0,238.42,10.03,240.39,9.97,238.08,10.06,-1.0,49.92
2026-10-04T22:30:01.838024+00:00,0.0,-38.92,18.92,20.0,27.6,88.0,0.0,16.6,7.5,0.0,0.0,1537.38,67091.72,73932.65,0.0,0.0,0.0,0.0,0.0,0.0,0.0,35.12,29.57,47.98,0.0,0.0,0.0,0.0,0.0,0.0,0.0,0.0,0.0,0.0,0.0,0.0,0.0,0.0,0.0,0.0,0.0,0.0,0.0,0.0,0.0,0.0,0.0,0.0,238.46,10.03,240.3,9.98,237.95,10.07,-1.0,49.86
2026-10-04T22:35:01.575791+00:00,0.0,-40.55,20.55,20.0,28.8,88.0,0.0,16.6,7.5,0.0,0.0,1537.38,67091.72,73932.65,0.0,0.0,0.0,0.0,0.0,0.0,0.0,35.12,29.57,47.98,0.0,0.0,0.0,0.0,0.0,0.0,0.0,0.0,0.0,0.0,0.0,0.0,0.0,0.0,0.0,0.0,0.0,0.0,0.0,0.0,0.0,0.0,0.0,0.0,238.68,10.02,240.39,9.98,237.91,10.07,-0.999,49.95
2026-10-04T22:40:01.850911+00:00,0.0,-40.51,20.51,20.0,30.1,88.0,0.0,16.6,7.5,0.0,0.0,1537.38,67091.72,73932.65,0.0,0.0,0.0,0.0,0.0,0.0,0.0,35.12,29.57,47.98,0.0,0.0,0.0,0.0,0.0,0.0,0.0,0.0,0.0,0.0,0.0,0.0,0.0,0.0,0.0,0.0,0.0,0.0,0.0,0.0,0.0,0.0,0.0,0.0,238.7,10.02,240.41,9.98,238.02,10.06,-0.999,49.95
2026-10-04T22:45:01.639851+00:00,0.0,-40.53,20.53,20.0,31.4,85.0,0.0,16.5,7.6,0.0,0.0,1537.38,67091.72,73932.65,0.0,0.0,0.0,0.0,0.0,0.0,0.0,35.12,29.57,47.98,0.0,0.0,0.0,0.0,0.0,0.0,0.0,0.0,0.0,0.0,0.0,0.0,0.0,0.0,0.0,0.0,0.0,0.0,0.0,0.0,0.0,0.0,0.0,0.0,238.68,10.02,241.02,9.95,238.27,10.05,-1.0,49.95
2026-10-04T22:50:01.976400+00:00,0.0,-39.07,19.07,20.0,32.7,85.0,0.0,16.5,7.6,0.0,0.0,1537.38,67091.72,73932.65,0.0,0.0,0.0,0.0,0.0,0.0,0.0,35.12,29.57,47.98,0.0,0.0,0.0,0.0,0.0,0.0,0.0,0.0,0.0,0.0,0.0,0.0,0.0,0.0,0.0,0.0,0.0,0.0,0.0,0.0,0.0,0.0,0.0,0.0,239.65,9.99,241.35,9.95,238.94,10.03,-1.0,50.12
2026-10-04T22:55:02.077597+00:00,0.0,-39.17,19.17,20.0,33.9,85.0,0.0,16.5,7.6,0.0,0.0,1537.38,67091.72,73932.65,0.0,0.0,0.0,0.0,0.0,0.0,0.0,35.12,29.57,47.98,0.0,0.0,0.0,0.0,0.0,0.0,0.0,0.0,0.0,0.0,0.0,0.0,0.0,0.0,0.0,0.0,0.0,0.0,0.0,0.0,0.0,0.0,0.0,0.0,239.1,10.01,241.33,9.95,238.45,10.05,-1.0,50.03
2026-10-04T23:00:01.316018+00:00,0.0,-38.88,18.88,20.0,35.2,83.0,0.0,16.4,7.6,0.0,0.0,1537.38,67091.72,73932.65,0.0,0.0,0.0,0.0,0.0,0.0,0.0,35.12,29.57,47.98,0.0,0.0,0.0,0.0,0.0,0.0,0.0,0.0,0.0,0.0,0.0,0.0,0.0,0.0,0.0,0.0,0.0,0.0,0.0,0.0,0.0,0.0,0.0,0.0,239.05,10.01,241.36,9.95,238.55,10.05,-0.999,50.02
2026-10-04T23:05:01.284966+00:00,0.0,-40.55,20.55,20.0,36.4,83.0,0.0,16.4,7.6,0.0,0.0,1537.38,67091.72,73932.65,0.0,0.0,0.0,0.0,0.0,0.0,0.0,35.12,29.57,47.98,0.0,0.0,0.0,0.0,0.0,0.0,0.0,0.0,0.0,0.0,0.0,0.0,0.0,0.0,0.0,0.0,0.0,0.0,0.0,0.0,0.0,0.0,0.0,0.0,239.12,10.01,240.96,9.96,238.49,10.05,-1.0,49.96
2026-10-04T23:10:01.234678+00:00,0.0,-40.73,20.73,20.0,37.7,83.0,0.0,16.4,7.6,0.0,0.0,1537.38,67091.72,73932.65,0.0,0.0,0.0,0.0,0.0,0.0,0.0,35.12,29.57,47.98,0.0,0.0,0.0,0.0,0.0,0.0,0.0,0.0,0.0,0.0,0.0,0.0,0.0,0.0,0.0,0.0,0.0,0.0,0.0,0.0,0.0,0.0,0.0,0.0,238.74,10.03,240.88,9.97,238.56,10.05,-1.0,49.94
2026-10-04T23:15:02.062959+00:00,0.0,-40.75,20.75,20.0,38.9,85.0,0.0,16.3,7.7,0.0,0.0,1537.38,67091.72,73932.65,0.0,0.0,0.0,0.0,0.0,0.0,0.0,35.12,29.57,47.98,0.0,0.0,0.0,0.0,0.0,0.0,0.0,0.0,0.0,0.0,0.0,0.0,0.0,0.0,0.0,0.0,0.0,0.0,0.0,0.0,0.0,0.0,0.0,0.0,239.7,9.99,241.31,9.95,239.0,10.03,-1.0,50.08
2026-10-04T23:20:01.462137+00:00,0.0,-39.13,19.13,20.0,40.2,85.0,0.0,16.3,7.7,0.0,0.0,1537.38,67091.72,73932.65,0.0,0.0,0.0,0.0,0.0,0.0,0.0,35.12,29.57,47.98,0.0,0.0,0.0,0.0,0.0,0.0,0.0,0.0,0.0,0.0,0.0,0.0,0.0,0.0,0.0,0.0,0.0,0.0,0.0,0.0,0.0,0.0,0.0,0.0,239.56,10.0,241.23,9.96,239.36,10.02,-0.999,50.08
2026-10-04T23:25:01.830995+00:00,0.0,-39.19,19.19,20.0,41.5,85.0,0.0,16.3,7.7,0.0,0.0,1537.38,67091.72,73932.65,0.0,0.0,0.0,0.0,0.0,0.0,0.0,35.12,29.57,47.98,0.0,0.0,0.0,0.0,0.0,0.0,0.0,0.0,0.0,0.0,0.0,0.0,0.0,0.0,0.0,0.0,0.0,0.0,0.0,0.0,0.0,0.0,0.0,0.0,239.61,9.98,242.03,9.91,238.93,10.03,-0.999,50.05
2026-10-04T23:30:01.168427+00:00,0.0,-38.78,18.78,20.0,42.7,88.0,0.0,16.2,7.8,0.0,0.0,1537.38,67091.72,73932.65,0.0,0.0,0.0,0.0,0.0,0.0,0.0,35.12,29.57,47.98,0.0,0.0,0.0,0.0,0.0,0.0,0.0,0.0,0.0,0.0,0.0,0.0,0.0,0.0,0.0,0.0,0.0,0.0,0.0,0.0,0.0,0.0,0.0,0.0,240.27,9.97,241.7,9.94,239.21,10.03,-0.999,50.09
2026-10-04T23:35:02.082657+00:00,0.0,-38.78,18.78,20.0,44.0,88.0,0.0,16.2,7.8,0.0,0.0,1537.38,67091.72,73932.65,0.0,0.0,0.0,0.0,0.0,0.0,0.0,35.12,29.57,47.98,0.0,0.0,0.0,0.0,0.0,0.0,0.0,0.0,0.0,0.0,0.0,0.0,0.0,0.0,0.0,0.0,0.0,0.0,0.0,0.0,0.0,0.0,0.0,0.0,239.85,10.0,241.62,9.95,238.7,10.05,-1.0,50.0
2026-10-04T23:40:01.240996+00:00,0.0,-40.6,20.6,20.0,45.3,88.0,0.0,16.2,7.8,0.0,0.0,1537.38,67091.72,73932.65,0.0,0.0,0.0,0.0,0.0,0.0,0.0,35.12,29.57,47.98,0.0,0.0,0.0,0.0,0.0,0.0,0.0,0.0,0.0,0.0,0.0,0.0,0.0,0.0,0.0,0.0,0.0,0.0,0.0,0.0,0.0,0.0,0.0,0.0,239.88,9.99,241.6,9.94,239.21,10.03,-1.0,49.96
2026-10-04T23:45:01.188839+00:00,0.0,-39.51,19.51,20.0,46.5,89.0,0.0,16.0,7.9,0.0,0.0,1537.38,67091.72,73932.65,0.0,0.0,0.0,0.0,0.0,0.0,0.0,35.12,29.57,47.98,0.0,0.0,0.0,0.0,0.0,0.0,0.0,0.0,0.0,0.0,0.0,0.0,0.0,0.0,0.0,0.0,0.0,0.0,0.0,0.0,0.0,0.0,0.0,0.0,239.64,10.0,241.44,9.96,239.05,10.04,-1.0,50.01
2026-10-04T23:50:01.907444+00:00,0.0,-37.64,17.64,20.0,47.8,89.0,0.0,16.0,7.9,0.0,0.0,1537.38,67091.72,73932.65,0.0,0.0,0.0,0.0,0.0,0.0,0.0,35.12,29.57,47.98,0.0,0.0,0.0,0.0,0.0,0.0,0.0,0.0,0.0,0.0,0.0,0.0,0.0,0.0,0.0,0.0,0.0,0.0,0.0,0.0,0.0,0.0,0.0,0.0,240.17,9.98,241.49,9.95,239.44,10.02,-1.0,50.06
2026-10-04T23:55:01.740872+00:00,0.0,-37.49,17.49,20.0,49.1,89.0,0.0,16.0,7.9,0.0,0.0,1537.38,67091.72,73932.65,0.0,0.0,0.0,0.0,0.0,0.0,0.0,35.12,29.57,47.98,0.0,0.0,0.0,0.0,0.0,0.0,0.0,0.0,0.0,0.0,0.0,0.0,0.0,0.0,0.0,0.0,0.0,0.0,0.0,0.0,0.0,0.0,0.0,0.0,240.16,9.98,241.64,9.95,239.2,10.04,-1.0,50.06
2026-10-05T00:00:01.807797+00:00,0.0,-37.63,17.63,20.0,50.4,84.0,0.0,15.9,8.0,0.0,0.0,1537.38,67091.72,73932.65,0.0,0.0,0.0,0.0,0.0,0.0,0.0,35.12,29.57,47.98,0.0,0.0,0.0,0.0,0.0,0.0,0.0,0.0,0.0,0.0,0.0,0.0,0.0,0.0,0.0,0.0,0.0,0.0,0.0,0.0,0.0,0.0,0.0,0.0,238.12,10.06,239.76,10.02,237.32,10.11,-1.0,50.15
2026-10-05T00:05:01.224615+00:00,0.0,-39.53,19.53,20.0,51.6,41.0,0.0,15.9,8.0,0.0,0.0,1537.38,67091.72,73932.65,0.0,0.0,0.0,0.0,0.0,0.0,0.0,35.12,29.57,47.98,0.0,0.0,0.0,0.0,0.0,0.0,0.0,0.0,0.0,0.0,0.0,0.0,0.0,0.0,0.0,0.0,0.0,0.0,0.0,0.0,0.0,0.0,0.0,0.0,238.24,10.07,239.35,10.05,237.01,10.13,-1.0,50.05
2026-10-05T00:10:01.326776+00:00,0.0,-39.37,19.37,20.0,52.9,41.0,0.0,15.9,8.0,0.0,0.0,1537.38,67091.72,73932.65,0.0,0.0,0.0,0.0,0.0,0.0,0.0,35.12,29.57,47.98,0.0,0.0,0.0,0.0,0.0,0.0,0.0,0.0,0.0,0.0,0.0,0.0,0.0,0.0,0.0,0.0,0.0,0.0,0.0,0.0,0.0,0.0,0.0,0.0,238.3,10.06,239.53,10.04,237.24,10.12,-0.999,50.09
2026-10-05T00:15:01.911073+00:00,0.0,-39.45,19.45,20.0,54.1,36.0,0.0,15.8,8.0,0.0,0.0,1537.38,67091.72,73932.65,0.0,0.0,0.0,0.0,0.0,0.0,0.0,35.12,29.57,47.98,0.0,0.0,0.0,0.0,0.0,0.0,0.0,0.0,0.0,0.0,0.0,0.0,0.0,0.0,0.0,0.0,0.0,0.0,0.0,0.0,0.0,0.0,0.0,0.0,237.82,10.09,239.29,10.06,236.9,10.14,-1.0,49.97
2026-10-05T00:20:01.957334+00:00,0.0,-38.2,18.3,19.9,55.4,36.0,0.0,15.8,8.0,0.0,0.0,1537.38,67091.72,73932.65,0.0,0.0,0.0,0.0,0.0,0.0,0.0,35.12,29.57,47.98,0.0,0.0,0.0,0.0,0.0,0.0,0.0,0.0,0.0,0.0,0.0,0.0,0.0,0.0,0.0,0.0,0.0,0.0,0.0,0.0,0.0,0.0,0.0,0.0,237.88,10.08,239.15,10.05,237.12,10.13,-0.999,50.0
2026-10-05T00:25:01.532371+00:00,0.0,-37.94,17.94,20.0,56.6,36.0,0.0,15.8,8.0,0.0,0.0,1537.38,67091.72,73932.65,0.0,0.0,0.0,0.0,0.0,0.0,0.0,35.12,29.57,47.98,0.0,0.0,0.0,0.0,0.0,0.0,0.0,0.0,0.0,0.0,0.0,0.0,0.0,0.0,0.0,0.0,0.0,0.0,0.0,0.0,0.0,0.0,0.0,0.0,238.26,10.07,239.52,10.05,237.43,10.12,-1.0,50.09
2026-10-05T00:30:01.356715+00:00,0.0,-37.94,17.94,20.0,57.9,28.0,0.0,15.4,7.5,0.0,0.0,1537.38,67091.72,73932.65,0.0,0.0,0.0,0.0,0.0,0.0,0.0,35.12,29.57,47.98,0.0,0.0,0.0,0.0,0.0,0.0,0.0,0.0,0.0,0.0,0.0,0.0,0.0,0.0,0.0,0.0,0.0,0.0,0.0,0.0,0.0,0.0,0.0,0.0,238.58,10.06,239.92,10.03,237.76,10.11,-1.0,50.14
2026-10-05T00:35:02.013908+00:00,0.0,-38.1,18.1,20.0,59.2,28.0,0.0,15.4,7.5,0.0,0.0,1537.38,67091.72,73932.65,0.0,0.0,0.0,0.0,0.0,0.0,0.0,35.12,29.57,47.98,0.0,0.0,0.0,0.0,0.0,0.0,0.0,0.0,0.0,0.0,0.0,0.0,0.0,0.0,0.0,0.0,0.0,0.0,0.0,0.0,0.0,0.0,0.0,0.0,238.46,10.06,240.36,10.01,237.76,10.11,-0.998,50.08
2026-10-05T00:40:01.654980+00:00,0.0,-38.12,18.12,20.0,60.4,28.0,0.0,15.4,7.5,0.0,0.0,1537.38,67091.72,73932.65,0.0,0.0,0.0,0.0,0.0,0.0,0.0,35.12,29.57,47.98,0.0,0.0,0.0,0.0,0.0,0.0,0.0,0.0,0.0,0.0,0.0,0.0,0.0,0.0,0.0,0.0,0.0,0.0,0.0,0.0,0.0,0.0,0.0,0.0,238.63,10.05,240.33,10.01,238.0,10.1,-1.0,50.15
2026-10-05T00:45:01.309732+00:00,0.0,-39.85,19.75,20.1,61.7,21.0,0.0,15.3,7.6,0.0,0.0,1537.38,67091.72,73932.65,0.0,0.0,0.0,0.0,0.0,0.0,0.0,35.12,29.57,47.98,0.0,0.0,0.0,0.0,0.0,0.0,0.0,0.0,0.0,0.0,0.0,0.0,0.0,0.0,0.0,0.0,0.0,0.0,0.0,0.0,0.0,0.0,0.0,0.0,238.16,10.08,239.9,10.03,237.59,10.12,-0.999,50.04
2026-10-05T00:50:01.447097+00:00,0.0,-39.55,19.55,20.0,62.9,21.0,0.0,15.3,7.6,0.0,0.0,1537.38,67091.72,73932.65,0.0,0.0,0.0,0.0,0.0,0.0,0.0,35.12,29.57,47.98,0.0,0.0,0.0,0.0,0.0,0.0,0.0,0.0,0.0,0.0,0.0,0.0,0.0,0.0,0.0,0.0,0.0,0.0,0.0,0.0,0.0,0.0,0.0,0.0,238.7,10.06,240.41,10.02,237.76,10.11,-0.999,50.16
2026-10-05T00:55:01.808251+00:00,0.0,-39.4,19.3,20.1,64.2,21.0,0.0,15.3,7.6,0.0,0.0,1537.38,67091.72,73932.65,0.0,0.0,0.0,0.0,0.0,0.0,0.0,35.12,29.57,47.98,0.0,0.0,0.0,0.0,0.0,0.0,0.0,0.0,0.0,0.0,0.0,0.0,0.0,0.0,0.0,0.0,0.0,0.0,0.0,0.0,0.0,0.0,0.0,0.0,238.73,10.07,240.5,10.02,238.08,10.11,-1.0,50.1
2026-10-05T01:00:02.101732+00:00,0.0,-37.62,17.52,20.1,65.4,16.0,0.0,15.2,7.8,0.0,0.0,1537.38,67091.72,73932.65,0.0,0.0,0.0,0.0,0.0,0.0,0.0,35.12,29.57,47.98,0.0,0.0,0.0,0.0,0.0,0.0,0.0,0.0,0.0,0.0,0.0,0.0,0.0,0.0,0.0,0.0,0.0,0.0,0.0,0.0,0.0,0.0,0.0,0.0,238.61,10.07,240.34,10.03,237.81,10.12,-1.0,50.08
2026-10-05T01:05:01.775032+00:00,0.0,-37.91,17.81,20.1,66.7,16.0,0.0,15.2,7.8,0.0,0.0,1537.38,67091.72,73932.65,0.0,0.0,0.0,0.0,0.0,0.0,0.0,35.12,29.57,47.98,0.0,0.0,0.0,0.0,0.0,0.0,0.0,0.0,0.0,0.0,0.0,0.0,0.0,0.0,0.0,0.0,0.0,0.0,0.0,0.0,0.0,0.0,0.0,0.0,238.1,10.1,240.17,10.04,237.36,10.14,-0.999,50.02
2026-10-05T01:10:01.416623+00:00,0.0,-37.78,17.78,20.0,67.9,16.0,0.0,15.2,7.8,0.0,0.0,1537.38,67091.72,73932.65,0.0,0.0,0.0,0.0,0.0,0.0,0.0,35.12,29.57,47.98,0.0,0.0,0.0,0.0,0.0,0.0,0.0,0.0,0.0,0.0,0.0,0.0,0.0,0.0,0.0,0.0,0.0,0.0,0.0,0.0,0.0,0.0,0.0,0.0,238.51,10.08,240.18,10.04,237.8,10.13,-0.999,50.11
2026-10-05T01:15:01.517517+00:00,0.0,-38.53,18.43,20.1,69.2,14.0,0.0,15.1,8.0,0.0,0.0,1537.38,67091.72,73932.65,0.0,0.0,0.0,0.0,0.0,0.0,0.0,35.12,29.57,47.98,0.0,0.0,0.0,0.0,0.0,0.0,0.0,0.0,0.0,0.0,0.0,0.0,0.0,0.0,0.0,0.0,0.0,0.0,0.0,0.0,0.0,0.0,0.0,0.0,238.14,10.07,239.93,10.03,237.35,10.12,-1.0,50.01
2026-10-05T01:20:01.651881+00:00,0.0,-40.52,20.42,20.1,70.5,14.0,0.0,15.1,8.0,0.0,0.0,1537.38,67091.72,73932.65,0.0,0.0,0.0,0.0,0.0,0.0,0.0,35.12,29.57,47.98,0.0,0.0,0.0,0.0,0.0,0.0,0.0,0.0,0.0,0.0,0.0,0.0,0.0,0.0,0.0,0.0,0.0,0.0,0.0,0.0,0.0,0.0,0.0,0.0,238.33,10.08,239.75,10.05,237.35,10.13,-0.998,50.04
2026-10-05T01:25:01.582548+00:00,0.0,-40.77,20.67,20.1,71.7,14.0,0.0,15.1,8.0,0.0,0.0,1537.38,67091.72,73932.65,0.0,0.0,0.0,0.0,0.0,0.0,0.0,35.12,29.57,47.98,0.0,0.0,0.0,0.0,0.0,0.0,0.0,0.0,0.0,0.0,0.0,0.0,0.0,0.0,0.0,0.0,0.0,0.0,0.0,0.0,0.0,0.0,0.0,0.0,238.17,10.11,239.27,10.1,237.19,10.17,-1.0,50.09
2026-10-05T01:30:01.224902+00:00,0.0,-38.89,18.89,20.0,73.0,14.0,0.0,15.0,8.1,0.0,0.0,1537.38,67091.72,73932.65,0.0,0.0,0.0,0.0,0.0,0.0,0.0,35.12,29.57,47.98,0.0,0.0,0.0,0.0,0.0,0.0,0.0,0.0,0.0,0.0,0.0,0.0,0.0,0.0,0.0,0.0,0.0,0.0,0.0,0.0,0.0,0.0,0.0,0.0,238.39,10.09,240.06,10.05,237.58,10.14,-1.0,50.11
2026-10-05T01:35:01.469399+00:00,0.0,-38.91,18.81,20.1,74.2,14.0,0.0,15.0,8.1,0.0,0.0,1537.38,67091.72,73932.65,0.0,0.0,0.0,0.0,0.0,0.0,0.0,35.12,29.57,47.98,0.0,0.0,0.0,0.0,0.0,0.0,0.0,0.0,0.0,0.0,0.0,0.0,0.0,0.0,0.0,0.0,0.0,0.0,0.0,0.0,0.0,0.0,0.0,0.0,238.27,10.1,240.17,10.05,237.58,10.15,-1.0,50.12
2026-10-05T01:40:01.177400+00:00,0.0,-38.88,18.78,20.1,75.4,14.0,0.0,15.0,8.1,0.0,0.0,1537.38,67091.72,73932.65,0.0,0.0,0.0,0.0,0.0,0.0,0.0,35.12,29.57,47.98,0.0,0.0,0.0,0.0,0.0,0.0,0.0,0.0,0.0,0.0,0.0,0.0,0.0,0.0,0.0,0.0,0.0,0.0,0.0,0.0,0.0,0.0,0.0,0.0,237.48,10.12,239.7,10.06,237.3,10.15,-1.0,49.98
2026-10-05T01:45:02.080694+00:00,0.0,-38.76,18.66,20.1,76.7,15.0,0.0,15.0,8.3,0.0,0.0,1537.38,67091.72,73932.65,0.0,0.0,0.0,0.0,0.0,0.0,0.0,35.12,29.57,47.98,0.0,0.0,0.0,0.0,0.0,0.0,0.0,0.0,0.0,0.0,0.0,0.0,0.0,0.0,0.0,0.0,0.0,0.0,0.0,0.0,0.0,0.0,0.0,0.0,238.08,10.11,240.04,10.06,237.87,10.14,-1.0,50.12
2026-10-05T01:50:01.190060+00:00,0.0,-40.38,20.28,20.1,77.9,15.0,0.0,15.0,8.3,0.0,0.0,1537.38,67091.72,73932.65,0.0,0.0,0.0,0.0,0.0,0.0,0.0,35.12,29.57,47.98,0.0,0.0,0.0,0.0,0.0,0.0,0.0,0.0,0.0,0.0,0.0,0.0,0.0,0.0,0.0,0.0,0.0,0.0,0.0,0.0,0.0,0.0,0.0,0.0,238.11,10.12,239.81,10.08,237.34,10.17,-0.999,50.15
2026-10-05T01:55:01.651913+00:00,0.0,-40.44,20.34,20.1,79.2,15.0,0.0,15.0,8.3,0.0,0.0,1537.38,67091.72,73932.65,0.0,0.0,0.0,0.0,0.0,0.0,0.0,35.12,29.57,47.98,0.0,0.0,0.0,0.0,0.0,0.0,0.0,0.0,0.0,0.0,0.0,0.0,0.0,0.0,0.0,0.0,0.0,0.0,0.0,0.0,0.0,0.0,0.0,0.0,237.87,10.14,239.15,10.12,236.95,10.19,-1.0,50.05
2026-10-05T02:00:01.630891+00:00,0.0,-44.17,24.17,20.0,80.4,16.0,0.0,14.9,8.4,0.0,0.0,1537.38,67091.72,73932.65,0.0,0.0,0.0,0.0,0.0,0.0,0.0,35.12,29.57,47.98,0.0,0.0,0.0,0.0,0.0,0.0,0.0,0.0,0.0,0.0,0.0,0.0,0.0,0.0,0.0,0.0,0.0,0.0,0.0,0.0,0.0,0.0,0.0,0.0,238.52,10.1,240.63,10.04,238.55,10.11,-1.0,50.07
2026-10-05T02:05:01.779630+00:00,0.0,-38.79,18.69,20.1,81.7,16.0,0.0,14.9,8.4,0.0,0.0,1537.38,67091.72,73932.65,0.0,0.0,0.0,0.0,0.0,0.0,0.0,35.12,29.57,47.98,0.0,0.0,0.0,0.0,0.0,0.0,0.0,0.0,0.0,0.0,0.0,0.0,0.0,0.0,0.0,0.0,0.0,0.0,0.0,0.0,0.0,0.0,0.0,0.0,238.32,10.12,240.24,10.07,237.86,10.15,-1.0,49.98
2026-10-05T02:10:01.196132+00:00,0.0,-38.75,18.75,20.0,82.9,16.0,0.0,14.9,8.4,0.0,0.0,1537.38,67091.72,73932.65,0.0,0.0,0.0,0.0,0.0,0.0,0.0,35.12,29.57,47.98,0.0,0.0,0.0,0.0,0.0,0.0,0.0,0.0,0.0,0.0,0.0,0.0,0.0,0.0,0.0,0.0,0.0,0.0,0.0,0.0,0.0,0.0,0.0,0.0,236.97,10.18,239.56,10.1,237.0,10.19,-0.999,49.84
2026-10-05T02:15:01.742345+00:00,0.0,-38.98,18.88,20.1,84.1,17.0,0.0,14.8,8.7,0.0,0.0,1537.38,67091.72,73932.65,0.0,0.0,0.0,0.0,0.0,0.0,0.0,35.12,29.57,47.98,0.0,0.0,0.0,0.0,0.0,0.0,0.0,0.0,0.0,0.0,0.0,0.0,0.0,0.0,0.0,0.0,0.0,0.0,0.0,0.0,0.0,0.0,0.0,0.0,237.39,10.15,239.94,10.08,237.32,10.17,-1.0,50.0
2026-10-05T02:20:01.180317+00:00,0.0,-39.1,19.1,20.0,85.4,17.0,0.0,14.8,8.7,0.0,0.0,1537.38,67091.72,73932.65,0.0,0.0,0.0,0.0,0.0,0.0,0.0,35.12,29.57,47.98,0.0,0.0,0.0,0.0,0.0,0.0,0.0,0.0,0.0,0.0,0.0,0.0,0.0,0.0,0.0,0.0,0.0,0.0,0.0,0.0,0.0,0.0,0.0,0.0,236.74,10.2,239.38,10.12,236.43,10.23,-1.0,49.85
2026-10-05T02:25:01.703419+00:00,0.0,-40.44,20.44,20.0,86.6,17.0,0.0,14.8,8.7,0.0,0.0,1537.38,67091.72,73932.65,0.0,0.0,0.0,0.0,0.0,0.0,0.0,35.12,29.57,47.98,0.0,0.0,0.0,0.0,0.0,0.0,0.0,0.0,0.0,0.0,0.0,0.0,0.0,0.0,0.0,0.0,0.0,0.0,0.0,0.0,0.0,0.0,0.0,0.0,237.95,10.15,240.47,10.08,237.61,10.18,-1.0,50.05
2026-10-05T02:30:01.746404+00:00,0.0,-40.3,20.2,20.1,87.9,19.0,0.0,14.7,9.0,0.0,0.0,1537.38,67091.72,73932.65,0.0,0.0,0.0,0.0,0.0,0.0,0.0,35.12,29.57,47.98,0.0,0.0,0.0,0.0,0.0,0.0,0.0,0.0,0.0,0.0,0.0,0.0,0.0,0.0,0.0,0.0,0.0,0.0,0.0,0.0,0.0,0.0,0.0,0.0,237.69,10.16,240.18,10.09,237.63,10.18,-1.0,50.04
2026-10-05T02:35:01.247352+00:00,0.0,-40.17,20.27,19.9,89.1,19.0,0.0,14.7,9.0,0.0,0.0,1537.38,67091.72,73932.65,0.0,0.0,0.0,0.0,0.0,0.0,0.0,35.12,29.57,47.98,0.0,0.0,0.0,0.0,0.0,0.0,0.0,0.0,0.0,0.0,0.0,0.0,0.0,0.0,0.0,0.0,0.0,0.0,0.0,0.0,0.0,0.0,0.0,0.0,237.52,10.17,239.84,10.1,237.45,10.19,-1.0,50.03
2026-10-05T02:40:01.267567+00:00,0.0,-38.68,18.68,20.0,90.3,19.0,0.0,14.7,9.0,0.0,0.0,1537.38,67091.72,73932.65,0.0,0.0,0.0,0.0,0.0,0.0,0.0,35.12,29.57,47.98,0.0,0.0,0.0,0.0,0.0,0.0,0.0,0.0,0.0,0.0,0.0,0.0,0.0,0.0,0.0,0.0,0.0,0.0,0.0,0.0,0.0,0.0,0.0,0.0,238.49,10.14,240.74,10.08,238.32,10.16,-0.999,50.04
2026-10-05T02:45:01.628217+00:00,0.0,-38.57,18.47,20.1,91.6,20.0,0.0,14.6,9.3,0.0,0.0,1537.38,67091.72,73932.65,0.0,0.0,0.0,0.0,0.0,0.0,0.0,35.12,29.57,47.98,0.0,0.0,0.0,0.0,0.0,0.0,0.0,0.0,0.0,0.0,0.0,0.0,0.0,0.0,0.0,0.0,0.0,0.0,0.0,0.0,0.0,0.0,0.0,0.0,237.99,10.15,240.44,10.08,237.53,10.19,-1.0,49.91
2026-10-05T02:50:01.574119+00:00,0.0,-39.03,19.03,20.0,92.8,20.0,0.0,14.6,9.3,0.0,0.0,1537.38,67091.72,73932.65,0.0,0.0,0.0,0.0,0.0,0.0,0.0,35.12,29.57,47.98,0.0,0.0,0.0,0.0,0.0,0.0,0.0,0.0,0.0,0.0,0.0,0.0,0.0,0.0,0.0,0.0,0.0,0.0,0.0,0.0,0.0,0.0,0.0,0.0,237.97,10.15,240.65,10.07,237.67,10.18,-1.0,49.92
2026-10-05T02:55:02.082096+00:00,0.0,-38.78,18.78,20.0,94.1,20.0,0.0,14.6,9.3,0.0,0.0,1537.38,67091.72,73932.65,0.0,0.0,0.0,0.0,0.0,0.0,0.0,35.12,29.57,47.98,0.0,0.0,0.0,0.0,0.0,0.0,0.0,0.0,0.0,0.0,0.0,0.0,0.0,0.0,0.0,0.0,0.0,0.0,0.0,0.0,0.0,0.0,0.0,0.0,238.37,10.16,240.91,10.08,237.96,10.19,-1.0,50.09
2026-10-05T03:00:02.148033+00:00,0.0,-40.35,20.35,20.0,95.3,20.0,0.0,14.6,9.5,0.0,0.0,1537.38,67091.72,73932.65,0.0,0.0,0.0,0.0,0.0,0.0,0.0,35.12,29.57,47.98,0.0,0.0,0.0,0.0,0.0,0.0,0.0,0.0,0.0,0.0,0.0,0.0,0.0,0.0,0.0,0.0,0.0,0.0,0.0,0.0,0.0,0.0,0.0,0.0,237.45,10.21,240.08,10.13,237.27,10.23,-1.0,49.97
2026-10-05T03:05:02.146139+00:00,0.0,-40.12,20.12,20.0,96.6,20.0,0.0,14.6,9.5,0.0,0.0,1537.38,67091.72,73932.65,0.0,0.0,0.0,0.0,0.0,0.0,0.0,35.12,29.57,47.98,0.0,0.0,0.0,0.0,0.0,0.0,0.0,0.0,0.0,0.0,0.0,0.0,0.0,0.0,0.0,0.0,0.0,0.0,0.0,0.0,0.0,0.0,0.0,0.0,237.59,10.21,240.08,10.13,237.32,10.24,-1.0,50.06
2026-10-05T03:10:01.228981+00:00,0.0,-40.17,20.17,20.0,97.8,20.0,0.0,14.6,9.5,0.0,0.0,1537.38,67091.72,73932.65,0.0,0.0,0.0,0.0,0.0,0.0,0.0,35.12,29.57,47.98,0.0,0.0,0.0,0.0,0.0,0.0,0.0,0.0,0.0,0.0,0.0,0.0,0.0,0.0,0.0,0.0,0.0,0.0,0.0,0.0,0.0,0.0,0.0,0.0,236.72,10.26,238.34,10.22,235.93,10.31,-1.0,49.92
2026-10-05T03:15:01.930743+00:00,0.0,-38.88,18.78,20.1,99.0,18.0,0.0,14.5,9.8,0.0,0.0,1537.38,67091.72,73932.65,0.0,0.0,0.0,0.0,0.0,0.0,0.0,35.12,29.57,47.98,180.4,0.03,174.8,0.0,178.5,0.01,0.0,0.0,188.8,0.0,0.0,0.0,176.6,0.01,176.9,0.02,195.5,0.01,171.8,0.01,192.9,0.01,0.0,0.0,237.25,10.25,238.83,10.21,236.35,10.3,-1.0,50.08
2026-10-05T03:20:02.125940+00:00,0.0,-38.99,18.99,20.0,99.9,18.0,0.0,14.5,9.8,0.0,0.0,1537.38,67091.72,73932.65,0.0,0.0,0.0,0.0,0.0,0.0,0.0,35.12,29.57,47.98,219.8,0.02,173.7,0.02,195.4,0.03,0.0,0.0,245.5,0.0,0.0,0.0,201.6,0.02,195.3,0.04,219.3,0.02,209.8,0.03,196.5,0.02,0.0,0.0,237.11,10.33,238.94,10.28,236.13,10.38,-0.999,50.11
2026-10-05T03:25:01.821691+00:00,0.0,-19.48,18.88,0.0,100.0,18.0,0.0,14.5,9.8,0.0,0.01,1537.39,67091.73,73932.66,0.0,0.0,0.0,0.0,0.0,0.0,0.0,35.12,29.57,47.98,175.9,0.0,183.1,0.06,197.8,0.08,0.0,0.0,277.3,-0.01,0.0,0.0,189.4,0.06,175.9,0.1,219.7,0.03,237.4,0.07,212.6,0.06,0.0,0.0,237.1,10.08,238.94,10.04,236.14,10.14,-0.878,50.03
2026-10-05T03:30:02.006739+00:00,0.0,-23.51,23.11,0.0,100.0,15.0,0.0,14.4,10.1,0.0,0.01,1537.39,67091.73,73932.66,0.0,0.0,0.0,0.0,0.0,0.0,0.0,35.12,29.57,47.98,167.6,-0.01,216.8,0.03,243.7,0.11,0.0,0.0,294.9,-0.04,0.0,0.0,198.2,0.05,207.1,0.07,216.9,-0.05,244.8,0.07,214.1,0.08,0.0,0.0,239.07,0.71,240.51,0.71,237.75,0.73,-0.963,50.08
2026-10-05T03:35:02.022341+00:00,0.0,-26.34,26.34,0.0,100.0,15.0,0.0,14.4,10.1,0.0,0.01,1537.39,67091.73,73932.66,0.0,0.0,0.0,0.0,0.0,0.0,0.0,35.12,29.57,47.98,170.2,0.05,248.8,0.03,261.3,0.1,0.0,0.0,317.6,-0.05,0.0,0.0,240.4,0.08,236.3,0.07,245.5,-0.05,270.5,0.07,227.2,0.06,0.0,0.0,236.78,0.65,238.56,0.69,235.72,0.69,-0.626,49.93
2026-10-05T03:40:01.963993+00:00,0.0,-20.44,20.44,0.0,100.0,15.0,0.0,14.4,10.1,0.0,0.01,1537.39,67091.73,73932.66,0.0,0.0,0.0,0.0,0.0,0.0,0.0,35.12,29.57,47.98,199.7,0.05,280.1,0.03,316.5,0.11,0.0,0.0,470.4,-0.03,0.0,0.0,327.4,0.15,369.5,0.15,281.0,-0.03,302.8,0.05,254.5,0.06,0.0,0.0,235.45,0.7,236.71,0.72,234.18,0.74,-0.515,49.85
2026-10-05T03:45:01.988577+00:00,0.0,-18.69,18.69,0.0,100.0,13.0,0.0,14.4,10.2,0.0,0.01,1537.39,67091.73,73932.66,0.0,0.0,0.0,0.0,0.0,0.0,0.0,35.12,29.57,47.98,251.8,0.05,328.8,0.04,393.6,0.1,0.0,0.0,487.5,0.01,0.0,0.0,383.7,0.13,499.6,0.15,327.4,0.0,469.9,0.09,304.4,0.08,0.0,0.0,235.56,0.57,237.13,0.59,234.38,0.6,-0.302,50.01
2026-10-05T03:50:01.785874+00:00,0.0,-19.94,19.94,0.0,100.0,13.0,0.0,14.4,10.2,0.0,0.01,1537.39,67091.73,73932.66,0.0,0.0,0.0,0.0,0.0,0.0,0.0,35.12,29.57,47.98,337.1,0.07,382.2,0.04,417.7,0.08,0.0,0.0,458.7,0.14,0.0,0.0,417.7,0.1,475.5,0.09,384.3,0.08,515.4,0.08,366.8,0.09,0.0,0.0,234.24,0.53,235.9,0.56,233.0,0.56,-0.021,49.94
2026-10-05T03:55:01.715667+00:00,0.4,-18.01,18.41,0.0,100.0,13.0,0.0,14.4,10.2,0.0,0.01,1537.39,67091.73,73932.66,0.0,0.0,0.0,0.0,0.01,0.01,0.0,35.12,29.57,47.98,365.4,0.19,481.4,0.09,469.4,0.12,0.0,0.0,459.8,0.27,0.0,0.0,458.4,0.12,465.2,0.09,441.3,0.21,483.8,0.11,398.0,0.13,0.0,0.0,234.2,0.53,236.12,0.57,233.15,0.57,0.641,50.01
2026-10-05T04:00:02.067938+00:00,1.0,-18.07,19.07,0.0,100.0,11.0,10.0,14.5,10.3,0.0,0.03,1537.41,67091.75,73932.68,0.0,0.0,0.0,0.2,0.15,0.21,0.0,35.12,29.57,47.98,456.9,0.33,492.4,0.18,478.3,0.28,0.0,0.0,458.2,0.31,0.0,0.0,475.7,0.19,481.7,0.19,514.9,0.28,481.1,0.29,457.7,0.26,0.0,0.0,233.5,0.59,235.27,0.64,232.56,0.64,0.738,49.91
2026-10-05T04:05:02.044835+00:00,2.0,-21.87,23.87,0.0,100.0,11.0,10.0,14.5,10.3,0.0,0.09,1537.47,67091.81,73932.74,0.0,0.0,0.0,0.3,0.27,0.37,0.0,35.12,29.57,47.98,489.4,0.37,503.4,0.28,498.6,0.43,0.0,0.0,504.4,0.42,0.0,0.0,476.0,0.29,478.1,0.33,520.2,0.32,504.6,0.4,513.8,0.41,0.0,0.0,233.53,0.74,235.26,0.77,232.55,0.76,0.991,50.07
2026-10-05T04:10:01.876712+00:00,2.7,-17.07,19.77,0.0,100.0,11.0,10.0,14.5,10.3,0.0,0.23,1537.61,67091.95,73932.88,0.0,0.0,0.0,0.54,0.41,1.11,0.0,35.12,29.57,47.98,505.0,0.65,515.3,0.34,468.5,0.52,0.0,0.0,516.2,0.68,0.0,0.0,489.3,0.36,489.5,0.4,530.0,0.74,519.6,0.54,537.4,0.71,0.0,0.0,235.33,0.92,237.18,0.94,234.48,0.95,1.0,49.95
2026-10-05T04:15:01.975336+00:00,3.3,-17.87,21.17,0.0,100.0,11.0,10.0,14.9,10.2,0.0,0.43,1537.81,67092.15,73933.08,0.0,0.0,0.0,0.74,0.53,1.47,0.0,35.12,29.57,47.98,520.0,0.79,524.1,0.36,512.3,0.73,0.0,0.0,517.6,0.76,0.0,0.0,511.0,0.38,482.1,0.44,542.2,1.09,518.0,0.81,544.1,1.02,0.0,0.0,235.07,1.2,236.63,1.2,234.12,1.22,0.981,50.07
2026-10-05T04:20:02.075394+00:00,2.5,-14.9,17.4,0.0,100.0,11.0,10.0,14.9,10.2,0.0,0.69,1538.07,67092.41,73933.34,0.0,0.0,0.0,0.94,0.63,1.79,0.01,35.12,29.57,47.98,512.2,0.93,537.5,0.35,525.0,0.9,0.0,0.0,526.6,0.94,0.0,0.0,525.0,0.38,487.7,0.46,544.7,1.39,525.4,0.92,548.4,1.3,0.0,0.0,236.4,1.42,238.5,1.43,235.41,1.45,0.993,49.93
2026-10-05T04:25:01.851995+00:00,4.5,-12.63,17.13,0.0,100.0,11.0,10.0,14.9,10.2,0.0,0.93,1538.31,67092.65,73933.58,0.0,0.0,0.0,0.74,0.54,1.23,0.01,35.12,29.57,47.98,516.9,0.89,533.3,0.36,516.5,0.9,0.0,0.0,521.5,0.87,0.0,0.0,518.4,0.42,494.7,0.46,538.4,1.26,513.4,0.93,543.1,1.14,0.0,0.0,235.68,1.14,237.99,1.16,234.82,1.17,0.995,49.92
2026-10-05T04:30:02.061843+00:00,5.7,-10.95,16.65,0.0,100.0,13.0,10.0,15.5,9.9,0.0,1.23,1538.61,67092.95,73933.88,0.0,0.0,0.0,1.32,0.89,2.32,0.01,35.12,29.57,47.98,520.1,1.13,540.6,0.36,515.7,1.05,0.0,0.0,515.9,1.11,0.0,0.0,509.9,0.44,507.5,0.44,538.6,1.41,519.2,1.11,540.1,1.38,0.0,0.0,235.63,1.94,237.78,1.94,234.68,1.96,0.994,49.93
2026-10-05T04:35:01.666932+00:00,6.8,-14.59,21.39,0.0,100.0,13.0,10.0,15.5,9.9,0.0,1.64,1539.02,67093.36,73934.29,0.0,0.0,0.0,1.71,1.12,2.95,0.01,35.12,29.57,47.98,524.9,1.52,550.4,0.36,521.5,1.44,0.0,0.0,523.5,1.47,0.0,0.0,525.0,0.43,516.7,0.43,544.3,1.93,522.5,1.52,549.3,1.84,0.0,0.0,236.39,2.51,238.39,2.5,235.19,2.53,0.996,49.96
2026-10-05T04:40:02.145362+00:00,7.7,-10.91,18.61,0.0,100.0,13.0,10.0,15.5,9.9,0.0,2.17,1539.55,67093.89,73934.82,0.0,0.0,0.0,2.03,1.32,3.45,0.01,35.12,29.57,47.98,529.9,1.88,558.9,0.38,528.8,1.75,0.0,0.0,530.2,1.86,0.0,0.0,536.4,0.44,524.0,0.43,546.6,2.4,529.4,1.82,550.9,2.34,0.0,0.0,236.11,2.92,238.01,2.91,235.02,2.94,0.997,50.01
2026-10-05T05:00:01.617558+00:00,0.0,0.0,0.0,0.0,0.0,16.0,146.0,16.9,9.2,0.0,0.0,0.0,0.0,0.0,0.0,0.0,0.0,0.0,0.0,0.0,0.0,0.0,0.0,0.0,0.0,0.0,0.0,0.0,0.0,0.0,0.0,0.0,0.0,0.0,0.0,0.0,0.0,0.0,0.0,0.0,0.0,0.0,0.0,0.0,0.0,0.0,0.0,0.0,0.0,0.0,0.0,0.0,0.0,0.0,0.0,0.0
2026-10-05T05:05:02.001678+00:00,0.0,0.0,0.0,0.0,0.0,16.0,146.0,16.9,9.2,0.0,0.0,0.0,0.0,0.0,0.0,0.0,0.0,0.0,0.0,0.0,0.0,0.0,0.0,0.0,0.0,0.0,0.0,0.0,0.0,0.0,0.0,0.0,0.0,0.0,0.0,0.0,0.0,0.0,0.0,0.0,0.0,0.0,0.0,0.0,0.0,0.0,0.0,0.0,0.0,0.0,0.0,0.0,0.0,0.0,0.0,0.0
2026-10-05T05:10:01.646527+00:00,0.0,0.0,0.0,0.0,0.0,16.0,146.0,16.9,9.2,0.0,0.0,0.0,0.0,0.0,0.0,0.0,0.0,0.0,0.0,0.0,0.0,0.0,0.0,0.0,0.0,0.0,0.0,0.0,0.0,0.0,0.0,0.0,0.0,0.0,0.0,0.0,0.0,0.0,0.0,0.0,0.0,0.0,0.0,0.0,0.0,0.0,0.0,0.0,0.0,0.0,0.0,0.0,0.0,0.0,0.0,0.0
2026-10-05T05:15:01.484541+00:00,0.0,0.0,0.0,0.0,0.0,16.0,146.0,17.8,8.6,0.0,0.0,0.0,0.0,0.0,0.0,0.0,0.0,0.0,0.0,0.0,0.0,0.0,0.0,0.0,0.0,0.0,0.0,0.0,0.0,0.0,0.0,0.0,0.0,0.0,0.0,0.0,0.0,0.0,0.0,0.0,0.0,0.0,0.0,0.0,0.0,0.0,0.0,0.0,0.0,0.0,0.0,0.0,0.0,0.0,0.0,0.0
2026-10-05T05:20:01.383339+00:00,0.0,0.0,0.0,0.0,0.0,16.0,146.0,17.8,8.6,0.0,0.0,0.0,0.0,0.0,0.0,0.0,0.0,0.0,0.0,0.0,0.0,0.0,0.0,0.0,0.0,0.0,0.0,0.0,0.0,0.0,0.0,0.0,0.0,0.0,0.0,0.0,0.0,0.0,0.0,0.0,0.0,0.0,0.0,0.0,0.0,0.0,0.0,0.0,0.0,0.0,0.0,0.0,0.0,0.0,0.0,0.0
2026-10-05T05:25:01.658028+00:00,0.0,0.0,0.0,0.0,0.0,16.0,146.0,17.8,8.6,0.0,0.0,0.0,0.0,0.0,0.0,0.0,0.0,0.0,0.0,0.0,0.0,0.0,0.0,0.0,0.0,0.0,0.0,0.0,0.0,0.0,0.0,0.0,0.0,0.0,0.0,0.0,0.0,0.0,0.0,0.0,0.0,0.0,0.0,0.0,0.0,0.0,0.0,0.0,0.0,0.0,0.0,0.0,0.0,0.0,0.0,0.0
2026-10-05T05:30:01.475408+00:00,0.0,0.0,0.0,0.0,0.0,16.0,146.0,18.7,7.8,0.0,0.0,0.0,0.0,0.0,0.0,0.0,0.0,0.0,0.0,0.0,0.0,0.0,0.0,0.0,0.0,0.0,0.0,0.0,0.0,0.0,0.0,0.0,0.0,0.0,0.0,0.0,0.0,0.0,0.0,0.0,0.0,0.0,0.0,0.0,0.0,0.0,0.0,0.0,0.0,0.0,0.0,0.0,0.0,0.0,0.0,0.0
2026-10-05T05:35:01.969368+00:00,0.0,0.0,0.0,0.0,0.0,16.0,146.0,18.7,7.8,0.0,0.0,0.0,0.0,0.0,0.0,0.0,0.0,0.0,0.0,0.0,0.0,0.0,0.0,0.0,0.0,0.0,0.0,0.0,0.0,0.0,0.0,0.0,0.0,0.0,0.0,0.0,0.0,0.0,0.0,0.0,0.0,0.0,0.0,0.0,0.0,0.0,0.0,0.0,0.0,0.0,0.0,0.0,0.0,0.0,0.0,0.0
2026-10-05T05:40:01.906924+00:00,0.0,0.0,0.0,0.0,0.0,16.0,146.0,18.7,7.8,0.0,0.0,0.0,0.0,0.0,0.0,0.0,0.0,0.0,0.0,0.0,0.0,0.0,0.0,0.0,0.0,0.0,0.0,0.0,0.0,0.0,0.0,0.0,0.0,0.0,0.0,0.0,0.0,0.0,0.0,0.0,0.0,0.0,0.0,0.0,0.0,0.0,0.0,0.0,0.0,0.0,0.0,0.0,0.0,0.0,0.0,0.0
2026-10-05T05:45:01.700549+00:00,21.5,37.14,28.76,-44.4,64.7,16.0,146.0,19.6,6.9,0.0,0.0,0.0,0.0,0.0,60.6,0.0,0.0,5.517,5.92,6.79,15.51,0.0,0.0,0.0,524.0,4.96,339.6,5.22,522.6,5.05,0.0,0.0,526.6,4.63,0.0,0.0,533.4,4.21,537.2,4.08,523.1,5.32,525.0,4.77,531.9,5.24,0.0,0.0,241.95,42.48,241.46,25.39,238.91,25.67,1.0,50.13
2026-10-05T05:50:01.277396+00:00,24.3,40.07,23.43,-39.2,61.7,16.0,146.0,19.6,6.9,0.0,14.37,1551.75,67106.09,73947.02,0.0,0.0,0.0,5.44,6.12,7.09,16.85,35.12,29.58,47.98,524.9,4.64,345.3,4.64,525.1,4.57,0.0,0.0,525.0,4.62,0.0,0.0,531.1,4.2,533.4,4.05,519.9,5.22,519.1,4.64,525.2,5.22,0.0,0.0,242.0,42.77,241.46,25.39,238.94,25.67,1.0,50.13
2026-10-05T05:55:01.385948+00:00,26.4,38.18,26.82,-38.6,59.0,16.0,146.0,19.6,6.9,0.0,16.3,1553.68,67108.02,73948.95,0.0,0.0,0.0,6.37,7.46,8.46,18.04,35.13,29.58,47.99,523.7,5.6,340.7,5.62,521.6,5.52,0.0,0.0,520.2,5.2,0.0,0.0,526.7,4.86,532.9,4.73,519.6,6.01,518.5,5.59,526.5,5.91,0.0,0.0,241.92,43.27,240.9,22.67,238.17,22.61,1.0,50.17
2026-10-05T06:00:01.184151+00:00,28.0,39.9,21.4,-33.3,56.4,16.0,362.0,20.5,5.8,0.0,18.44,1555.82,67110.16,73951.09,0.0,0.0,0.0,7.23,7.41,8.63,19.17,35.13,29.58,47.99,518.6,6.14,337.7,6.17,515.8,6.08,0.0,0.0,522.1,5.77,0.0,0.0,526.6,5.44,529.5,5.3,514.3,6.65,516.0,6.13,520.3,6.59,0.0,0.0,241.94,45.68,240.63,23.13,238.03,22.87,1.0,49.93
2026-10-05T06:05:01.502237+00:00,29.1,40.23,22.87,-34.0,53.9,16.0,362.0,20.5,5.8,0.0,20.71,1558.09,67112.43,73953.36,0.0,0.0,0.0,7.92,8.54,9.67,20.25,35.13,29.58,47.99,515.6,6.58,336.0,6.6,512.8,6.51,0.0,0.0,517.4,6.25,0.0,0.0,522.4,5.92,525.6,5.76,511.4,7.13,512.3,6.57,516.6,7.08,0.0,0.0,241.86,38.45,241.52,23.55,238.56,23.21,1.0,49.91
2026-10-05T06:10:01.446871+00:00,30.0,39.79,20.71,-30.5,51.8,16.0,362.0,20.5,5.8,0.0,23.09,1560.47,67114.81,73955.74,0.0,0.0,0.0,8.15,8.87,10.03,21.22,35.13,29.58,47.99,511.4,6.91,333.0,6.94,508.7,6.84,0.0,0.0,515.6,6.55,0.0,0.0,518.3,6.25,522.3,6.07,508.2,7.44,510.0,6.88,513.1,7.41,0.0,0.0,241.67,42.62,240.59,22.79,237.92,22.62,1.0,49.83
2026-10-05T06:15:01.436762+00:00,30.9,39.14,26.46,-34.7,49.4,15.0,362.0,21.2,4.5,0.0,25.56,1562.94,67117.28,73958.21,0.0,0.0,0.0,8.44,9.26,10.63,22.26,35.13,29.58,47.99,510.1,7.18,332.2,7.19,507.8,7.1,0.0,0.0,515.3,6.8,0.0,0.0,515.1,6.56,519.7,6.37,505.9,7.72,507.7,7.17,510.5,7.69,0.0,0.0,240.99,40.65,240.17,22.78,237.44,22.52,1.0,49.8
2026-10-05T06:20:01.645582+00:00,32.0,38.42,29.88,-36.3,47.0,15.0,362.0,21.2,4.5,0.0,28.1,1565.48,67119.82,73960.75,0.0,0.0,0.0,8.91,10.19,11.75,23.31,35.13,29.58,47.99,507.5,7.45,329.8,7.49,504.9,7.36,0.0,0.0,512.6,7.05,0.0,0.0,514.4,6.8,517.1,6.64,503.5,7.97,505.3,7.43,508.2,7.94,0.0,0.0,241.77,45.72,240.47,22.93,237.8,23.04,1.0,50.08
2026-10-05T06:25:01.290179+00:00,32.7,39.27,30.13,-36.7,44.6,15.0,362.0,21.2,4.5,0.0,30.74,1568.12,67122.46,73963.39,0.0,0.0,0.0,9.14,9.46,10.6,24.38,35.13,29.59,48.0,507.7,7.62,329.1,7.72,502.3,7.61,0.0,0.0,511.4,7.28,0.0,0.0,512.7,7.05,513.5,6.91,502.6,8.19,504.6,7.67,505.9,8.19,0.0,0.0,241.23,45.82,240.15,24.75,237.59,24.97,1.0,49.94
2026-10-05T06:30:01.698440+00:00,33.7,32.75,32.95,-32.0,42.3,15.0,362.0,21.9,3.2,0.0,33.42,1570.8,67125.14,73966.07,0.0,0.0,0.0,9.24,10.06,10.54,25.41,35.13,29.59,48.0,503.2,7.94,328.8,7.93,500.6,7.83,0.0,0.0,509.4,7.5,0.0,0.0,510.1,7.3,513.0,7.13,491.6,8.35,501.3,7.93,504.2,8.4,0.0,0.0,240.9,45.88,240.22,25.56,237.48,25.61,1.0,50.04
2026-10-05T06:35:01.683435+00:00,34.8,41.0,28.6,-34.8,40.0,15.0,362.0,21.9,3.2,0.0,36.19,1573.57,67127.91,73968.84,0.0,0.0,0.0,9.64,10.54,11.66,26.41,35.14,29.59,48.0,501.6,8.18,325.6,8.22,499.4,8.06,0.0,0.0,508.7,7.71,0.0,0.0,508.9,7.55,509.1,7.42,498.0,8.64,499.8,8.16,502.2,8.63,0.0,0.0,241.53,45.76,240.43,22.62,237.71,22.75,1.0,50.09
2026-10-05T06:40:02.080427+00:00,35.5,40.0,24.6,-29.1,37.9,15.0,362.0,21.9,3.2,0.0,39.03,1576.41,67130.75,73971.68,0.0,0.0,0.0,9.36,10.46,11.79,27.33,35.14,29.59,48.0,498.6,8.43,326.9,8.45,498.3,8.31,0.0,0.0,507.2,7.95,0.0,0.0,505.9,7.81,507.5,7.65,497.1,8.87,497.7,8.41,501.1,8.85,0.0,0.0,241.19,45.82,240.24,25.37,237.35,25.27,1.0,50.0
2026-10-05T06:45:01.883777+00:00,36.1,31.98,33.52,-29.4,35.8,14.0,362.0,22.6,3.0,0.0,41.94,1579.32,67133.66,73974.59,0.0,0.0,0.0,7.96,9.14,9.46,28.22,35.14,29.59,48.0,497.1,8.65,333.5,8.58,498.2,8.52,0.0,0.0,505.5,8.18,0.0,0.0,503.8,8.05,505.1,7.91,495.3,9.08,496.1,8.63,498.9,9.08,0.0,0.0,241.43,44.72,240.03,22.41,237.55,22.25,1.0,50.01
2026-10-05T06:50:01.799715+00:00,37.1,40.62,22.58,-26.1,33.8,14.0,362.0,22.6,3.0,0.0,44.93,1582.31,67136.65,73977.58,0.0,0.0,0.0,10.51,11.41,12.45,29.09,35.14,29.59,48.0,495.1,8.87,339.8,8.73,495.3,8.75,0.0,0.0,503.8,8.37,0.0,0.0,502.4,8.26,504.5,8.1,493.5,9.28,494.4,8.84,497.1,9.27,0.0,0.0,241.34,45.81,240.44,22.56,237.59,22.47,1.0,50.15
2026-10-05T06:55:01.594202+00:00,37.6,38.38,22.32,-23.1,31.9,14.0,362.0,22.6,3.0,0.0,47.97,1585.35,67139.69,73980.62,0.0,0.0,0.0,10.97,11.89,12.81,29.93,35.14,29.59,48.01,494.1,9.07,348.0,8.88,493.4,8.94,0.0,0.0,503.8,8.55,0.0,0.0,501.0,8.47,500.7,8.34,493.1,9.45,492.8,9.04,496.0,9.45,0.0,0.0,241.0,41.14,240.39,23.36,237.67,23.27,1.0,50.09
2026-10-05T07:00:01.742454+00:00,38.5,39.57,25.63,-26.7,30.3,16.0,572.0,23.1,3.8,0.0,51.1,1588.48,67142.82,73983.75,0.0,0.0,0.0,11.29,11.99,12.79,30.67,35.14,29.59,48.01,491.8,9.31,357.8,9.03,493.1,9.12,0.0,0.0,501.2,8.77,0.0,0.0,499.1,8.71,500.4,8.55,490.4,9.69,491.2,9.27,494.1,9.68,0.0,0.0,241.1,38.98,240.6,23.07,237.94,22.7,1.0,50.07
2026-10-05T07:05:01.873188+00:00,38.542,-50.29,27.29,61.542,34.2,16.0,572.0,23.1,3.8,0.0,54.28,1591.66,67146.0,73986.93,0.0,0.0,0.0,11.56,12.53,13.33,30.67,35.14,29.59,48.01,491.2,9.49,373.4,9.1,489.6,9.33,0.0,0.0,502.7,8.93,0.0,0.0,498.5,8.9,497.6,8.77,490.6,9.84,491.4,9.44,493.6,9.85,0.0,0.0,242.36,45.11,240.96,22.72,238.06,22.54,-1.0,50.14
2026-10-05T07:10:01.700165+00:00,39.669,-44.34,22.44,61.569,38.2,16.0,572.0,23.1,3.8,0.0,57.54,1594.92,67149.26,73990.19,0.0,0.0,0.0,12.18,12.87,13.57,30.67,35.15,29.6,48.01,490.3,9.71,391.2,9.26,488.6,9.54,0.0,0.0,502.4,9.12,0.0,0.0,499.0,9.1,497.8,8.97,489.9,10.05,490.8,9.65,493.2,10.05,0.0,0.0,236.49,13.99,239.55,13.85,236.21,14.02,-1.0,50.01
2026-10-05T07:15:02.104119+00:00,40.853,-41.73,21.03,61.553,42.2,21.0,572.0,23.6,4.9,0.0,60.87,1598.25,67152.59,73993.52,0.0,0.0,0.0,12.64,13.24,13.9,30.67,35.15,29.6,48.01,490.5,9.85,408.2,9.41,488.6,9.68,0.0,0.0,500.9,9.26,0.0,0.0,498.7,9.27,498.2,9.14,490.6,10.16,490.2,9.8,493.9,10.15,0.0,0.0,236.67,13.29,239.25,13.18,235.99,13.34,-1.0,50.0
2026-10-05T07:20:02.068031+00:00,41.78,-38.75,18.95,61.58,46.2,25.0,572.0,23.6,4.9,0.0,64.32,1601.7,67156.04,73996.97,0.0,0.0,0.0,13.16,13.59,14.16,30.67,35.15,29.6,48.02,488.1,10.16,427.4,9.7,489.6,9.98,0.0,0.0,499.1,9.54,0.0,0.0,499.0,9.58,501.3,9.41,490.3,10.43,488.7,10.11,492.0,10.43,0.0,0.0,236.46,12.56,239.12,12.45,235.85,12.61,-1.0,50.01
2026-10-05T07:25:01.881739+00:00,42.578,-38.73,19.73,61.578,50.1,25.0,572.0,23.5,4.9,0.0,67.82,1605.2,67159.54,74000.47,0.0,0.0,0.0,13.57,13.85,14.4,30.67,35.15,29.6,48.02,488.5,10.33,452.3,9.8,489.4,10.17,0.0,0.0,498.0,9.72,0.0,0.0,500.4,9.74,500.6,9.61,488.9,10.61,489.3,10.27,490.5,10.6,0.0,0.0,237.26,11.92,239.66,11.84,236.39,11.99,-1.0,50.15
2026-10-05T07:30:01.896382+00:00,43.384,-40.22,22.02,61.584,54.1,24.0,572.0,23.8,8.1,0.0,71.41,1608.79,67163.13,74004.06,0.0,0.0,0.0,13.95,14.09,14.59,30.67,35.15,29.6,48.02,487.0,10.52,459.5,10.19,489.9,10.35,0.0,0.0,499.8,9.88,0.0,0.0,501.1,9.94,500.4,9.8,490.1,10.76,487.3,10.48,489.9,10.79,0.0,0.0,237.18,11.4,239.65,11.31,236.44,11.45,-1.0,50.05
2026-10-05T07:35:01.182479+00:00,43.833,-39.39,21.69,61.533,58.0,24.0,572.0,23.8,8.0,0.0,75.05,1612.43,67166.77,74007.7,0.0,0.0,0.0,14.32,14.28,14.77,30.67,35.15,29.6,48.02,486.1,10.67,471.3,10.4,488.6,10.52,0.0,0.0,498.6,10.01,0.0,0.0,497.6,10.14,499.4,9.98,487.3,10.93,486.5,10.63,489.0,10.91,0.0,0.0,237.27,10.87,239.48,10.8,236.44,10.93,-1.0,50.13
2026-10-05T07:40:01.297183+00:00,44.588,-43.34,26.34,61.588,61.9,24.0,572.0,23.8,8.0,0.0,78.77,1616.15,67170.49,74011.42,0.0,0.0,0.0,14.66,14.45,14.93,30.67,35.16,29.6,48.03,484.0,10.85,480.4,10.63,486.4,10.69,0.0,0.0,495.1,10.2,0.0,0.0,496.4,10.31,497.8,10.15,486.1,11.07,483.6,10.82,486.6,11.08,0.0,0.0,237.29,10.39,239.29,10.33,236.75,10.43,-1.0,50.11
2026-10-05T07:45:01.599953+00:00,45.277,-43.85,27.55,61.577,65.8,23.0,572.0,24.0,9.0,0.0,82.52,1619.9,67174.24,74015.17,0.0,0.0,0.0,14.97,14.69,15.13,30.67,35.16,29.61,48.03,483.0,11.02,490.1,10.83,486.5,10.83,0.0,0.0,493.7,10.36,0.0,0.0,495.3,10.47,496.4,10.32,486.3,11.21,482.4,10.98,485.5,11.23,0.0,0.0,235.76,10.05,238.9,9.95,235.44,10.08,-1.0,50.03
2026-10-05T07:50:02.078019+00:00,45.56,-37.26,21.26,61.56,69.7,23.0,572.0,24.0,9.0,0.0,86.33,1623.71,67178.05,74018.98,0.0,0.0,0.0,15.11,14.86,15.3,30.67,35.16,29.61,48.03,480.7,11.18,489.4,11.1,482.9,11.01,0.0,0.0,493.6,10.49,0.0,0.0,493.7,10.65,494.7,10.48,484.2,11.35,482.7,11.1,485.6,11.34,0.0,0.0,236.01,9.78,238.95,9.69,235.58,9.82,-0.999,50.13
2026-10-05T07:55:01.712216+00:00,46.313,-34.72,19.52,61.513,73.6,23.0,572.0,24.0,9.0,0.0,90.17,1627.55,67181.89,74022.82,0.0,0.0,0.0,15.21,15.01,15.42,30.67,35.16,29.61,48.03,479.1,11.33,486.3,11.28,483.7,11.11,0.0,0.0,493.5,10.61,0.0,0.0,492.6,10.78,492.6,10.62,481.9,11.48,480.5,11.27,483.2,11.49,0.0,0.0,236.39,9.61,238.73,9.54,235.61,9.65,-1.0,50.15
2026-10-05T08:00:02.066574+00:00,46.855,-35.79,22.49,60.155,77.5,23.0,748.0,24.2,9.7,0.0,94.05,1631.43,67185.77,74026.7,0.0,0.0,0.0,15.46,15.28,15.62,30.67,35.16,29.61,48.04,478.5,11.46,484.7,11.42,481.2,11.26,0.0,0.0,493.5,10.74,0.0,0.0,492.8,10.94,491.9,10.77,481.5,11.6,478.9,11.41,483.5,11.6,0.0,0.0,235.94,9.3,238.29,9.24,235.17,9.35,-0.999,49.93
2026-10-05T08:05:01.501442+00:00,47.665,-39.91,28.01,59.565,81.3,23.0,748.0,24.2,9.7,0.0,97.98,1635.36,67189.7,74030.63,0.0,0.0,0.0,15.66,15.44,15.78,30.67,35.16,29.61,48.04,477.5,11.62,485.3,11.57,480.7,11.41,0.0,0.0,491.2,10.91,0.0,0.0,492.4,11.1,489.8,10.97,481.2,11.72,478.6,11.56,481.7,11.75,0.0,0.0,236.46,8.08,239.0,8.02,235.98,8.11,-0.999,50.03
2026-10-05T08:10:01.707471+00:00,48.265,-35.54,24.34,59.465,85.0,23.0,748.0,24.2,9.7,0.0,101.97,1639.35,67193.69,74034.62,0.0,0.0,0.0,15.95,15.67,16.04,30.67,35.17,29.61,48.04,478.7,11.76,486.0,11.74,482.4,11.54,0.0,0.0,491.2,11.03,0.0,0.0,492.6,11.26,493.2,11.09,481.7,11.86,479.0,11.71,482.4,11.86,0.0,0.0,236.06,7.26,238.76,7.2,235.81,7.28,-0.998,49.99
2026-10-05T08:15:01.250661+00:00,48.802,-38.7,28.6,58.902,88.8,25.0,748.0,24.4,10.1,0.0,106.0,1643.38,67197.72,74038.65,0.0,0.0,0.0,16.07,15.9,16.24,30.67,35.17,29.62,48.04,478.7,11.88,486.8,11.86,482.7,11.66,0.0,0.0,490.9,11.16,0.0,0.0,492.3,11.4,493.7,11.23,481.9,11.98,478.7,11.84,482.1,11.97,0.0,0.0,236.64,6.96,239.01,6.91,235.35,7.01,-0.999,50.05
2026-10-05T08:20:02.039530+00:00,49.703,-26.13,28.63,47.203,92.2,25.0,748.0,24.4,10.1,0.0,110.06,1647.44,67201.78,74042.71,0.0,0.0,0.0,16.29,16.13,16.47,30.67,35.17,29.62,48.05,478.7,11.98,488.2,11.94,481.8,11.79,0.0,0.0,494.2,11.25,0.0,0.0,493.6,11.51,494.8,11.36,484.3,12.07,478.7,11.95,483.3,12.1,0.0,0.0,236.42,6.58,238.69,6.54,235.48,6.62,-0.837,50.08
2026-10-05T08:25:01.511600+00:00,50.267,-9.46,20.36,39.367,94.9,25.0,748.0,24.4,10.1,0.0,114.19,1651.57,67205.91,74046.84,0.0,0.0,0.0,16.55,16.45,16.78,30.67,35.17,29.62,48.05,478.3,12.1,487.3,12.08,482.7,11.89,0.0,0.0,494.4,11.39,0.0,0.0,492.9,11.66,494.7,11.5,486.1,12.15,478.3,12.06,485.1,12.18,0.0,0.0,237.04,0.84,238.92,0.84,236.19,0.85,0.995,50.11
2026-10-05T08:30:01.795948+00:00,51.014,-5.12,21.82,34.314,97.3,29.0,748.0,24.7,10.4,0.0,118.35,1655.73,67210.07,74051.0,0.0,0.0,0.0,16.79,16.65,16.97,30.67,35.17,29.62,48.05,477.8,12.21,485.8,12.21,481.0,12.02,0.0,0.0,494.5,11.48,0.0,0.0,492.2,11.79,494.2,11.62,484.7,12.26,477.8,12.18,484.3,12.29,0.0,0.0,237.85,3.25,239.19,3.25,236.42,3.28,0.998,50.15
2026-10-05T08:35:01.619712+00:00,51.314,16.54,31.06,3.714,99.1,29.0,748.0,24.7,10.4,0.0,122.56,1659.94,67214.28,74055.21,0.0,0.0,0.0,16.99,16.85,17.21,30.67,35.18,29.62,48.05,477.2,12.32,485.6,12.3,481.5,12.09,0.0,0.0,494.2,11.58,0.0,0.0,494.0,11.9,496.7,11.7,485.5,12.36,477.2,12.29,485.8,12.36,0.0,0.0,237.4,5.42,239.24,5.39,236.28,5.45,1.0,50.11
2026-10-05T08:40:01.946381+00:00,51.4,35.17,16.23,0.0,99.9,29.0,748.0,24.7,10.4,0.0,126.82,1664.2,67218.54,74059.47,0.0,0.0,0.0,17.07,16.93,17.3,30.67,35.18,29.62,48.06,476.3,12.44,487.4,12.39,483.0,12.2,0.0,0.0,494.0,11.67,0.0,0.0,495.1,11.98,497.1,11.81,487.4,12.41,477.7,12.39,486.4,12.41,0.0,0.0,237.62,22.02,240.14,21.86,236.94,22.12,1.0,50.04
2026-10-05T08:45:01.323095+00:00,51.7,29.26,22.44,0.0,100.0,32.0,748.0,24.9,10.5,0.0,131.1,1668.48,67222.82,74063.75,0.0,0.0,0.0,17.15,17.0,17.34,30.67,35.18,29.63,48.06,477.9,12.5,488.0,12.47,483.4,12.28,0.0,0.0,494.4,11.75,0.0,0.0,494.2,12.11,496.9,11.9,487.9,12.48,478.7,12.46,486.9,12.47,0.0,0.0,239.45,33.07,239.7,18.76,236.8,20.54,1.0,50.06
2026-10-05T08:50:01.648958+00:00,51.9,29.48,22.42,0.0,100.0,32.0,748.0,24.9,10.5,0.0,135.4,1672.78,67227.12,74068.05,0.0,0.0,0.0,17.24,17.11,17.43,30.67,35.18,29.63,48.06,477.0,12.59,486.9,12.56,482.7,12.35,0.0,0.0,494.3,11.84,0.0,0.0,493.3,12.2,496.1,11.98,486.5,12.56,478.3,12.53,485.9,12.54,0.0,0.0,238.4,24.75,240.43,23.18,237.55,24.84,1.0,49.91
2026-10-05T08:55:01.470039+00:00,52.3,28.26,24.04,0.0,100.0,32.0,748.0,24.9,10.5,0.0,139.72,1677.1,67231.44,74072.37,0.0,0.0,0.0,17.28,17.16,17.44,30.67,35.18,29.63,48.07,475.7,12.64,485.2,12.6,481.1,12.39,0.0,0.0,493.3,11.84,0.0,0.0,492.6,12.24,493.8,12.06,485.1,12.56,476.6,12.59,483.4,12.57,0.0,0.0,239.68,24.18,241.58,24.08,238.89,24.3,1.0,49.96
2026-10-05T09:00:01.461441+00:00,52.7,26.15,26.55,0.0,100.0,32.0,862.0,25.1,10.9,0.0,144.06,1681.44,67235.78,74076.71,0.0,0.0,0.0,17.42,17.33,17.59,30.67,35.19,29.63,48.07,475.1,12.74,485.4,12.68,481.2,12.47,0.0,0.0,493.8,11.91,0.0,0.0,493.1,12.33,494.2,12.14,485.6,12.62,477.6,12.64,483.4,12.64,0.0,0.0,240.12,24.33,241.61,24.26,238.88,24.51,1.0,49.99
2026-10-05T09:05:01.783400+00:00,52.8,28.17,24.63,0.0,100.0,32.0,862.0,25.1,10.9,0.0,148.43,1685.81,67240.15,74081.08,0.0,0.0,0.0,17.52,17.46,17.68,30.67,35.19,29.63,48.07,476.0,12.78,485.9,12.75,482.5,12.51,0.0,0.0,495.0,11.99,0.0,0.0,493.3,12.43,496.3,12.21,486.5,12.69,476.1,12.76,486.2,12.68,0.0,0.0,240.23,24.45,241.82,24.38,239.1,24.62,1.0,50.0
2026-10-05T09:10:01.190155+00:00,53.1,28.56,24.54,0.0,100.0,32.0,862.0,25.1,10.9,0.0,152.83,1690.21,67244.55,74085.48,0.0,0.0,0.0,17.59,17.54,17.73,30.68,35.19,29.63,48.07,476.8,12.84,485.4,12.83,481.5,12.61,0.0,0.0,495.8,12.04,0.0,0.0,493.4,12.49,497.1,12.27,488.3,12.71,477.5,12.8,487.3,12.69,0.0,0.0,239.55,24.61,241.57,24.49,238.8,24.74,1.0,50.05
2026-10-05T09:15:01.869543+00:00,53.0,28.19,24.81,0.0,100.0,26.0,862.0,25.2,11.5,0.0,157.23,1694.61,67248.95,74089.88,0.0,0.0,0.0,17.67,17.61,17.77,30.68,35.19,29.64,48.08,476.7,12.88,485.8,12.86,481.2,12.66,0.0,0.0,494.1,12.09,0.0,0.0,493.7,12.55,496.0,12.35,487.7,12.73,477.2,12.85,485.5,12.74,0.0,0.0,239.86,24.71,241.6,24.62,239.09,24.84,1.0,50.07
2026-10-05T09:20:02.021772+00:00,53.2,23.26,29.94,0.0,100.0,26.0,862.0,25.2,11.5,0.0,161.68,1699.06,67253.4,74094.33,0.0,0.0,0.0,17.73,17.57,17.73,30.68,35.19,29.64,48.08,476.3,12.94,485.6,12.92,481.4,12.72,0.0,0.0,492.0,12.14,0.0,0.0,491.8,12.63,495.5,12.41,486.0,12.76,477.6,12.9,484.0,12.76,0.0,0.0,239.56,24.81,241.34,24.71,238.8,24.95,1.0,50.01
2026-10-05T09:25:02.012514+00:00,53.3,28.84,24.46,0.0,100.0,26.0,862.0,25.2,11.5,0.0,166.09,1703.47,67257.81,74098.74,0.0,0.0,0.0,17.75,17.64,17.76,30.68,35.2,29.64,48.08,475.5,13.0,485.2,12.95,480.5,12.76,0.0,0.0,489.9,12.18,0.0,0.0,490.4,12.68,494.1,12.47,482.7,12.81,476.8,12.94,481.9,12.78,0.0,0.0,239.74,24.84,241.91,24.71,239.42,24.93,1.0,50.03
2026-10-05T09:30:01.904926+00:00,53.3,23.32,29.98,0.0,100.0,16.0,862.0,25.2,12.4,0.0,170.52,1707.9,67262.24,74103.17,0.0,0.0,0.0,17.78,17.69,17.76,30.68,35.2,29.64,48.09,475.9,13.0,484.9,12.98,480.9,12.77,0.0,0.0,489.7,12.21,0.0,0.0,490.6,12.72,492.7,12.52,482.7,12.82,476.3,12.98,481.2,12.81,0.0,0.0,239.91,24.98,241.64,24.53,238.81,25.15,1.0,49.99
2026-10-05T09:35:01.821640+00:00,53.7,25.09,28.61,0.0,100.0,16.0,862.0,25.2,12.4,0.0,174.95,1712.33,67266.67,74107.6,0.0,0.0,0.0,17.83,17.74,17.78,30.68,35.2,29.64,48.09,474.5,13.05,484.9,13.0,480.0,12.81,0.0,0.0,490.5,12.23,0.0,0.0,489.3,12.79,492.9,12.56,482.5,12.83,475.4,13.01,480.7,12.82,0.0,0.0,239.53,24.96,242.14,24.78,239.04,25.06,1.0,49.95
2026-10-05T09:40:01.224153+00:00,53.7,28.29,25.41,0.0,100.0,16.0,862.0,25.2,12.4,0.0,179.42,1716.8,67271.14,74112.07,0.0,0.0,0.0,17.93,17.89,17.9,30.68,35.2,29.64,48.09,477.4,13.05,486.8,13.02,482.4,12.82,0.0,0.0,490.6,12.28,0.0,0.0,492.5,12.8,495.7,12.61,485.6,12.82,478.6,13.01,482.4,12.84,0.0,0.0,240.26,25.16,242.89,24.53,239.7,25.27,1.0,50.18
2026-10-05T09:45:01.946154+00:00,53.6,27.28,26.32,0.0,100.0,6.0,862.0,25.1,13.4,0.0,183.91,1721.29,67275.63,74116.56,0.0,0.0,0.0,17.92,17.89,17.89,30.68,35.21,29.65,48.09,477.7,13.08,486.3,13.06,482.7,12.83,0.0,0.0,490.9,12.29,0.0,0.0,493.2,12.85,496.4,12.63,486.4,12.83,479.1,13.03,483.2,12.85,0.0,0.0,240.12,28.72,241.72,22.69,238.84,23.73,1.0,49.93
2026-10-05T09:50:01.386548+00:00,53.6,31.46,22.14,0.0,100.0,6.0,862.0,25.1,13.4,0.0,188.37,1725.75,67280.09,74121.02,0.0,0.0,0.0,17.91,17.86,17.83,30.68,35.21,29.65,48.1,477.3,13.11,486.5,13.07,481.7,12.88,0.0,0.0,490.1,12.29,0.0,0.0,491.9,12.89,494.6,12.69,485.7,12.82,479.0,13.05,482.5,12.84,0.0,0.0,240.24,28.59,242.1,22.73,239.05,23.84,1.0,50.0
2026-10-05T09:55:01.768571+00:00,53.6,29.82,23.78,0.0,100.0,6.0,862.0,25.1,13.4,0.0,192.83,1730.21,67284.55,74125.48,0.0,0.0,0.0,17.92,17.89,17.83,30.68,35.21,29.65,48.1,476.9,13.1,486.9,13.07,482.4,12.89,0.0,0.0,490.6,12.31,0.0,0.0,489.9,12.91,494.2,12.7,483.8,12.82,479.1,13.05,481.9,12.83,0.0,0.0,240.25,28.59,241.8,22.68,238.87,23.89,1.0,50.0
2026-10-05T10:00:01.344145+00:00,53.5,27.07,26.43,0.0,100.0,0.0,913.0,25.1,14.1,0.0,197.32,1734.7,67289.04,74129.97,0.0,0.0,0.0,17.84,17.86,17.8,30.68,35.21,29.65,48.1,474.6,13.11,484.4,13.06,479.9,12.88,0.0,0.0,493.6,12.29,0.0,0.0,490.8,12.9,490.0,12.72,482.4,12.81,475.9,13.08,484.0,12.81,0.0,0.0,240.63,28.01,242.1,22.78,239.71,23.93,1.0,50.05
2026-10-05T10:05:01.623513+00:00,53.6,26.73,26.87,0.0,100.0,0.0,913.0,25.1,14.1,0.0,201.76,1739.14,67293.48,74134.41,0.0,0.0,0.0,17.84,17.84,17.78,30.68,35.21,29.65,48.11,475.5,13.07,485.4,13.01,480.7,12.84,0.0,0.0,493.5,12.24,0.0,0.0,490.8,12.89,490.7,12.69,483.0,12.76,476.0,13.05,483.8,12.76,0.0,0.0,239.8,25.49,242.42,24.15,239.26,25.12,1.0,50.0
2026-10-05T10:10:02.103299+00:00,53.6,34.19,19.41,0.0,100.0,0.0,913.0,25.1,14.1,0.0,206.21,1743.59,67297.93,74138.86,0.0,0.0,0.0,17.86,17.85,17.74,30.68,35.22,29.66,48.11,477.0,13.02,486.1,13.0,482.3,12.8,0.0,0.0,492.6,12.22,0.0,0.0,493.4,12.85,493.0,12.67,485.9,12.69,478.5,12.99,485.2,12.69,0.0,0.0,239.81,25.18,241.45,24.47,238.94,25.33,1.0,49.84
2026-10-05T10:15:01.308982+00:00,53.2,30.28,22.92,0.0,100.0,0.0,913.0,25.0,14.5,0.0,210.68,1748.06,67302.4,74143.33,0.0,0.0,0.0,17.91,17.91,17.8,30.68,35.22,29.66,48.11,478.2,13.04,489.8,12.97,485.2,12.78,0.0,0.0,494.0,12.18,0.0,0.0,493.5,12.88,496.4,12.64,489.1,12.63,480.6,12.97,485.4,12.68,0.0,0.0,240.64,28.66,241.48,22.74,239.22,23.66,1.0,49.9
2026-10-05T10:20:01.559566+00:00,53.1,31.32,21.78,0.0,100.0,0.0,913.0,25.0,14.5,0.0,215.12,1752.5,67306.84,74147.77,0.0,0.0,0.0,17.82,17.79,17.64,30.68,35.22,29.66,48.12,480.2,12.99,490.6,12.94,485.3,12.76,0.0,0.0,493.3,12.17,0.0,0.0,493.6,12.86,496.6,12.63,488.8,12.59,481.5,12.95,485.4,12.62,0.0,0.0,240.61,28.35,242.01,22.69,238.85,23.64,1.0,49.84
2026-10-05T10:25:01.284621+00:00,52.9,30.4,22.5,0.0,100.0,0.0,913.0,25.0,14.5,0.0,219.58,1756.96,67311.3,74152.23,0.0,0.0,0.0,17.82,17.74,17.58,30.68,35.22,29.66,48.12,480.2,12.92,490.7,12.88,485.4,12.7,0.0,0.0,492.1,12.09,0.0,0.0,494.0,12.78,495.8,12.59,487.3,12.53,481.0,12.89,484.7,12.53,0.0,0.0,240.96,27.61,242.36,23.02,239.6,23.89,1.0,50.06
2026-10-05T10:30:01.897632+00:00,52.7,28.79,23.91,0.0,100.0,2.0,913.0,24.8,14.6,0.0,223.99,1761.37,67315.71,74156.64,0.0,0.0,0.0,17.69,17.71,17.49,30.68,35.22,29.66,48.12,479.9,12.87,490.0,12.84,484.7,12.67,0.0,0.0,491.4,12.07,0.0,0.0,494.1,12.79,496.4,12.59,489.5,12.44,480.8,12.84,484.9,12.49,0.0,0.0,240.64,24.65,242.47,24.55,239.87,24.78,1.0,50.07
2026-10-05T10:35:02.156375+00:00,52.8,33.37,19.43,0.0,100.0,2.0,913.0,24.8,14.6,0.0,228.38,1765.76,67320.1,74161.03,0.0,0.0,0.0,17.62,17.69,17.44,30.69,35.23,29.66,48.12,479.0,12.84,489.0,12.81,485.3,12.6,0.0,0.0,492.5,12.02,0.0,0.0,494.4,12.75,497.8,12.54,490.0,12.39,480.0,12.81,485.7,12.43,0.0,0.0,240.02,24.61,242.25,24.46,239.29,24.74,1.0,49.95
2026-10-05T10:40:01.460526+00:00,52.7,31.8,20.9,0.0,100.0,2.0,913.0,24.8,14.6,0.0,232.81,1770.19,67324.53,74165.46,0.0,0.0,0.0,17.65,17.65,17.43,30.69,35.23,29.67,48.13,481.5,12.76,489.8,12.77,486.9,12.54,0.0,0.0,491.4,11.99,0.0,0.0,496.0,12.7,499.2,12.49,490.1,12.33,482.4,12.74,486.2,12.36,0.0,0.0,240.23,25.62,242.13,23.68,239.49,24.66,1.0,49.94
2026-10-05T10:45:01.946324+00:00,52.2,34.44,17.76,0.0,100.0,5.0,913.0,24.7,14.8,0.0,237.18,1774.56,67328.9,74169.83,0.0,0.0,0.0,17.69,17.61,17.36,30.69,35.23,29.67,48.13,482.9,12.73,493.2,12.7,489.5,12.49,0.0,0.0,492.6,11.93,0.0,0.0,496.1,12.66,498.3,12.46,490.5,12.27,484.1,12.7,488.0,12.27,0.0,0.0,240.37,27.52,242.23,22.76,239.49,23.77,1.0,50.03
2026-10-05T10:50:01.452218+00:00,51.8,34.79,17.01,0.0,100.0,5.0,913.0,24.7,14.8,0.0,241.56,1778.94,67333.28,74174.21,0.0,0.0,0.0,17.51,17.51,17.21,30.69,35.23,29.67,48.13,484.5,12.66,494.3,12.65,490.1,12.45,0.0,0.0,492.9,11.9,0.0,0.0,496.6,12.61,496.9,12.45,491.5,12.17,486.0,12.63,488.5,12.19,0.0,0.0,240.16,27.18,241.75,22.65,239.46,23.5,1.0,49.94
2026-10-05T10:55:01.901496+00:00,51.3,31.04,20.26,0.0,100.0,5.0,913.0,24.7,14.8,0.0,245.88,1783.26,67337.6,74178.53,0.0,0.0,0.0,17.35,17.36,17.06,30.69,35.23,29.67,48.13,484.5,12.5,495.4,12.45,491.2,12.28,0.0,0.0,495.3,11.74,0.0,0.0,498.4,12.44,499.4,12.27,492.7,12.01,485.4,12.48,489.0,12.06,0.0,0.0,240.87,28.59,242.13,21.6,239.66,22.41,1.0,50.07
2026-10-05T11:00:01.844987+00:00,51.1,33.46,17.64,0.0,100.0,7.0,900.0,24.6,14.8,0.0,250.18,1787.56,67341.9,74182.83,0.0,0.0,0.0,17.23,17.28,16.93,30.69,35.24,29.67,48.14,482.3,12.46,492.6,12.44,488.4,12.26,0.0,0.0,493.1,11.7,0.0,0.0,494.1,12.48,497.1,12.26,490.5,11.96,484.3,12.41,488.6,11.98,0.0,0.0,240.52,25.95,242.08,22.69,239.68,23.51,1.0,50.03
2026-10-05T11:05:01.665173+00:00,50.8,30.17,20.63,0.0,100.0,7.0,900.0,24.6,14.8,0.0,254.46,1791.84,67346.18,74187.11,0.0,0.0,0.0,17.12,17.19,16.83,30.69,35.24,29.67,48.14,484.3,12.3,494.6,12.26,489.9,12.09,0.0,0.0,494.2,11.58,0.0,0.0,498.4,12.3,500.7,12.1,492.5,11.81,485.1,12.28,490.8,11.83,0.0,0.0,240.25,25.57,242.02,22.67,239.49,23.46,1.0,49.92
2026-10-05T11:10:01.622366+00:00,50.5,22.5,28.0,0.0,100.0,7.0,900.0,24.6,14.8,0.0,258.69,1796.07,67350.41,74191.34,0.0,0.0,0.0,17.0,17.06,16.68,30.69,35.24,29.68,48.14,485.2,12.24,494.7,12.23,489.3,12.06,0.0,0.0,496.4,11.49,0.0,0.0,498.8,12.27,499.7,12.09,494.1,11.73,484.8,12.25,490.7,11.75,0.0,0.0,240.85,27.15,242.16,21.58,239.48,22.4,1.0,50.04
2026-10-05T11:15:01.640469+00:00,50.0,27.61,22.39,0.0,100.0,6.0,900.0,24.5,14.9,0.0,262.9,1800.28,67354.62,74195.55,0.0,0.0,0.0,16.95,16.98,16.6,30.69,35.24,29.68,48.15,487.5,12.13,496.7,12.14,492.4,11.95,0.0,0.0,497.3,11.39,0.0,0.0,499.3,12.19,501.7,11.99,495.1,11.61,487.8,12.14,492.7,11.6,0.0,0.0,239.65,23.71,241.88,23.58,239.12,23.82,1.0,49.89
2026-10-05T11:20:01.991294+00:00,49.7,31.69,18.01,0.0,100.0,6.0,900.0,24.5,14.9,0.0,267.12,1804.5,67358.84,74199.77,0.0,0.0,0.0,16.85,16.79,16.39,30.69,35.24,29.68,48.15,486.7,12.08,497.4,12.05,493.1,11.87,0.0,0.0,496.8,11.31,0.0,0.0,498.4,12.12,500.7,11.93,495.0,11.5,488.3,12.06,491.8,11.52,0.0,0.0,238.82,23.65,240.45,23.58,237.77,23.81,1.0,49.91
2026-10-05T11:25:01.625494+00:00,49.2,30.05,19.15,0.0,100.0,6.0,900.0,24.5,14.9,0.0,271.27,1808.65,67362.99,74203.92,0.0,0.0,0.0,16.67,16.73,16.27,30.69,35.25,29.68,48.15,489.7,11.93,500.0,11.9,494.8,11.74,0.0,0.0,497.2,11.19,0.0,0.0,499.8,12.0,501.4,11.83,495.8,11.35,490.4,11.92,492.9,11.36,0.0,0.0,238.95,23.63,241.01,22.84,238.26,23.75,1.0,50.03
2026-10-05T11:30:01.185666+00:00,48.7,29.94,18.76,0.0,100.0,4.0,900.0,24.4,15.1,0.0,275.39,1812.77,67367.11,74208.04,0.0,0.0,0.0,16.54,16.56,16.1,30.69,35.25,29.68,48.15,491.1,11.79,499.7,11.78,495.5,11.61,0.0,0.0,498.4,11.04,0.0,0.0,500.6,11.91,503.6,11.7,497.4,11.21,491.8,11.77,493.0,11.26,0.0,0.0,238.38,23.28,240.27,23.17,237.32,23.42,1.0,49.84
2026-10-05T11:35:01.618364+00:00,48.3,23.77,24.53,0.0,100.0,4.0,900.0,24.4,15.1,0.0,279.47,1816.85,67371.19,74212.12,0.0,0.0,0.0,16.35,16.39,15.92,30.69,35.25,29.68,48.16,490.9,11.67,500.5,11.64,495.7,11.48,0.0,0.0,497.1,10.95,0.0,0.0,501.3,11.78,504.3,11.58,498.0,11.06,492.4,11.64,494.4,11.09,0.0,0.0,239.35,22.92,241.87,22.76,238.6,23.03,1.0,49.87
2026-10-05T11:40:01.294704+00:00,47.7,27.58,20.12,0.0,100.0,4.0,900.0,24.4,15.1,0.0,283.5,1820.88,67375.22,74216.15,0.0,0.0,0.0,16.17,16.31,15.78,30.69,35.25,29.69,48.16,491.1,11.53,499.9,11.52,496.7,11.33,0.0,0.0,498.4,10.83,0.0,0.0,501.7,11.67,503.8,11.49,499.5,10.91,492.1,11.51,496.1,10.93,0.0,0.0,238.71,22.74,241.28,22.57,238.44,22.8,1.0,49.93
2026-10-05T11:45:01.970987+00:00,47.0,22.81,24.19,0.0,100.0,2.0,900.0,24.4,14.9,0.0,287.5,1824.88,67379.22,74220.15,0.0,0.0,0.0,16.03,16.11,15.58,30.69,35.25,29.69,48.16,491.0,11.43,500.4,11.41,497.5,11.21,0.0,0.0,500.5,10.71,0.0,0.0,502.5,11.56,504.2,11.38,499.7,10.77,492.9,11.39,495.4,10.83,0.0,0.0,239.14,22.48,241.91,22.3,238.67,22.57,1.0,50.03
2026-10-05T11:50:01.240604+00:00,46.1,22.59,23.51,0.0,100.0,2.0,900.0,24.4,14.9,0.0,291.45,1828.83,67383.17,74224.1,0.0,0.0,0.0,15.77,15.88,15.29,30.69,35.26,29.69,48.16,491.3,11.27,499.3,11.27,496.3,11.08,0.0,0.0,499.0,10.59,0.0,0.0,501.6,11.43,503.7,11.25,497.7,10.65,491.5,11.28,495.1,10.68,0.0,0.0,238.63,22.16,241.12,22.01,238.2,22.25,1.0,49.91
2026-10-05T11:55:01.201679+00:00,45.5,21.94,23.56,0.0,100.0,2.0,900.0,24.4,14.9,0.0,295.31,1832.69,67387.03,74227.96,0.0,0.0,0.0,15.44,15.57,14.96,30.69,35.26,29.69,48.17,489.4,11.13,498.4,11.11,494.5,10.93,0.0,0.0,498.8,10.44,0.0,0.0,497.7,11.3,501.7,11.09,497.0,10.44,490.8,11.1,493.5,10.49,0.0,0.0,239.09,21.67,241.9,21.49,238.7,21.75,1.0,50.06
2026-10-05T12:00:01.447570+00:00,45.0,18.91,26.09,0.0,100.0,0.0,813.0,24.3,15.0,0.0,299.15,1836.53,67390.87,74231.8,0.0,0.0,0.0,15.27,15.42,14.76,30.7,35.26,29.69,48.17,490.5,10.94,498.2,10.96,493.9,10.78,0.0,0.0,498.4,10.28,0.0,0.0,499.4,11.14,502.0,10.98,496.1,10.29,491.1,10.93,492.5,10.33,0.0,0.0,238.65,21.49,241.4,21.31,238.28,21.56,1.0,50.02
2026-10-05T12:05:01.590507+00:00,44.1,20.3,23.8,0.0,100.0,0.0,813.0,24.3,15.0,0.0,302.9,1840.28,67394.62,74235.55,0.0,0.0,0.0,15.05,15.23,14.56,30.7,35.26,29.69,48.17,492.2,10.74,498.7,10.77,495.5,10.57,0.0,0.0,499.9,10.12,0.0,0.0,500.9,11.0,503.8,10.8,498.6,10.09,491.1,10.76,494.7,10.15,0.0,0.0,238.66,21.15,241.33,20.98,237.89,21.26,1.0,50.06
2026-10-05T12:10:01.335402+00:00,43.2,20.95,22.25,0.0,100.0,0.0,813.0,24.3,15.0,0.0,306.61,1843.99,67398.33,74239.26,0.0,0.0,0.0,14.82,15.05,14.34,30.7,35.26,29.7,48.17,491.5,10.58,500.5,10.57,496.6,10.4,0.0,0.0,499.6,9.97,0.0,0.0,502.8,10.82,505.1,10.63,500.2,9.9,492.9,10.56,495.7,9.97,0.0,0.0,238.29,20.86,240.67,20.73,237.57,20.96,1.0,49.91
2026-10-05T12:15:02.211660+00:00,42.7,19.32,23.38,0.0,100.0,0.0,813.0,24.2,14.9,0.0,310.27,1847.65,67401.99,74242.92,0.0,0.0,0.0,14.52,14.76,14.02,30.7,35.27,29.7,48.18,492.1,10.43,499.2,10.47,497.7,10.24,0.0,0.0,499.9,9.84,0.0,0.0,501.3,10.71,503.0,10.53,500.4,9.73,491.3,10.45,496.5,9.79,0.0,0.0,237.95,20.49,240.55,20.34,237.42,20.57,1.0,49.9
2026-10-05T12:20:01.568361+00:00,41.9,23.96,17.94,0.0,100.0,0.0,813.0,24.2,14.9,0.0,313.84,1851.22,67405.56,74246.49,0.0,0.0,0.0,14.26,14.61,13.82,30.7,35.27,29.7,48.18,490.6,10.28,499.2,10.28,494.8,10.11,0.0,0.0,501.6,9.65,0.0,0.0,502.5,10.51,501.5,10.35,499.5,9.55,491.5,10.26,496.8,9.61,0.0,0.0,237.69,20.13,240.58,19.96,237.2,20.22,1.0,49.89
2026-10-05T12:25:02.082027+00:00,41.2,22.93,18.27,0.0,100.0,0.0,813.0,24.6,14.2,0.0,317.37,1854.75,67409.09,74250.02,0.0,0.0,0.0,14.03,14.33,13.55,30.7,35.27,29.7,48.18,490.5,10.05,499.8,10.04,494.7,9.88,0.0,0.0,503.1,9.48,0.0,0.0,504.2,10.32,500.7,10.18,501.2,9.32,489.0,10.07,499.3,9.38,0.0,0.0,238.39,19.76,240.74,19.63,237.57,19.86,1.0,50.0
2026-10-05T12:30:01.444741+00:00,40.5,16.2,24.3,0.0,100.0,1.0,813.0,24.4,14.5,0.0,320.83,1858.21,67412.55,74253.48,0.0,0.0,0.0,13.77,14.12,13.3,30.7,35.27,29.7,48.18,491.1,9.89,499.6,9.89,494.9,9.72,0.0,0.0,506.3,9.28,0.0,0.0,504.3,10.16,500.8,10.01,501.6,9.14,490.8,9.88,500.8,9.2,0.0,0.0,237.81,19.45,240.27,19.31,236.98,19.56,1.0,49.87
2026-10-05T12:35:01.571342+00:00,39.5,19.65,19.85,0.0,100.0,1.0,813.0,24.4,14.5,0.0,324.23,1861.61,67415.95,74256.88,0.0,0.0,0.0,13.5,13.9,13.04,30.7,35.27,29.7,48.19,490.4,9.7,499.1,9.7,494.2,9.53,0.0,0.0,506.4,9.14,0.0,0.0,507.5,9.98,501.4,9.84,501.7,8.96,491.6,9.66,503.1,9.0,0.0,0.0,238.75,18.99,241.26,18.85,238.08,19.08,1.0,49.98
2026-10-05T12:40:01.912861+00:00,38.6,18.23,20.37,0.0,100.0,1.0,813.0,24.4,14.5,0.0,327.55,1864.93,67419.27,74260.2,0.0,0.0,0.0,13.11,13.64,12.75,30.7,35.27,29.7,48.19,491.9,9.47,499.8,9.5,496.7,9.3,0.0,0.0,509.3,8.94,0.0,0.0,508.3,9.81,502.5,9.65,504.5,8.74,491.3,9.48,506.0,8.78,0.0,0.0,238.47,18.45,240.66,18.34,237.5,18.56,1.0,50.01
2026-10-05T12:45:01.438780+00:00,37.7,15.35,22.35,0.0,100.0,2.0,813.0,24.3,15.0,0.0,330.83,1868.21,67422.55,74263.48,0.0,0.0,0.0,12.92,13.34,12.42,30.7,35.28,29.71,48.19,493.3,9.25,501.8,9.27,497.5,9.1,0.0,0.0,510.0,8.73,0.0,0.0,508.7,9.58,503.1,9.43,504.8,8.51,493.3,9.25,507.0,8.54,0.0,0.0,239.47,18.1,241.94,17.98,238.8,18.19,1.0,49.85
2026-10-05T12:50:02.127580+00:00,36.6,12.97,23.63,0.0,100.0,2.0,813.0,24.3,15.0,0.0,334.01,1871.39,67425.73,74266.66,0.0,0.0,0.0,12.65,12.98,12.1,30.7,35.28,29.71,48.19,497.9,8.99,504.7,9.04,501.5,8.87,0.0,0.0,507.3,8.53,0.0,0.0,509.0,9.36,505.4,9.24,505.6,8.27,497.9,9.0,504.5,8.33,0.0,0.0,239.2,17.7,241.75,17.57,238.6,17.78,1.0,49.84
2026-10-05T12:55:01.827099+00:00,36.9,19.09,17.81,0.0,100.0,2.0,813.0,24.3,15.0,0.0,337.13,1874.51,67428.85,74269.78,0.0,0.0,0.0,12.3,12.71,11.71,30.7,35.28,29.71,48.19,497.3,8.8,507.2,8.79,503.0,8.64,0.0,0.0,508.4,8.31,0.0,0.0,510.7,9.14,508.2,9.02,507.7,8.03,497.9,8.81,505.3,8.09,0.0,0.0,238.89,16.78,241.89,16.63,238.59,16.83,1.0,49.96
2026-10-05T13:00:01.675870+00:00,35.4,17.42,17.98,0.0,100.0,3.0,664.0,24.1,15.3,0.0,340.19,1877.57,67431.91,74272.84,0.0,0.0,0.0,12.31,12.8,11.81,30.7,35.28,29.71,48.2,499.1,8.64,505.0,8.64,502.7,8.48,0.0,0.0,510.1,8.12,0.0,0.0,513.2,8.88,508.1,8.81,510.3,7.75,497.3,8.67,510.0,7.8,0.0,0.0,238.78,17.29,241.03,17.19,238.13,17.37,1.0,49.84
2026-10-05T13:05:02.030725+00:00,34.0,1.05,32.95,0.0,100.0,3.0,664.0,24.1,15.3,0.0,343.27,1880.65,67434.99,74275.92,0.0,0.0,0.0,11.77,12.27,11.22,30.7,35.28,29.71,48.2,499.0,8.73,504.7,8.75,498.3,8.63,0.0,0.0,510.9,8.16,0.0,0.0,514.4,9.09,509.1,9.0,510.4,7.89,498.4,8.73,512.9,7.86,0.0,0.0,239.17,16.55,241.41,16.45,238.51,16.62,1.0,50.03
2026-10-05T13:10:01.184257+00:00,32.4,15.02,17.38,0.0,100.0,3.0,664.0,24.1,15.3,0.0,346.15,1883.53,67437.87,74278.8,0.0,0.0,0.0,11.35,11.88,10.78,30.7,35.28,29.71,48.2,499.8,8.15,506.2,8.15,502.1,8.01,0.0,0.0,512.4,7.74,0.0,0.0,515.8,8.55,511.5,8.44,512.2,7.35,499.0,8.15,512.7,7.39,0.0,0.0,240.57,30.62,239.92,8.54,237.34,8.61,1.0,49.97
2026-10-05T13:15:01.929595+00:00,32.4,14.51,17.89,0.0,100.0,3.0,664.0,23.9,15.4,0.0,348.95,1886.33,67440.67,74281.6,0.0,0.0,0.0,11.24,11.73,10.78,30.7,35.28,29.71,48.2,501.5,7.92,508.6,7.92,503.7,7.79,0.0,0.0,514.4,7.44,0.0,0.0,516.7,8.25,511.0,8.17,513.9,7.05,500.6,7.92,514.5,7.09,0.0,0.0,239.32,15.77,241.87,15.68,238.59,15.87,1.0,49.99
2026-10-05T13:20:01.731846+00:00,31.4,12.3,19.1,0.0,100.0,3.0,664.0,23.9,15.4,0.0,351.63,1889.01,67443.35,74284.28,0.0,0.0,0.0,10.84,11.36,10.26,30.7,35.29,29.71,48.2,503.5,7.62,509.8,7.6,505.1,7.5,0.0,0.0,514.9,7.13,0.0,0.0,516.8,7.89,509.3,7.91,511.5,6.72,501.3,7.64,512.0,6.77,0.0,0.0,239.49,17.19,241.1,14.15,237.83,14.32,1.0,50.0
2026-10-05T13:25:02.012328+00:00,30.9,8.06,22.84,0.0,100.0,3.0,664.0,23.9,15.4,0.0,354.05,1891.43,67445.77,74286.7,0.0,0.0,0.0,10.47,11.02,9.86,30.71,35.29,29.71,48.21,505.9,6.78,509.3,6.85,509.9,6.69,0.0,0.0,514.8,6.4,0.0,0.0,516.2,7.18,512.4,7.11,514.7,6.04,503.9,6.8,515.3,6.06,0.0,0.0,238.53,19.6,240.62,12.33,237.14,12.49,1.0,49.9
2026-10-05T13:30:01.253042+00:00,22.0,-4.19,26.19,0.0,100.0,3.0,664.0,23.7,15.5,0.0,356.61,1893.99,67448.33,74289.26,0.0,0.0,0.0,10.33,11.01,9.79,30.71,35.29,29.72,48.21,506.5,7.23,513.0,7.2,508.7,7.12,0.0,0.0,517.0,6.78,0.0,0.0,519.6,7.6,509.5,7.62,512.5,6.42,506.5,7.23,519.3,6.36,0.0,0.0,239.92,23.0,240.39,10.09,237.56,10.19,1.0,50.01
2026-10-05T13:35:01.298221+00:00,26.4,7.0,19.4,0.0,100.0,3.0,664.0,23.7,15.5,0.0,358.66,1896.04,67450.38,74291.31,0.0,0.0,0.0,9.81,10.38,9.15,30.71,35.29,29.72,48.21,513.1,5.83,520.8,5.7,509.8,5.72,0.0,0.0,518.2,5.36,0.0,0.0,521.1,6.17,508.6,6.21,514.6,5.19,505.8,5.89,513.1,5.13,0.0,0.0,239.42,26.63,238.7,5.92,235.96,8.93,1.0,49.89
2026-10-05T13:40:01.505338+00:00,25.9,-0.6,26.5,0.0,100.0,3.0,664.0,23.7,15.5,0.0,361.0,1898.38,67452.72,74293.65,0.0,0.0,0.0,7.99,10.21,8.54,30.71,35.29,29.72,48.21,510.0,6.56,515.0,6.59,509.5,6.49,0.0,0.0,519.2,6.09,0.0,0.0,520.5,6.99,514.3,6.98,517.0,5.74,507.1,6.59,513.9,5.75,0.0,0.0,238.22,15.97,239.46,8.54,236.55,8.63,1.0,49.95
2026-10-05T13:45:01.589601+00:00,25.3,-1.68,26.98,0.0,100.0,2.0,664.0,23.5,15.3,0.0,363.14,1900.52,67454.86,74295.79,0.0,0.0,0.0,8.75,9.12,8.07,30.71,35.29,29.72,48.21,511.9,5.98,520.5,5.92,509.9,5.92,0.0,0.0,511.7,5.82,0.0,0.0,522.9,6.54,516.8,6.45,515.2,5.41,510.1,6.02,519.7,5.4,0.0,0.0,239.62,25.9,238.71,5.15,235.81,5.92,1.0,50.06
2026-10-05T13:50:02.080851+00:00,23.9,2.84,21.06,0.0,100.0,2.0,664.0,23.5,15.3,0.0,365.26,1902.64,67456.98,74297.91,0.0,0.0,0.0,8.49,8.9,7.9,30.71,35.29,29.72,48.21,510.5,5.97,516.1,6.03,515.4,5.88,0.0,0.0,502.2,5.66,0.0,0.0,520.8,6.46,516.4,6.41,516.9,5.23,509.9,6.01,519.6,5.23,0.0,0.0,239.26,24.75,238.66,5.15,235.84,5.92,1.0,49.95
2026-10-05T13:55:01.303874+00:00,20.8,-7.71,28.51,0.0,100.0,2.0,664.0,23.5,15.3,0.0,367.31,1904.69,67459.03,74299.96,0.0,0.0,0.0,8.05,8.42,7.48,30.71,35.29,29.72,48.21,502.4,5.76,517.1,5.83,513.1,5.73,0.0,0.0,486.0,5.48,0.0,0.0,521.0,6.29,518.5,6.22,516.1,5.06,510.6,5.81,520.4,5.04,0.0,0.0,239.11,19.22,239.13,7.37,236.12,7.46,0.999,50.04
2026-10-05T14:00:01.889830+00:00,19.3,2.33,16.97,0.0,100.0,2.0,466.0,23.3,15.4,0.0,369.2,1906.58,67460.92,74301.85,0.0,0.0,0.0,6.81,7.85,7.06,30.71,35.29,29.72,48.21,489.5,5.44,518.3,5.56,516.1,5.45,0.0,0.0,472.5,4.95,0.0,0.0,521.1,5.87,520.3,5.81,517.3,4.66,511.1,5.56,522.6,4.6,0.0,0.0,237.75,19.43,239.01,5.04,235.92,5.94,1.0,50.08
2026-10-05T14:05:02.080904+00:00,9.4,-14.95,24.35,0.0,100.0,2.0,466.0,23.3,15.4,0.0,371.0,1908.38,67462.72,74303.65,0.0,0.0,0.0,7.17,5.43,6.21,30.71,35.29,29.72,48.22,468.0,5.14,521.6,5.24,514.0,5.18,0.0,0.0,453.0,4.8,0.0,0.0,522.8,5.66,519.2,5.67,516.5,4.4,512.6,5.26,521.8,4.35,0.0,0.0,238.11,16.94,239.26,6.58,236.05,6.65,0.997,50.11
2026-10-05T14:10:01.440805+00:00,13.4,-13.7,27.1,0.0,100.0,2.0,466.0,23.3,15.4,0.0,372.54,1909.92,67464.26,74305.19,0.0,0.0,0.0,2.1,3.43,2.94,30.71,35.29,29.72,48.22,448.9,4.69,520.9,4.77,517.8,4.68,0.0,0.0,441.5,4.24,0.0,0.0,528.0,4.62,511.2,4.85,524.6,3.63,514.8,4.73,525.6,3.67,0.0,0.0,235.73,3.13,239.03,2.92,235.45,3.15,0.999,49.98
2026-10-05T14:15:02.140026+00:00,15.1,-16.63,31.73,0.0,100.0,2.0,466.0,23.1,15.5,0.0,373.68,1911.06,67465.4,74306.33,0.0,0.0,0.0,5.62,7.19,6.45,30.71,35.3,29.72,48.22,434.5,3.38,525.2,3.42,507.5,3.43,0.0,0.0,446.2,3.12,0.0,0.0,524.8,3.62,513.9,3.67,525.2,2.76,513.0,3.44,540.5,2.54,0.0,0.0,236.71,12.89,239.25,2.53,236.16,6.71,1.0,50.11
2026-10-05T14:20:01.960690+00:00,16.4,-13.58,29.98,0.0,100.0,2.0,466.0,23.1,15.5,0.0,374.73,1912.11,67466.45,74307.38,0.0,0.0,0.0,5.87,2.79,3.27,30.71,35.3,29.72,48.22,404.6,3.19,524.4,3.19,506.8,3.21,0.0,0.0,424.8,3.16,0.0,0.0,513.1,3.57,512.6,3.54,516.1,2.66,508.1,3.25,520.7,2.65,0.0,0.0,236.1,16.35,238.21,2.86,234.8,5.92,0.999,49.89
2026-10-05T14:25:01.742771+00:00,15.3,-19.58,34.88,0.0,100.0,2.0,466.0,23.1,15.5,0.0,375.57,1912.95,67467.29,74308.22,0.0,0.0,0.0,5.43,4.43,4.93,30.71,35.3,29.72,48.22,401.5,2.41,521.9,2.53,517.5,2.52,0.0,0.0,451.3,2.39,0.0,0.0,513.6,2.88,521.1,2.76,526.9,2.1,513.3,2.55,520.3,2.09,0.0,0.0,237.98,14.22,240.1,2.65,237.08,5.73,0.998,49.91
2026-10-05T14:30:01.515779+00:00,12.8,-12.52,25.32,0.0,100.0,2.0,466.0,22.9,15.5,0.0,376.79,1914.17,67468.51,74309.44,0.0,0.0,0.0,4.99,5.58,4.72,30.71,35.3,29.72,48.22,363.0,3.62,527.2,3.69,522.1,3.65,0.0,0.0,541.7,2.46,0.0,0.0,537.6,4.14,535.3,4.09,524.2,3.0,511.7,3.75,517.0,2.92,0.0,0.0,237.6,7.03,241.25,6.94,237.78,7.03,1.0,49.85
2026-10-05T14:35:01.910634+00:00,13.4,-15.46,28.86,0.0,100.0,2.0,466.0,22.9,15.5,0.0,377.94,1915.32,67469.66,74310.59,0.0,0.0,0.0,4.34,4.95,3.46,30.71,35.3,29.72,48.22,344.6,3.62,523.7,3.69,519.0,3.63,0.0,0.0,557.5,2.26,0.0,0.0,532.3,4.12,531.0,4.08,551.5,2.2,519.6,3.66,506.4,2.56,0.0,0.0,239.23,7.0,242.46,5.17,239.21,6.19,1.0,50.13
2026-10-05T14:40:01.409740+00:00,11.7,-15.83,27.53,0.0,100.0,2.0,466.0,22.9,15.5,0.0,378.93,1916.31,67470.65,74311.58,0.0,0.0,0.0,4.55,5.4,3.63,30.71,35.3,29.72,48.22,339.0,3.29,524.0,3.31,517.2,3.27,0.0,0.0,558.0,2.04,0.0,0.0,527.9,3.64,537.9,3.5,561.8,1.34,516.8,3.28,448.6,2.43,0.0,0.0,239.5,7.2,242.58,5.24,239.5,6.33,0.998,50.16
2026-10-05T14:45:01.313779+00:00,7.8,-18.32,26.12,0.0,100.0,2.0,466.0,22.7,15.5,0.0,379.86,1917.24,67471.58,74312.51,0.0,0.0,0.0,3.98,4.69,3.03,30.71,35.3,29.73,48.22,341.8,3.08,523.0,3.06,521.6,3.0,0.0,0.0,552.1,2.05,0.0,0.0,528.2,3.45,535.5,3.37,562.6,1.24,520.6,3.03,439.8,2.27,0.0,0.0,238.5,5.67,241.75,5.61,238.19,5.69,1.0,49.88
2026-10-05T14:50:01.808309+00:00,9.5,-19.47,28.97,0.0,100.0,2.0,466.0,22.7,15.5,0.0,380.66,1918.04,67472.38,74313.31,0.0,0.0,0.0,2.4,2.77,2.14,30.71,35.3,29.73,48.22,335.4,2.73,523.5,2.68,516.8,2.64,0.0,0.0,541.1,1.94,0.0,0.0,527.6,2.94,524.7,2.93,551.5,1.29,516.7,2.65,418.8,1.99,0.0,0.0,237.94,4.46,241.39,2.67,238.09,4.47,0.996,49.97
2026-10-05T14:55:01.986119+00:00,7.3,-17.06,24.36,0.0,100.0,2.0,466.0,22.7,15.5,0.0,381.41,1918.79,67473.13,74314.06,0.0,0.0,0.0,3.36,2.47,2.52,30.71,35.3,29.73,48.22,336.2,2.49,527.1,2.43,508.8,2.46,0.0,0.0,537.3,1.9,0.0,0.0,537.1,2.87,527.0,2.87,546.1,1.26,522.2,2.44,458.6,1.37,0.0,0.0,238.91,5.82,242.14,2.62,238.84,5.83,0.992,50.07
2026-10-05T15:00:01.550518+00:00,7.2,-20.38,27.58,0.0,100.0,3.0,246.0,22.5,15.3,0.0,382.03,1919.41,67473.75,74314.68,0.0,0.0,0.0,2.48,3.01,1.82,30.71,35.3,29.73,48.22,336.3,2.13,524.0,2.07,510.4,2.08,0.0,0.0,517.1,1.59,0.0,0.0,538.6,2.29,526.3,2.32,531.2,1.19,516.9,2.07,535.9,1.16,0.0,0.0,238.94,3.85,242.24,2.72,238.87,3.86,0.998,50.11
2026-10-05T15:05:01.494866+00:00,6.2,-17.97,24.17,0.0,100.0,3.0,246.0,22.5,15.3,0.0,382.58,1919.96,67474.3,74315.23,0.0,0.0,0.0,2.3,2.97,1.85,30.71,35.3,29.73,48.22,340.1,1.89,517.8,1.8,515.2,1.78,0.0,0.0,472.1,1.57,0.0,0.0,527.9,2.19,530.1,2.13,528.6,0.97,517.7,1.79,526.9,1.0,0.0,0.0,238.56,3.24,242.02,3.21,238.67,3.25,0.998,49.97
2026-10-05T15:10:01.754186+00:00,2.5,-19.54,22.04,0.0,100.0,3.0,246.0,22.5,15.3,0.0,0.0,0.0,0.0,0.0,0.0,0.0,0.0,2.02,2.67,1.55,30.72,0.0,0.0,0.0,337.8,1.8,518.5,1.67,522.8,1.62,0.0,0.0,429.2,1.8,0.0,0.0,532.5,2.07,531.0,2.01,517.2,1.0,517.3,1.67,519.1,1.02,0.0,0.0,237.89,2.93,241.51,2.9,237.96,2.94,0.999,50.12
2026-10-05T15:15:02.089518+00:00,2.7,-33.48,36.18,0.0,100.0,5.0,246.0,22.3,15.1,0.0,383.5,1920.88,67475.22,74316.15,0.0,0.0,0.0,0.73,0.82,0.72,30.72,35.3,29.73,48.22,331.8,1.31,514.7,1.35,512.4,1.32,0.0,0.0,434.8,1.36,0.0,0.0,530.9,1.61,526.9,1.59,496.3,0.86,503.1,1.35,502.1,0.81,0.0,0.0,237.43,1.19,240.81,1.18,237.2,1.21,0.894,49.93
2026-10-05T15:20:01.201076+00:00,4.1,-19.12,23.22,0.0,100.0,5.0,246.0,22.3,15.1,0.0,383.78,1921.16,67475.5,74316.43,0.0,0.0,0.0,0.81,0.96,0.82,30.72,35.3,29.73,48.22,373.0,0.89,504.3,0.98,511.2,0.94,0.0,0.0,411.1,1.06,0.0,0.0,520.5,1.26,526.8,1.21,497.6,0.79,510.7,0.96,492.4,0.72,0.0,0.0,236.3,1.35,240.57,1.34,236.55,1.37,0.983,49.91
2026-10-05T15:25:01.459876+00:00,2.6,-21.9,24.5,0.0,100.0,5.0,246.0,22.3,15.1,0.0,384.1,1921.48,67475.82,74316.75,0.0,0.0,0.0,1.32,1.75,1.17,30.72,35.3,29.73,48.22,498.6,0.83,511.7,1.03,506.9,1.0,0.0,0.0,410.0,1.12,0.0,0.0,523.3,1.39,521.8,1.35,502.3,0.83,507.8,1.03,496.0,0.81,0.0,0.0,236.32,1.96,240.16,1.94,236.04,1.98,0.895,49.84
2026-10-05T15:30:01.790176+00:00,1.2,-26.41,27.61,0.0,100.0,8.0,246.0,21.9,14.9,0.0,384.34,1921.72,67476.06,74316.99,0.0,0.0,0.0,0.92,0.73,0.77,30.72,35.3,29.73,48.22,513.1,0.68,504.1,0.84,516.3,0.79,0.0,0.0,428.5,0.88,0.0,0.0,527.1,1.03,521.9,1.02,486.5,0.72,502.2,0.83,489.7,0.66,0.0,0.0,236.43,1.41,240.36,1.39,236.42,1.42,0.654,49.98
2026-10-05T15:35:01.783435+00:00,0.0,-27.06,27.06,0.0,100.0,8.0,246.0,21.9,14.9,0.0,384.48,1921.86,67476.2,74317.13,0.0,0.0,0.0,0.34,0.45,0.37,30.72,35.3,29.73,48.22,496.6,0.47,505.5,0.48,503.4,0.48,0.0,0.0,480.5,0.62,0.0,0.0,497.7,0.63,501.3,0.6,480.7,0.47,510.3,0.48,486.8,0.48,0.0,0.0,236.09,0.71,240.07,0.7,235.93,0.73,0.684,49.84
2026-10-05T15:40:01.618188+00:00,0.0,-30.42,30.42,0.0,100.0,8.0,246.0,21.9,14.9,0.0,384.55,1921.93,67476.27,74317.2,0.0,0.0,0.0,0.1,0.13,0.1,30.72,35.3,29.73,48.22,477.3,0.34,479.4,0.4,481.8,0.42,0.0,0.0,493.1,0.33,0.0,0.0,496.5,0.44,497.4,0.43,478.8,0.35,485.8,0.4,479.2,0.39,0.0,0.0,235.77,0.65,239.51,0.65,235.31,0.67,-0.434,49.86
2026-10-05T15:45:01.795122+00:00,0.0,-24.7,24.7,0.0,100.0,11.0,246.0,21.6,14.5,0.0,384.57,1921.95,67476.29,74317.22,0.0,0.0,0.0,0.0,0.0,0.0,30.72,35.3,29.73,48.22,457.8,0.3,469.1,0.27,458.5,0.25,0.0,0.0,465.7,0.29,0.0,0.0,474.7,0.24,470.6,0.25,451.4,0.3,474.5,0.26,454.8,0.18,0.0,0.0,235.39,0.64,239.44,0.66,235.3,0.67,-0.505,49.86
2026-10-05T15:50:01.407107+00:00,0.0,-23.94,23.94,0.0,100.0,11.0,246.0,21.6,14.5,0.0,384.57,1921.95,67476.29,74317.22,0.0,0.0,0.0,0.0,0.0,0.0,30.72,35.3,29.73,48.22,454.9,0.07,458.2,0.06,459.6,0.09,0.0,0.0,441.9,0.16,0.0,0.0,462.9,0.11,449.4,0.07,439.0,0.07,451.1,0.07,428.1,0.1,0.0,0.0,236.15,0.62,239.81,0.61,235.75,0.64,-0.448,50.07
2026-10-05T15:55:02.034753+00:00,0.0,-23.73,23.73,0.0,100.0,11.0,246.0,21.6,14.5,0.0,384.57,1921.95,67476.29,74317.22,0.0,0.0,0.0,0.0,0.0,0.0,30.72,35.3,29.73,48.22,434.2,-0.01,434.2,0.06,435.7,0.11,0.0,0.0,452.6,0.01,0.0,0.0,431.6,0.14,458.6,0.11,427.7,0.0,434.6,0.08,385.5,0.12,0.0,0.0,235.4,0.58,239.1,0.58,234.98,0.62,-0.401,49.93
2026-10-05T16:00:01.559190+00:00,0.0,-30.88,30.28,0.0,100.0,13.0,54.0,21.4,14.0,0.0,384.57,1921.95,67476.29,74317.22,0.0,0.0,0.0,0.0,0.0,0.0,30.72,35.3,29.73,48.22,393.9,-0.02,414.6,0.12,439.0,0.15,0.0,0.0,460.4,-0.03,0.0,0.0,436.1,0.16,445.9,0.18,403.7,0.01,440.8,0.14,375.5,0.15,0.0,0.0,235.72,0.51,239.34,0.52,235.2,0.55,-0.42,50.05
2026-10-05T16:05:01.671492+00:00,0.0,35.48,27.02,-62.5,95.5,13.0,54.0,21.4,14.0,0.0,384.57,1921.95,67476.29,74317.22,0.0,0.0,0.0,0.0,0.0,0.0,32.67,35.3,29.73,48.22,385.5,0.02,404.5,0.13,394.9,0.15,0.0,0.0,414.9,-0.03,0.0,0.0,424.7,0.13,402.3,0.19,397.7,0.08,423.0,0.13,377.5,0.11,0.0,0.0,234.78,0.61,238.61,0.61,234.6,0.64,1.0,49.96
2026-10-05T16:10:01.652493+00:00,0.0,36.23,26.27,-62.5,90.9,13.0,54.0,21.4,14.0,0.0,384.57,1921.95,67476.29,74317.22,0.0,0.0,0.0,0.0,0.0,0.0,34.67,35.3,29.73,48.22,362.7,0.05,406.3,0.05,367.1,0.09,0.0,0.0,380.1,-0.03,0.0,0.0,387.1,0.09,382.4,0.12,378.9,0.07,435.6,0.02,382.3,0.04,0.0,0.0,238.85,39.52,240.44,27.18,236.61,27.38,1.0,50.14
2026-10-05T16:15:02.134033+00:00,0.0,38.54,23.76,-62.3,86.3,13.0,54.0,21.3,13.5,0.0,384.57,1921.95,67476.29,74317.22,0.0,0.0,0.0,0.0,0.0,0.0,36.68,35.3,29.73,48.22,307.0,0.02,388.9,0.01,359.8,0.03,0.0,0.0,350.9,-0.03,0.0,0.0,384.8,0.03,377.0,0.03,332.0,0.05,409.7,0.0,332.0,0.02,0.0,0.0,237.21,39.58,238.78,27.5,235.23,27.47,1.0,49.97
2026-10-05T16:20:01.671782+00:00,0.0,40.04,21.46,-61.5,81.7,13.0,54.0,21.3,13.5,0.0,384.58,1921.96,67476.3,74317.23,0.0,0.0,0.0,0.0,0.0,0.0,38.64,35.3,29.73,48.22,280.1,0.01,348.9,-0.02,316.2,0.01,0.0,0.0,288.0,-0.02,0.0,0.0,349.2,0.01,350.5,-0.02,285.5,0.02,345.2,0.0,287.7,0.0,0.0,0.0,236.12,38.22,237.7,28.35,234.08,28.42,1.0,49.93
2026-10-05T16:25:01.679701+00:00,0.0,31.68,30.72,-62.4,77.1,13.0,54.0,21.3,13.5,0.0,384.58,1921.96,67476.3,74317.23,0.0,0.0,0.0,0.0,0.0,0.0,40.64,35.3,29.73,48.22,267.4,0.0,272.6,-0.02,270.8,0.0,0.0,0.0,260.7,-0.01,0.0,0.0,278.3,0.01,277.6,-0.02,250.6,0.0,271.9,-0.01,265.8,-0.02,0.0,0.0,238.39,38.58,239.04,27.16,235.74,27.19,1.0,49.93
2026-10-05T16:30:01.304691+00:00,0.0,31.35,30.95,-62.3,72.5,12.0,54.0,21.2,12.8,0.0,384.58,1921.96,67476.3,74317.23,0.0,0.0,0.0,0.0,0.0,0.0,42.64,35.3,29.73,48.22,0.0,0.0,0.0,0.0,0.0,0.0,0.0,0.0,0.0,0.0,0.0,0.0,0.0,0.0,0.0,0.0,0.0,0.0,0.0,0.0,0.0,0.0,0.0,0.0,237.99,37.69,240.03,27.46,236.26,29.0,1.0,49.87
2026-10-05T16:35:01.424074+00:00,0.0,27.42,35.08,-62.5,67.9,12.0,54.0,21.2,12.8,0.0,384.58,1921.96,67476.3,74317.23,0.0,0.0,0.0,0.0,0.0,0.0,44.63,35.3,29.73,48.22,0.0,0.0,0.0,0.0,0.0,0.0,0.0,0.0,0.0,0.0,0.0,0.0,0.0,0.0,0.0,0.0,0.0,0.0,0.0,0.0,0.0,0.0,0.0,0.0,238.21,34.49,239.8,28.99,236.79,30.6,1.0,49.81
2026-10-05T16:40:01.462600+00:00,0.0,34.68,26.92,-61.6,63.3,12.0,54.0,21.2,12.8,0.0,384.58,1921.96,67476.3,74317.23,0.0,0.0,0.0,0.0,0.0,0.0,46.63,35.3,29.73,48.22,0.0,0.0,0.0,0.0,0.0,0.0,0.0,0.0,0.0,0.0,0.0,0.0,0.0,0.0,0.0,0.0,0.0,0.0,0.0,0.0,0.0,0.0,0.0,0.0,237.44,31.4,240.06,31.19,236.6,31.6,1.0,49.93
2026-10-05T16:45:01.271158+00:00,0.0,32.85,28.65,-61.5,58.7,12.0,54.0,21.2,12.1,0.0,384.58,1921.96,67476.3,74317.23,0.0,0.0,0.0,0.0,0.0,0.0,48.6,35.3,29.73,48.22,0.0,0.0,0.0,0.0,0.0,0.0,0.0,0.0,0.0,0.0,0.0,0.0,0.0,0.0,0.0,0.0,0.0,0.0,0.0,0.0,0.0,0.0,0.0,0.0,239.0,35.07,239.92,29.36,236.52,29.5,1.0,49.97
2026-10-05T16:50:01.873759+00:00,0.0,32.11,28.69,-60.8,54.2,12.0,54.0,21.2,12.1,0.0,384.58,1921.96,67476.3,74317.23,0.0,0.0,0.0,0.0,0.0,0.0,50.56,35.3,29.73,48.22,0.0,0.0,0.0,0.0,0.0,0.0,0.0,0.0,0.0,0.0,0.0,0.0,0.0,0.0,0.0,0.0,0.0,0.0,0.0,0.0,0.0,0.0,0.0,0.0,237.99,31.02,239.83,30.86,236.36,31.28,1.0,49.84
2026-10-05T16:55:02.084531+00:00,0.0,31.25,28.95,-60.2,49.7,12.0,54.0,21.2,12.1,0.0,384.58,1921.96,67476.3,74317.23,0.0,0.0,0.0,0.0,0.0,0.0,52.47,35.3,29.73,48.22,0.0,0.0,0.0,0.0,0.0,0.0,0.0,0.0,0.0,0.0,0.0,0.0,0.0,0.0,0.0,0.0,0.0,0.0,0.0,0.0,0.0,0.0,0.0,0.0,238.7,30.46,240.68,30.32,237.28,30.71,1.0,50.0
2026-10-05T17:00:01.678178+00:00,0.0,29.97,29.33,-59.3,45.3,12.0,0.0,21.2,11.5,0.0,384.58,1921.96,67476.3,74317.23,0.0,0.0,0.0,0.0,0.0,0.0,54.36,35.3,29.73,48.22,0.0,0.0,0.0,0.0,0.0,0.0,0.0,0.0,0.0,0.0,0.0,0.0,0.0,0.0,0.0,0.0,0.0,0.0,0.0,0.0,0.0,0.0,0.0,0.0,239.25,29.99,241.24,29.87,237.84,30.25,1.0,50.08
2026-10-05T17:05:01.577504+00:00,0.0,35.89,22.91,-58.8,40.9,12.0,0.0,21.2,11.5,0.0,384.58,1921.96,67476.3,74317.23,0.0,0.0,0.0,0.0,0.0,0.0,56.25,35.3,29.73,48.22,0.0,0.0,0.0,0.0,0.0,0.0,0.0,0.0,0.0,0.0,0.0,0.0,0.0,0.0,0.0,0.0,0.0,0.0,0.0,0.0,0.0,0.0,0.0,0.0,239.55,29.55,241.3,29.44,237.88,29.82,1.0,50.12
2026-10-05T17:10:01.961769+00:00,0.0,31.04,27.46,-58.5,36.5,12.0,0.0,21.2,11.5,0.0,384.58,1921.96,67476.3,74317.23,0.0,0.0,0.0,0.0,0.0,0.0,58.12,35.3,29.73,48.22,0.0,0.0,0.0,0.0,0.0,0.0,0.0,0.0,0.0,0.0,0.0,0.0,0.0,0.0,0.0,0.0,0.0,0.0,0.0,0.0,0.0,0.0,0.0,0.0,241.42,28.8,243.16,28.71,239.87,29.05,1.0,50.15
2026-10-05T17:15:01.428976+00:00,0.0,28.86,28.84,-57.7,32.2,14.0,0.0,21.1,11.0,0.0,384.58,1921.96,67476.3,74317.23,0.0,0.0,0.0,0.0,0.0,0.0,59.96,35.3,29.73,48.22,0.0,0.0,0.0,0.0,0.0,0.0,0.0,0.0,0.0,0.0,0.0,0.0,0.0,0.0,0.0,0.0,0.0,0.0,0.0,0.0,0.0,0.0,0.0,0.0,241.82,28.72,244.06,28.54,240.65,28.9,1.0,50.12
2026-10-05T17:20:01.679457+00:00,0.0,26.2,31.4,-57.6,27.9,14.0,0.0,21.1,11.0,0.0,384.58,1921.96,67476.3,74317.23,0.0,0.0,0.0,0.0,0.0,0.0,61.8,35.3,29.73,48.22,0.0,0.0,0.0,0.0,0.0,0.0,0.0,0.0,0.0,0.0,0.0,0.0,0.0,0.0,0.0,0.0,0.0,0.0,0.0,0.0,0.0,0.0,0.0,0.0,241.33,28.41,243.84,28.2,240.26,28.59,1.0,49.88
2026-10-05T17:25:01.255682+00:00,0.0,25.29,31.41,-56.7,23.7,14.0,0.0,21.1,11.0,0.0,384.58,1921.96,67476.3,74317.23,0.0,0.0,0.0,0.0,0.0,0.0,63.61,35.3,29.73,48.22,0.0,0.0,0.0,0.0,0.0,0.0,0.0,0.0,0.0,0.0,0.0,0.0,0.0,0.0,0.0,0.0,0.0,0.0,0.0,0.0,0.0,0.0,0.0,0.0,242.41,28.36,245.4,28.12,241.97,28.47,1.0,50.12
2026-10-05T17:30:01.755343+00:00,0.0,-8.53,33.93,-25.6,20.0,16.0,0.0,21.0,10.8,0.0,384.58,1921.96,67476.3,74317.23,0.0,0.0,0.0,0.0,0.0,0.0,65.38,35.3,29.73,48.22,0.0,0.0,0.0,0.0,0.0,0.0,0.0,0.0,0.0,0.0,0.0,0.0,0.0,0.0,0.0,0.0,0.0,0.0,0.0,0.0,0.0,0.0,0.0,0.0,242.78,27.95,245.8,27.7,241.97,28.09,1.0,50.18
2026-10-05T17:35:01.328793+00:00,0.0,-23.41,23.21,0.0,20.0,16.0,0.0,21.0,10.8,0.0,384.58,1921.96,67476.3,74317.23,0.0,0.0,0.0,0.0,0.0,0.0,65.43,35.3,29.73,48.22,0.0,0.0,0.0,0.0,0.0,0.0,0.0,0.0,0.0,0.0,0.0,0.0,0.0,0.0,0.0,0.0,0.0,0.0,0.0,0.0,0.0,0.0,0.0,0.0,240.86,18.87,244.32,18.66,241.07,18.9,-0.51,50.17
2026-10-05T17:40:02.060010+00:00,0.0,-23.08,22.48,0.6,20.0,16.0,0.0,21.0,10.8,0.0,384.58,1921.96,67476.3,74317.23,0.0,0.0,0.0,0.0,0.0,0.0,65.44,35.3,29.73,48.22,0.0,0.0,0.0,0.0,0.0,0.0,0.0,0.0,0.0,0.0,0.0,0.0,0.0,0.0,0.0,0.0,0.0,0.0,0.0,0.0,0.0,0.0,0.0,0.0,240.47,0.5,243.09,0.5,240.24,0.51,-0.763,50.05
2026-10-05T17:45:01.769176+00:00,0.0,-27.74,27.14,0.4,20.0,19.0,0.0,21.0,10.5,0.0,384.58,1921.96,67476.3,74317.23,0.0,0.0,0.0,0.0,0.0,0.0,65.44,35.3,29.73,48.22,0.0,0.0,0.0,0.0,0.0,0.0,0.0,0.0,0.0,0.0,0.0,0.0,0.0,0.0,0.0,0.0,0.0,0.0,0.0,0.0,0.0,0.0,0.0,0.0,239.42,0.55,242.2,0.54,239.38,0.55,-0.726,50.03
2026-10-05T17:50:01.407620+00:00,0.0,-22.44,22.04,0.2,20.0,19.0,0.0,21.0,10.5,0.0,384.58,1921.96,67476.3,74317.23,0.0,0.0,0.0,0.0,0.0,0.0,65.44,35.3,29.73,48.22,0.0,0.0,0.0,0.0,0.0,0.0,0.0,0.0,0.0,0.0,0.0,0.0,0.0,0.0,0.0,0.0,0.0,0.0,0.0,0.0,0.0,0.0,0.0,0.0,239.18,0.6,241.9,0.6,238.78,0.61,-0.868,49.97
2026-10-05T17:55:01.334010+00:00,0.0,-27.75,27.05,0.3,20.0,19.0,0.0,21.0,10.5,0.0,384.58,1921.96,67476.3,74317.23,0.0,0.0,0.0,0.0,0.0,0.0,65.44,35.3,29.73,48.22,0.0,0.0,0.0,0.0,0.0,0.0,0.0,0.0,0.0,0.0,0.0,0.0,0.0,0.0,0.0,0.0,0.0,0.0,0.0,0.0,0.0,0.0,0.0,0.0,239.74,0.66,242.12,0.63,238.96,0.65,-0.713,50.05
2026-10-05T18:00:01.244281+00:00,0.0,-23.93,23.43,0.5,20.0,23.0,0.0,20.9,10.2,0.0,384.58,1921.96,67476.3,74317.23,0.0,0.0,0.0,0.0,0.0,0.0,65.44,35.3,29.73,48.22,0.0,0.0,0.0,0.0,0.0,0.0,0.0,0.0,0.0,0.0,0.0,0.0,0.0,0.0,0.0,0.0,0.0,0.0,0.0,0.0,0.0,0.0,0.0,0.0,239.9,0.54,242.56,0.54,239.65,0.54,-0.694,50.1
2026-10-05T18:05:01.927326+00:00,0.0,-25.67,25.17,0.5,20.0,23.0,0.0,20.9,10.2,0.0,384.58,1921.96,67476.3,74317.23,0.0,0.0,0.0,0.0,0.0,0.0,65.44,35.3,29.73,48.22,0.0,0.0,0.0,0.0,0.0,0.0,0.0,0.0,0.0,0.0,0.0,0.0,0.0,0.0,0.0,0.0,0.0,0.0,0.0,0.0,0.0,0.0,0.0,0.0,240.43,0.58,242.62,0.56,239.94,0.57,-0.68,50.08
2026-10-05T18:10:02.022051+00:00,0.0,-23.69,23.29,0.2,20.0,23.0,0.0,20.9,10.2,0.0,384.58,1921.96,67476.3,74317.23,0.0,0.0,0.0,0.0,0.0,0.0,65.44,35.3,29.73,48.22,0.0,0.0,0.0,0.0,0.0,0.0,0.0,0.0,0.0,0.0,0.0,0.0,0.0,0.0,0.0,0.0,0.0,0.0,0.0,0.0,0.0,0.0,0.0,0.0,240.36,0.52,243.39,0.51,240.21,0.52,-0.755,50.07
2026-10-05T18:15:01.384081+00:00,0.0,-26.73,26.03,0.7,20.0,27.0,0.0,20.9,9.9,0.0,384.58,1921.96,67476.3,74317.23,0.0,0.0,0.0,0.0,0.0,0.0,65.44,35.3,29.73,48.22,0.0,0.0,0.0,0.0,0.0,0.0,0.0,0.0,0.0,0.0,0.0,0.0,0.0,0.0,0.0,0.0,0.0,0.0,0.0,0.0,0.0,0.0,0.0,0.0,240.18,0.6,243.04,0.59,239.93,0.61,-0.918,49.95
2026-10-05T18:20:01.685517+00:00,0.0,-22.63,22.23,0.4,20.0,27.0,0.0,20.9,9.9,0.0,384.58,1921.96,67476.3,74317.23,0.0,0.0,0.0,0.0,0.0,0.0,65.44,35.3,29.73,48.22,0.0,0.0,0.0,0.0,0.0,0.0,0.0,0.0,0.0,0.0,0.0,0.0,0.0,0.0,0.0,0.0,0.0,0.0,0.0,0.0,0.0,0.0,0.0,0.0,240.79,0.54,244.22,0.54,241.03,0.54,-1.0,50.09
2026-10-05T18:25:01.839283+00:00,0.0,-26.28,25.78,0.5,20.0,27.0,0.0,20.9,9.9,0.0,384.58,1921.96,67476.3,74317.23,0.0,0.0,0.0,0.0,0.0,0.0,65.44,35.3,29.73,48.22,0.0,0.0,0.0,0.0,0.0,0.0,0.0,0.0,0.0,0.0,0.0,0.0,0.0,0.0,0.0,0.0,0.0,0.0,0.0,0.0,0.0,0.0,0.0,0.0,241.26,0.54,243.92,0.54,240.93,0.55,-0.811,49.92
2026-10-05T18:30:01.410929+00:00,0.0,-27.13,26.63,0.5,20.0,31.0,0.0,20.9,9.7,0.0,384.58,1921.96,67476.3,74317.23,0.0,0.0,0.0,0.0,0.0,0.0,65.44,35.3,29.73,48.22,0.0,0.0,0.0,0.0,0.0,0.0,0.0,0.0,0.0,0.0,0.0,0.0,0.0,0.0,0.0,0.0,0.0,0.0,0.0,0.0,0.0,0.0,0.0,0.0,242.72,0.55,245.12,0.55,242.38,0.55,-0.69,50.1
2026-10-05T18:35:02.024437+00:00,0.0,-20.5,19.8,0.5,20.0,30.0,0.0,20.9,9.7,0.0,384.58,1921.96,67476.3,74317.23,0.0,0.0,0.0,0.0,0.0,0.0,65.44,35.3,29.73,48.22,0.0,0.0,0.0,0.0,0.0,0.0,0.0,0.0,0.0,0.0,0.0,0.0,0.0,0.0,0.0,0.0,0.0,0.0,0.0,0.0,0.0,0.0,0.0,0.0,237.04,0.61,240.14,0.61,236.67,0.61,-0.532,49.84
2026-10-05T18:40:01.380962+00:00,0.0,-26.97,26.27,0.5,20.0,30.0,0.0,20.9,10.7,0.0,384.58,1921.96,67476.3,74317.23,0.0,0.0,0.0,0.0,0.0,0.0,65.44,35.3,29.73,48.22,0.0,0.0,0.0,0.0,0.0,0.0,0.0,0.0,0.0,0.0,0.0,0.0,0.0,0.0,0.0,0.0,0.0,0.0,0.0,0.0,0.0,0.0,0.0,0.0,237.94,0.6,240.63,0.6,237.09,0.61,-0.806,50.0
2026-10-05T18:45:01.828334+00:00,0.0,-25.05,24.35,0.5,20.0,38.0,0.0,20.9,10.4,0.0,384.58,1921.96,67476.3,74317.23,0.0,0.0,0.0,0.0,0.0,0.0,65.44,35.3,29.73,48.22,0.0,0.0,0.0,0.0,0.0,0.0,0.0,0.0,0.0,0.0,0.0,0.0,0.0,0.0,0.0,0.0,0.0,0.0,0.0,0.0,0.0,0.0,0.0,0.0,238.17,0.53,240.63,0.54,237.34,0.54,-0.755,50.04
2026-10-05T18:50:02.054449+00:00,0.0,-21.55,20.85,0.7,20.0,38.0,0.0,20.9,10.4,0.0,384.58,1921.96,67476.3,74317.23,0.0,0.0,0.0,0.0,0.0,0.0,65.44,35.3,29.73,48.22,0.0,0.0,0.0,0.0,0.0,0.0,0.0,0.0,0.0,0.0,0.0,0.0,0.0,0.0,0.0,0.0,0.0,0.0,0.0,0.0,0.0,0.0,0.0,0.0,237.76,0.58,240.32,0.58,236.97,0.58,-0.863,49.96
2026-10-05T18:55:01.997414+00:00,0.0,-33.65,33.15,0.5,20.0,38.0,0.0,20.9,10.4,0.0,384.58,1921.96,67476.3,74317.23,0.0,0.0,0.0,0.0,0.0,0.0,65.44,35.3,29.73,48.22,0.0,0.0,0.0,0.0,0.0,0.0,0.0,0.0,0.0,0.0,0.0,0.0,0.0,0.0,0.0,0.0,0.0,0.0,0.0,0.0,0.0,0.0,0.0,0.0,239.25,0.56,241.52,0.56,238.1,0.56,-0.565,50.15
2026-10-05T19:00:01.804733+00:00,0.0,-27.69,26.99,0.7,20.0,47.0,0.0,20.9,10.1,0.0,384.58,1921.96,67476.3,74317.23,0.0,0.0,0.0,0.0,0.0,0.0,65.44,35.3,29.73,48.22,0.0,0.0,0.0,0.0,0.0,0.0,0.0,0.0,0.0,0.0,0.0,0.0,0.0,0.0,0.0,0.0,0.0,0.0,0.0,0.0,0.0,0.0,0.0,0.0,238.52,0.58,241.54,0.57,237.9,0.58,-0.998,50.01
2026-10-05T19:05:01.370129+00:00,0.0,-22.51,22.51,0.0,20.0,47.0,0.0,20.9,10.1,0.0,384.58,1921.96,67476.3,74317.23,0.0,0.0,0.0,0.0,0.0,0.0,65.45,35.3,29.73,48.22,0.0,0.0,0.0,0.0,0.0,0.0,0.0,0.0,0.0,0.0,0.0,0.0,0.0,0.0,0.0,0.0,0.0,0.0,0.0,0.0,0.0,0.0,0.0,0.0,238.9,0.53,241.55,0.53,238.43,0.54,-0.796,49.84
2026-10-05T19:10:01.687049+00:00,0.0,-20.78,20.58,0.2,20.0,47.0,0.0,20.9,10.1,0.0,384.58,1921.96,67476.3,74317.23,0.0,0.0,0.0,0.0,0.0,0.0,65.45,35.3,29.73,48.22,0.0,0.0,0.0,0.0,0.0,0.0,0.0,0.0,0.0,0.0,0.0,0.0,0.0,0.0,0.0,0.0,0.0,0.0,0.0,0.0,0.0,0.0,0.0,0.0,238.2,0.52,240.59,0.52,237.74,0.53,-0.397,49.91
2026-10-05T19:15:01.431889+00:00,0.0,-23.75,23.55,0.2,20.0,57.0,0.0,20.9,9.8,0.0,384.58,1921.96,67476.3,74317.23,0.0,0.0,0.0,0.0,0.0,0.0,65.45,35.3,29.73,48.22,0.0,0.0,0.0,0.0,0.0,0.0,0.0,0.0,0.0,0.0,0.0,0.0,0.0,0.0,0.0,0.0,0.0,0.0,0.0,0.0,0.0,0.0,0.0,0.0,238.94,0.52,241.52,0.52,237.93,0.53,-0.364,49.95
2026-10-05T19:20:01.951039+00:00,0.0,-26.32,25.92,0.4,19.9,57.0,0.0,20.9,9.8,0.0,384.58,1921.96,67476.3,74317.23,0.0,0.0,0.0,0.0,0.0,0.0,65.46,35.3,29.73,48.22,0.0,0.0,0.0,0.0,0.0,0.0,0.0,0.0,0.0,0.0,0.0,0.0,0.0,0.0,0.0,0.0,0.0,0.0,0.0,0.0,0.0,0.0,0.0,0.0,239.72,0.56,242.89,0.54,239.33,0.56,-0.784,50.1
2026-10-05T19:25:01.344178+00:00,0.0,-18.2,18.0,0.0,19.9,57.0,0.0,20.9,9.8,0.0,384.58,1921.96,67476.3,74317.23,0.0,0.0,0.0,0.0,0.0,0.0,65.46,35.3,29.73,48.22,0.0,0.0,0.0,0.0,0.0,0.0,0.0,0.0,0.0,0.0,0.0,0.0,0.0,0.0,0.0,0.0,0.0,0.0,0.0,0.0,0.0,0.0,0.0,0.0,239.79,0.56,243.18,0.55,239.84,0.57,-0.86,50.15
2026-10-05T19:30:01.466186+00:00,0.0,-25.39,24.99,0.4,19.9,69.0,0.0,20.8,9.6,0.0,384.58,1921.96,67476.3,74317.23,0.0,0.0,0.0,0.0,0.0,0.0,65.46,35.3,29.73,48.22,0.0,0.0,0.0,0.0,0.0,0.0,0.0,0.0,0.0,0.0,0.0,0.0,0.0,0.0,0.0,0.0,0.0,0.0,0.0,0.0,0.0,0.0,0.0,0.0,236.92,0.55,239.51,0.56,236.28,0.58,-0.816,50.14
2026-10-05T19:35:02.064591+00:00,0.0,-19.69,19.29,0.4,19.9,69.0,0.0,20.8,9.6,0.0,384.58,1921.96,67476.3,74317.23,0.0,0.0,0.0,0.0,0.0,0.0,65.46,35.3,29.73,48.22,0.0,0.0,0.0,0.0,0.0,0.0,0.0,0.0,0.0,0.0,0.0,0.0,0.0,0.0,0.0,0.0,0.0,0.0,0.0,0.0,0.0,0.0,0.0,0.0,235.59,0.53,238.57,0.55,235.22,0.55,-0.639,49.9
2026-10-05T19:40:01.550723+00:00,0.0,-20.14,19.74,0.4,19.9,69.0,0.0,20.8,9.6,0.0,384.58,1921.96,67476.3,74317.23,0.0,0.0,0.0,0.0,0.0,0.0,65.46,35.3,29.73,48.22,0.0,0.0,0.0,0.0,0.0,0.0,0.0,0.0,0.0,0.0,0.0,0.0,0.0,0.0,0.0,0.0,0.0,0.0,0.0,0.0,0.0,0.0,0.0,0.0,236.52,0.67,239.35,0.68,236.09,0.67,-0.681,50.05
2026-10-05T19:45:01.971971+00:00,0.0,-22.66,22.26,0.4,19.9,80.0,0.0,20.8,9.4,0.0,384.58,1921.96,67476.3,74317.23,0.0,0.0,0.0,0.0,0.0,0.0,65.46,35.3,29.73,48.22,0.0,0.0,0.0,0.0,0.0,0.0,0.0,0.0,0.0,0.0,0.0,0.0,0.0,0.0,0.0,0.0,0.0,0.0,0.0,0.0,0.0,0.0,0.0,0.0,237.1,0.58,239.55,0.58,236.45,0.58,-0.75,50.16
2026-10-05T19:50:01.362257+00:00,0.0,-21.78,21.58,0.0,19.9,80.0,0.0,20.8,9.4,0.0,384.58,1921.96,67476.3,74317.23,0.0,0.0,0.0,0.0,0.0,0.0,65.46,35.3,29.73,48.22,0.0,0.0,0.0,0.0,0.0,0.0,0.0,0.0,0.0,0.0,0.0,0.0,0.0,0.0,0.0,0.0,0.0,0.0,0.0,0.0,0.0,0.0,0.0,0.0,235.59,0.54,238.48,0.55,235.48,0.56,-0.819,49.86
2026-10-05T19:55:01.767409+00:00,0.0,-17.32,16.92,0.2,19.9,80.0,0.0,20.8,9.4,0.0,384.58,1921.96,67476.3,74317.23,0.0,0.0,0.0,0.0,0.0,0.0,65.46,35.3,29.73,48.22,0.0,0.0,0.0,0.0,0.0,0.0,0.0,0.0,0.0,0.0,0.0,0.0,0.0,0.0,0.0,0.0,0.0,0.0,0.0,0.0,0.0,0.0,0.0,0.0,237.07,0.54,239.3,0.54,236.25,0.55,-0.92,50.11
2026-10-05T20:00:01.400259+00:00,0.0,-18.83,18.43,0.4,19.9,88.0,0.0,20.8,9.1,0.0,384.58,1921.96,67476.3,74317.23,0.0,0.0,0.0,0.0,0.0,0.0,65.46,35.3,29.73,48.22,0.0,0.0,0.0,0.0,0.0,0.0,0.0,0.0,0.0,0.0,0.0,0.0,0.0,0.0,0.0,0.0,0.0,0.0,0.0,0.0,0.0,0.0,0.0,0.0,237.29,0.55,239.78,0.55,236.26,0.55,-0.769,50.08
2026-10-05T20:05:02.102264+00:00,0.0,-19.47,19.07,0.4,19.9,88.0,0.0,20.8,9.1,0.0,384.58,1921.96,67476.3,74317.23,0.0,0.0,0.0,0.0,0.0,0.0,65.46,35.3,29.73,48.22,0.0,0.0,0.0,0.0,0.0,0.0,0.0,0.0,0.0,0.0,0.0,0.0,0.0,0.0,0.0,0.0,0.0,0.0,0.0,0.0,0.0,0.0,0.0,0.0,237.91,0.54,240.5,0.55,237.3,0.55,-0.715,50.15
2026-10-05T20:10:01.678380+00:00,0.0,-18.98,18.58,0.4,19.9,88.0,0.0,20.8,9.1,0.0,384.58,1921.96,67476.3,74317.23,0.0,0.0,0.0,0.0,0.0,0.0,65.46,35.3,29.73,48.22,0.0,0.0,0.0,0.0,0.0,0.0,0.0,0.0,0.0,0.0,0.0,0.0,0.0,0.0,0.0,0.0,0.0,0.0,0.0,0.0,0.0,0.0,0.0,0.0,236.18,0.56,239.07,0.56,236.08,0.58,-0.912,49.85
2026-10-05T20:15:02.089475+00:00,0.0,-19.27,18.67,0.6,19.9,95.0,0.0,20.7,8.9,0.0,384.58,1921.96,67476.3,74317.23,0.0,0.0,0.0,0.0,0.0,0.0,65.46,35.3,29.73,48.22,0.0,0.0,0.0,0.0,0.0,0.0,0.0,0.0,0.0,0.0,0.0,0.0,0.0,0.0,0.0,0.0,0.0,0.0,0.0,0.0,0.0,0.0,0.0,0.0,236.72,0.57,239.44,0.57,236.39,0.59,-0.95,49.93
2026-10-05T20:20:01.335099+00:00,0.0,-17.74,17.14,0.6,19.9,95.0,0.0,20.7,8.9,0.0,384.58,1921.96,67476.3,74317.23,0.0,0.0,0.0,0.0,0.0,0.0,65.46,35.3,29.73,48.22,0.0,0.0,0.0,0.0,0.0,0.0,0.0,0.0,0.0,0.0,0.0,0.0,0.0,0.0,0.0,0.0,0.0,0.0,0.0,0.0,0.0,0.0,0.0,0.0,237.83,0.62,240.57,0.61,237.27,0.63,-0.854,50.16
2026-10-05T20:25:01.417562+00:00,0.0,-17.3,16.7,0.6,19.9,95.0,0.0,20.7,8.9,0.0,384.58,1921.96,67476.3,74317.23,0.0,0.0,0.0,0.0,0.0,0.0,65.46,35.3,29.73,48.22,0.0,0.0,0.0,0.0,0.0,0.0,0.0,0.0,0.0,0.0,0.0,0.0,0.0,0.0,0.0,0.0,0.0,0.0,0.0,0.0,0.0,0.0,0.0,0.0,238.11,0.56,240.85,0.56,237.62,0.57,-0.651,50.14
2026-10-05T20:30:01.411869+00:00,0.0,-19.52,19.12,0.2,19.9,100.0,0.0,20.6,8.9,0.0,384.58,1921.96,67476.3,74317.23,0.0,0.0,0.0,0.0,0.0,0.0,65.46,35.3,29.73,48.22,0.0,0.0,0.0,0.0,0.0,0.0,0.0,0.0,0.0,0.0,0.0,0.0,0.0,0.0,0.0,0.0,0.0,0.0,0.0,0.0,0.0,0.0,0.0,0.0,238.48,0.57,240.69,0.57,237.75,0.57,-0.77,50.16
2026-10-05T20:35:01.926715+00:00,0.0,-19.95,19.35,0.6,19.9,100.0,0.0,20.6,8.9,0.0,384.58,1921.96,67476.3,74317.23,0.0,0.0,0.0,0.0,0.0,0.0,65.46,35.3,29.73,48.22,0.0,0.0,0.0,0.0,0.0,0.0,0.0,0.0,0.0,0.0,0.0,0.0,0.0,0.0,0.0,0.0,0.0,0.0,0.0,0.0,0.0,0.0,0.0,0.0,237.39,0.51,239.57,0.51,236.89,0.53,-0.676,49.88
2026-10-05T20:40:01.324447+00:00,0.0,-19.28,18.88,0.4,19.9,100.0,0.0,20.6,8.9,0.0,384.58,1921.96,67476.3,74317.23,0.0,0.0,0.0,0.0,0.0,0.0,65.46,35.3,29.73,48.22,0.0,0.0,0.0,0.0,0.0,0.0,0.0,0.0,0.0,0.0,0.0,0.0,0.0,0.0,0.0,0.0,0.0,0.0,0.0,0.0,0.0,0.0,0.0,0.0,237.73,0.58,240.03,0.58,237.46,0.59,-0.949,50.06
2026-10-05T20:45:01.756216+00:00,0.0,-18.78,18.18,0.6,19.9,100.0,0.0,20.5,8.6,0.0,384.58,1921.96,67476.3,74317.23,0.0,0.0,0.0,0.0,0.0,0.0,65.46,35.3,29.73,48.22,0.0,0.0,0.0,0.0,0.0,0.0,0.0,0.0,0.0,0.0,0.0,0.0,0.0,0.0,0.0,0.0,0.0,0.0,0.0,0.0,0.0,0.0,0.0,0.0,237.76,0.54,239.93,0.54,237.68,0.54,-0.993,49.96
2026-10-05T20:50:01.281419+00:00,0.0,-19.11,18.71,0.4,19.9,100.0,0.0,20.5,8.6,0.0,384.58,1921.96,67476.3,74317.23,0.0,0.0,0.0,0.0,0.0,0.0,65.46,35.3,29.73,48.22,0.0,0.0,0.0,0.0,0.0,0.0,0.0,0.0,0.0,0.0,0.0,0.0,0.0,0.0,0.0,0.0,0.0,0.0,0.0,0.0,0.0,0.0,0.0,0.0,238.69,0.64,240.69,0.62,238.09,0.64,-0.691,50.08
2026-10-05T20:55:01.692722+00:00,0.0,-17.61,17.01,0.4,19.9,100.0,0.0,20.5,8.6,0.0,384.58,1921.96,67476.3,74317.23,0.0,0.0,0.0,0.0,0.0,0.0,65.46,35.3,29.73,48.22,0.0,0.0,0.0,0.0,0.0,0.0,0.0,0.0,0.0,0.0,0.0,0.0,0.0,0.0,0.0,0.0,0.0,0.0,0.0,0.0,0.0,0.0,0.0,0.0,237.47,0.58,239.47,0.58,236.83,0.58,-0.912,49.85
2026-10-05T21:00:01.822551+00:00,0.0,-17.5,16.9,0.4,19.9,99.0,0.0,20.4,8.3,0.0,384.58,1921.96,67476.3,74317.23,0.0,0.0,0.0,0.0,0.0,0.0,65.46,35.3,29.73,48.22,0.0,0.0,0.0,0.0,0.0,0.0,0.0,0.0,0.0,0.0,0.0,0.0,0.0,0.0,0.0,0.0,0.0,0.0,0.0,0.0,0.0,0.0,0.0,0.0,238.0,0.56,240.31,0.55,237.78,0.55,-0.761,50.09
2026-10-05T21:05:02.089165+00:00,0.0,-19.13,18.53,0.4,19.9,99.0,0.0,20.4,8.3,0.0,384.58,1921.96,67476.3,74317.23,0.0,0.0,0.0,0.0,0.0,0.0,65.46,35.3,29.73,48.22,0.0,0.0,0.0,0.0,0.0,0.0,0.0,0.0,0.0,0.0,0.0,0.0,0.0,0.0,0.0,0.0,0.0,0.0,0.0,0.0,0.0,0.0,0.0,0.0,238.32,0.61,240.78,0.6,238.03,0.61,-0.969,50.15
2026-10-05T21:10:01.503041+00:00,0.0,-17.75,17.35,0.2,19.9,99.0,0.0,20.4,8.3,0.0,384.58,1921.96,67476.3,74317.23,0.0,0.0,0.0,0.0,0.0,0.0,65.46,35.3,29.73,48.22,0.0,0.0,0.0,0.0,0.0,0.0,0.0,0.0,0.0,0.0,0.0,0.0,0.0,0.0,0.0,0.0,0.0,0.0,0.0,0.0,0.0,0.0,0.0,0.0,237.7,0.6,240.1,0.58,237.76,0.59,-0.584,50.05
2026-10-05T21:15:01.809540+00:00,0.0,-20.12,19.72,0.2,19.9,87.0,0.0,20.4,7.9,0.0,384.58,1921.96,67476.3,74317.23,0.0,0.0,0.0,0.0,0.0,0.0,65.46,35.3,29.73,48.22,0.0,0.0,0.0,0.0,0.0,0.0,0.0,0.0,0.0,0.0,0.0,0.0,0.0,0.0,0.0,0.0,0.0,0.0,0.0,0.0,0.0,0.0,0.0,0.0,238.15,0.55,240.49,0.53,237.76,0.53,-0.676,50.08
2026-10-05T21:20:02.106231+00:00,0.0,-19.01,18.41,0.6,19.9,87.0,0.0,20.4,7.9,0.0,384.58,1921.96,67476.3,74317.23,0.0,0.0,0.0,0.0,0.0,0.0,65.46,35.3,29.73,48.22,0.0,0.0,0.0,0.0,0.0,0.0,0.0,0.0,0.0,0.0,0.0,0.0,0.0,0.0,0.0,0.0,0.0,0.0,0.0,0.0,0.0,0.0,0.0,0.0,238.28,0.54,240.27,0.53,238.01,0.54,-0.963,50.1
2026-10-05T21:25:01.364640+00:00,0.0,-15.45,14.85,0.4,19.9,87.0,0.0,20.4,7.9,0.0,384.58,1921.96,67476.3,74317.23,0.0,0.0,0.0,0.0,0.0,0.0,65.46,35.3,29.73,48.22,0.0,0.0,0.0,0.0,0.0,0.0,0.0,0.0,0.0,0.0,0.0,0.0,0.0,0.0,0.0,0.0,0.0,0.0,0.0,0.0,0.0,0.0,0.0,0.0,238.52,0.57,240.41,0.56,238.39,0.56,-0.999,50.12
2026-10-05T21:30:01.786108+00:00,0.0,-17.51,17.11,0.2,19.9,69.0,0.0,20.3,7.3,0.0,384.58,1921.96,67476.3,74317.23,0.0,0.0,0.0,0.0,0.0,0.0,65.46,35.3,29.73,48.22,0.0,0.0,0.0,0.0,0.0,0.0,0.0,0.0,0.0,0.0,0.0,0.0,0.0,0.0,0.0,0.0,0.0,0.0,0.0,0.0,0.0,0.0,0.0,0.0,238.67,0.53,241.04,0.53,238.71,0.53,-0.99,50.09
2026-10-05T21:35:01.310336+00:00,0.0,-16.91,16.31,0.4,19.9,69.0,0.0,20.3,7.3,0.0,384.58,1921.96,67476.3,74317.23,0.0,0.0,0.0,0.0,0.0,0.0,65.46,35.3,29.73,48.22,0.0,0.0,0.0,0.0,0.0,0.0,0.0,0.0,0.0,0.0,0.0,0.0,0.0,0.0,0.0,0.0,0.0,0.0,0.0,0.0,0.0,0.0,0.0,0.0,238.05,0.56,240.74,0.55,238.25,0.56,-0.875,49.95
2026-10-05T21:40:01.827768+00:00,0.0,-22.85,22.45,0.4,19.9,69.0,0.0,20.3,7.3,0.0,384.58,1921.96,67476.3,74317.23,0.0,0.0,0.0,0.0,0.0,0.0,65.46,35.3,29.73,48.22,0.0,0.0,0.0,0.0,0.0,0.0,0.0,0.0,0.0,0.0,0.0,0.0,0.0,0.0,0.0,0.0,0.0,0.0,0.0,0.0,0.0,0.0,0.0,0.0,238.04,0.59,240.28,0.57,238.06,0.58,-0.93,49.91
2026-10-06T04:45:01.951913+00:00,7.8,-10.63,18.43,0.0,100.0,51.0,10.0,19.1,5.4,0.0,2.96,1924.92,67479.26,74320.19,0.0,0.0,0.0,2.14,1.77,3.12,0.01,35.3,29.73,48.23,520.1,1.82,555.0,0.8,524.2,1.73,0.0,0.0,520.4,1.81,0.0,0.0,540.8,0.94,537.9,0.92,533.1,2.23,520.6,1.78,537.6,2.12,0.0,0.0,243.08,3.01,244.96,3.0,241.71,3.04,0.999,50.16
2026-10-06T04:50:01.890733+00:00,8.8,-9.06,17.86,0.0,100.0,51.0,10.0,19.1,5.4,0.0,3.59,1925.55,67479.89,74320.82,0.0,0.0,0.0,2.39,1.94,3.46,0.01,35.3,29.73,48.23,524.2,2.09,556.6,0.83,522.7,1.93,0.0,0.0,522.0,2.07,0.0,0.0,550.4,0.95,549.3,0.92,534.7,2.47,521.1,1.99,537.7,2.42,0.0,0.0,243.47,3.34,245.4,3.33,242.6,3.36,0.994,50.17
2026-10-06T04:55:01.907350+00:00,10.5,-11.33,21.83,0.0,100.0,51.0,10.0,19.1,5.4,0.0,4.27,1926.23,67480.57,74321.5,0.0,0.0,0.0,2.67,2.16,3.87,0.02,35.3,29.73,48.23,522.3,2.36,560.5,0.85,523.8,2.21,0.0,0.0,521.5,2.27,0.0,0.0,554.9,1.0,551.3,0.97,533.9,2.67,523.6,2.26,537.5,2.66,0.0,0.0,240.14,3.76,241.74,3.75,239.2,3.79,0.998,50.18
2026-10-06T05:00:01.587769+00:00,11.7,-9.01,20.71,0.0,100.0,42.0,136.0,19.7,5.0,0.0,5.06,1927.02,67481.36,74322.29,0.0,0.0,0.0,3.31,2.92,4.27,0.02,35.3,29.73,48.23,523.8,2.57,368.7,2.3,526.2,2.48,0.0,0.0,525.0,2.46,0.0,0.0,556.2,1.11,557.3,1.05,534.0,2.93,522.4,2.55,536.6,2.89,0.0,0.0,239.95,4.67,242.09,4.64,239.34,4.69,0.998,50.18
2026-10-06T05:05:01.207929+00:00,12.9,43.13,23.47,-53.7,96.7,42.0,136.0,19.7,5.0,0.0,5.99,1927.95,67482.29,74323.22,0.0,0.0,0.0,3.68,3.32,4.71,1.49,35.3,29.73,48.23,524.4,2.79,345.6,2.72,525.0,2.71,0.0,0.0,526.2,2.7,0.0,0.0,443.2,2.31,445.6,2.26,532.6,3.25,523.8,2.76,538.0,3.15,0.0,0.0,240.58,5.34,242.35,4.8,239.48,5.38,1.0,50.24
2026-10-06T05:10:01.322137+00:00,14.1,37.48,28.92,-52.3,93.0,42.0,136.0,19.7,5.0,0.0,7.03,1928.99,67483.33,74324.26,0.0,0.0,0.0,2.77,1.5,3.48,3.07,35.3,29.73,48.23,526.5,3.08,344.7,3.08,526.0,2.97,0.0,0.0,526.9,2.97,0.0,0.0,443.4,2.59,443.0,2.54,532.5,3.51,524.3,3.03,537.6,3.44,0.0,0.0,242.74,45.54,241.7,24.86,239.62,26.88,1.0,50.14
2026-10-06T05:15:02.106923+00:00,15.1,35.67,31.33,-51.9,89.2,34.0,136.0,20.3,4.3,0.0,8.17,1930.13,67484.47,74325.4,0.0,0.0,0.0,2.98,2.46,4.2,4.74,35.3,29.73,48.23,527.3,3.32,345.1,3.32,525.0,3.23,0.0,0.0,527.6,3.2,0.0,0.0,443.4,2.86,444.8,2.79,531.5,3.79,524.2,3.28,537.9,3.69,0.0,0.0,241.94,45.69,241.42,25.63,239.0,25.5,1.0,50.14
2026-10-06T05:20:02.114806+00:00,16.6,36.89,30.01,-50.3,85.5,34.0,136.0,20.3,4.3,0.0,9.38,1931.34,67485.68,74326.61,0.0,0.0,0.0,3.51,3.22,4.75,6.37,35.31,29.73,48.23,525.7,3.59,345.0,3.53,528.1,3.46,0.0,0.0,528.3,3.46,0.0,0.0,443.7,3.08,444.9,3.01,531.9,4.05,526.3,3.51,536.5,3.98,0.0,0.0,242.26,45.63,241.31,25.82,238.89,25.77,1.0,50.15
2026-10-06T05:25:01.970385+00:00,17.6,38.31,28.59,-49.3,81.9,34.0,136.0,20.3,4.3,0.0,10.69,1932.65,67486.99,74327.92,0.0,0.0,0.0,3.85,4.17,5.25,7.94,35.31,29.73,48.23,527.4,3.83,346.1,3.76,528.6,3.71,0.0,0.0,527.3,3.7,0.0,0.0,491.7,3.23,469.1,3.18,528.4,4.3,526.2,3.75,533.6,4.25,0.0,0.0,240.54,45.94,239.71,25.54,237.25,25.66,1.0,49.83
2026-10-06T05:30:01.657961+00:00,18.7,41.48,28.42,-51.2,78.4,25.0,136.0,21.1,3.6,0.0,12.13,1934.09,67488.43,74329.36,0.0,0.0,0.0,4.21,4.57,5.54,9.49,35.31,29.73,48.23,527.1,4.13,344.8,4.07,526.2,4.01,0.0,0.0,527.9,3.95,0.0,0.0,535.3,3.48,534.9,3.43,527.1,4.59,525.3,4.05,532.6,4.54,0.0,0.0,242.34,45.61,241.25,25.22,238.97,25.32,1.0,50.22
2026-10-06T05:35:02.109595+00:00,19.9,37.0,32.6,-49.7,74.9,25.0,136.0,21.1,3.6,0.0,13.66,1935.62,67489.96,74330.89,0.0,0.0,0.0,4.53,3.84,6.65,11.06,35.31,29.73,48.23,527.3,4.35,343.8,4.33,525.9,4.25,0.0,0.0,526.8,4.18,0.0,0.0,533.3,3.74,533.7,3.68,524.6,4.83,523.0,4.3,530.2,4.78,0.0,0.0,241.63,45.69,240.65,26.72,238.42,27.49,1.0,50.19
2026-10-06T05:40:01.633561+00:00,20.5,38.34,28.16,-46.0,71.4,25.0,136.0,21.1,3.6,0.0,15.27,1937.23,67491.57,74332.5,0.0,0.0,0.0,4.94,5.39,6.37,12.55,35.31,29.73,48.23,525.3,4.62,343.5,4.62,526.5,4.5,0.0,0.0,527.5,4.43,0.0,0.0,531.5,4.05,532.0,3.97,521.9,5.12,525.1,4.55,526.9,5.07,0.0,0.0,242.09,45.65,241.06,27.05,238.55,27.16,1.0,50.1
2026-10-06T05:45:01.421483+00:00,22.3,33.26,35.24,-46.2,68.1,17.0,136.0,21.8,2.7,0.0,16.97,1938.93,67493.27,74334.2,0.0,0.0,0.0,5.87,5.83,6.7,14.01,35.31,29.73,48.24,524.2,4.86,341.4,4.86,523.2,4.75,0.0,0.0,523.4,4.65,0.0,0.0,529.2,4.31,531.4,4.22,517.9,5.35,521.9,4.8,524.5,5.29,0.0,0.0,242.17,45.64,240.69,24.5,238.15,24.64,1.0,50.14
2026-10-06T05:50:01.272169+00:00,23.5,39.87,23.73,-40.1,64.9,17.0,136.0,21.8,2.7,0.0,18.75,1940.71,67495.05,74335.98,0.0,0.0,0.0,5.16,6.11,7.05,15.41,35.31,29.73,48.24,520.7,5.13,340.4,5.15,519.8,5.03,0.0,0.0,524.3,4.88,0.0,0.0,526.9,4.58,530.5,4.48,515.1,5.62,521.6,5.05,521.7,5.57,0.0,0.0,239.52,46.14,238.96,26.82,236.36,26.91,1.0,49.99
2026-10-06T05:55:01.946011+00:00,23.7,40.26,23.54,-40.1,62.0,17.0,136.0,21.8,2.7,0.0,20.53,1942.49,67496.83,74337.76,0.0,0.0,0.0,6.17,7.02,7.83,16.7,35.31,29.74,48.24,519.1,5.03,336.9,5.2,523.7,4.93,0.0,0.0,519.3,5.0,0.0,0.0,522.3,4.67,529.4,4.51,514.8,5.6,520.7,4.97,521.0,5.58,0.0,0.0,240.17,45.95,239.03,22.22,236.51,22.29,1.0,50.08
2026-10-06T06:00:01.191935+00:00,25.2,32.65,31.65,-39.1,59.1,11.0,352.0,22.6,2.1,0.0,22.51,1944.47,67498.81,74339.74,0.0,0.0,0.0,6.57,6.38,7.67,17.97,35.31,29.74,48.24,517.3,5.72,336.8,5.74,514.8,5.6,0.0,0.0,517.7,5.47,0.0,0.0,522.0,5.2,525.1,5.08,512.1,6.23,516.6,5.64,517.9,6.18,0.0,0.0,240.58,45.94,239.14,22.5,236.41,22.56,1.0,50.17
2026-10-06T06:05:01.967597+00:00,26.1,40.23,24.37,-38.5,56.3,11.0,352.0,22.6,2.1,0.0,24.51,1946.47,67500.81,74341.74,0.0,0.0,0.0,6.8,7.46,8.46,19.21,35.31,29.74,48.24,512.3,5.79,337.1,5.77,513.9,5.65,0.0,0.0,511.5,5.62,0.0,0.0,519.8,5.29,522.5,5.18,511.1,6.29,510.7,5.73,516.5,6.26,0.0,0.0,240.01,46.04,238.87,22.75,236.66,22.59,1.0,50.22
2026-10-06T06:10:01.375177+00:00,27.0,36.16,30.64,-39.8,53.4,11.0,352.0,22.6,2.1,0.0,26.64,1948.6,67502.94,74343.87,0.0,0.0,0.0,7.03,7.85,8.81,20.48,35.31,29.74,48.24,514.3,6.16,334.4,6.19,510.7,6.06,0.0,0.0,517.8,5.87,0.0,0.0,517.5,5.65,519.7,5.54,508.1,6.66,514.0,6.07,514.2,6.62,0.0,0.0,239.05,46.23,237.79,22.56,235.24,22.32,1.0,50.13
2026-10-06T06:15:01.274312+00:00,27.8,38.14,26.36,-36.7,50.8,7.0,352.0,23.3,1.5,0.0,28.82,1950.78,67505.12,74346.05,0.0,0.0,0.0,7.35,8.13,9.1,21.64,35.31,29.74,48.24,512.0,6.36,333.1,6.39,509.9,6.25,0.0,0.0,515.8,6.08,0.0,0.0,516.4,5.87,518.7,5.74,507.6,6.85,510.7,6.31,511.9,6.83,0.0,0.0,238.36,46.37,237.04,24.71,234.11,24.39,1.0,50.17
2026-10-06T06:20:01.708151+00:00,28.8,39.77,20.83,-31.8,48.2,7.0,352.0,23.3,1.5,0.0,31.12,1953.08,67507.42,74348.35,0.0,0.0,0.0,7.69,8.33,9.48,22.75,35.32,29.74,48.25,508.9,6.68,331.5,6.7,506.9,6.56,0.0,0.0,515.2,6.34,0.0,0.0,513.6,6.18,516.6,6.04,504.8,7.16,508.0,6.62,510.8,7.11,0.0,0.0,240.84,45.88,239.31,22.59,236.8,22.33,1.0,50.19
2026-10-06T06:25:01.863429+00:00,29.7,38.59,27.01,-35.9,45.7,7.0,352.0,23.3,1.5,0.0,33.48,1955.44,67509.78,74350.71,0.0,0.0,0.0,8.11,8.91,9.89,23.86,35.32,29.74,48.25,507.5,6.9,329.6,6.94,505.5,6.78,0.0,0.0,512.3,6.58,0.0,0.0,511.8,6.42,513.2,6.29,503.6,7.37,507.0,6.83,507.5,7.35,0.0,0.0,240.0,40.36,238.92,22.35,236.39,22.27,1.0,50.04
2026-10-06T06:30:02.032595+00:00,30.6,34.5,32.7,-36.6,43.1,5.0,352.0,23.9,0.9,0.0,35.91,1957.87,67512.21,74353.14,0.0,0.0,0.0,8.11,9.16,9.97,24.99,35.32,29.74,48.25,505.5,7.16,329.1,7.2,504.3,7.03,0.0,0.0,511.8,6.8,0.0,0.0,510.2,6.67,512.2,6.54,500.9,7.63,504.5,7.09,505.4,7.59,0.0,0.0,240.16,46.02,239.43,23.35,236.99,23.19,1.0,49.83
2026-10-06T06:35:01.813646+00:00,31.4,40.47,19.43,-28.5,40.6,5.0,352.0,23.9,0.9,0.0,38.44,1960.4,67514.74,74355.67,0.0,0.0,0.0,8.97,9.53,10.41,26.08,35.32,29.74,48.25,502.7,7.41,331.0,7.4,504.4,7.26,0.0,0.0,509.5,7.04,0.0,0.0,509.0,6.92,510.1,6.79,499.9,7.87,502.2,7.35,504.2,7.82,0.0,0.0,240.16,46.02,239.29,23.15,236.34,22.84,1.0,49.85
2026-10-06T06:40:01.195630+00:00,32.1,38.35,24.25,-30.5,38.4,11.0,345.0,24.0,0.9,0.0,41.02,1962.98,67517.32,74358.25,0.0,0.0,0.0,8.94,9.97,10.71,27.06,35.32,29.74,48.25,501.7,7.64,335.6,7.56,503.9,7.48,0.0,0.0,508.5,7.25,0.0,0.0,507.5,7.15,509.1,7.0,498.1,8.09,501.5,7.56,502.5,8.05,0.0,0.0,240.02,40.29,239.09,22.05,236.73,21.74,1.0,49.96
2026-10-06T06:45:02.073005+00:00,32.7,38.56,16.94,-22.8,36.2,8.0,345.0,24.6,1.9,0.0,43.66,1965.62,67519.96,74360.89,0.0,0.0,0.0,8.81,10.46,10.62,28.03,35.32,29.74,48.25,501.1,7.79,342.0,7.68,503.9,7.63,0.0,0.0,508.1,7.42,0.0,0.0,507.2,7.31,507.2,7.19,497.7,8.24,500.4,7.72,500.5,8.23,0.0,0.0,239.8,43.04,238.68,22.33,236.51,21.9,1.0,49.83
2026-10-06T06:50:01.757241+00:00,34.2,35.22,29.08,-30.1,34.0,8.0,345.0,24.6,1.9,0.0,46.36,1968.32,67522.66,74363.59,0.0,0.0,0.0,9.61,11.23,10.98,28.97,35.32,29.75,48.26,501.0,7.87,354.7,7.64,501.1,7.74,0.0,0.0,508.3,7.56,0.0,0.0,507.0,7.46,507.8,7.31,495.9,8.4,498.9,7.82,500.5,8.36,0.0,0.0,239.32,36.05,239.2,21.1,236.86,20.66,1.0,49.95
2026-10-06T06:55:01.353490+00:00,35.0,37.18,27.12,-29.3,31.9,8.0,345.0,24.6,1.9,0.0,49.15,1971.11,67525.45,74366.38,0.0,0.0,0.0,10.12,11.45,12.39,29.9,35.32,29.75,48.26,499.4,8.21,362.1,8.0,500.9,8.07,0.0,0.0,505.9,7.82,0.0,0.0,506.4,7.75,507.7,7.62,495.8,8.64,499.8,8.13,498.9,8.61,0.0,0.0,240.15,46.02,239.12,22.43,236.41,22.11,1.0,50.01
2026-10-06T07:00:01.705053+00:00,36.1,38.58,23.32,-25.8,29.8,5.0,563.0,25.1,2.4,0.0,52.03,1973.99,67528.33,74369.26,0.0,0.0,0.0,10.31,11.08,11.88,30.82,35.33,29.75,48.26,498.5,8.44,382.4,7.96,500.8,8.26,0.0,0.0,503.4,8.03,0.0,0.0,505.3,7.95,507.3,7.82,493.8,8.89,498.5,8.34,495.5,8.87,0.0,0.0,241.74,45.72,239.87,22.34,237.66,21.94,-1.0,49.91
2026-10-06T07:05:01.242959+00:00,35.782,-51.65,25.85,61.582,33.8,5.0,563.0,25.1,2.4,0.0,54.98,1976.94,67531.28,74372.21,0.0,0.0,0.0,10.69,11.2,10.78,30.82,35.33,29.75,48.26,495.8,8.67,398.7,8.09,498.4,8.47,0.0,0.0,501.3,8.29,0.0,0.0,504.9,8.22,505.6,8.08,494.5,9.09,496.5,8.56,495.8,9.09,0.0,0.0,241.91,44.66,240.03,21.29,237.73,20.84,-1.0,50.06
2026-10-06T07:10:02.072039+00:00,36.771,-49.42,24.62,61.571,37.8,5.0,563.0,25.1,2.4,0.0,57.99,1979.95,67534.29,74375.22,0.0,0.0,0.0,11.34,12.0,12.48,30.82,35.33,29.75,48.26,494.3,8.89,413.7,8.36,493.8,8.75,0.0,0.0,502.7,8.35,0.0,0.0,503.3,8.38,503.4,8.28,492.4,9.19,493.8,8.81,494.9,9.15,0.0,0.0,235.58,15.19,237.94,15.08,234.77,15.26,-1.0,49.78
2026-10-06T07:15:01.521246+00:00,37.533,-49.94,25.94,61.533,41.8,3.0,563.0,25.6,3.4,0.0,61.14,1983.1,67537.44,74378.37,0.0,0.0,0.0,11.75,12.31,12.79,30.82,35.33,29.75,48.26,491.3,9.15,424.9,8.66,495.6,8.92,0.0,0.0,501.4,8.65,0.0,0.0,501.7,8.68,502.5,8.56,492.1,9.49,491.2,9.06,494.1,9.48,0.0,0.0,237.23,14.54,239.47,14.44,236.46,14.6,-1.0,50.04
2026-10-06T07:20:01.650305+00:00,38.188,-51.16,27.76,61.588,45.8,3.0,563.0,25.6,3.4,0.0,64.32,1986.28,67540.62,74381.55,0.0,0.0,0.0,12.13,12.45,12.95,30.82,35.33,29.75,48.27,489.7,9.35,446.4,8.76,493.9,9.1,0.0,0.0,501.0,8.82,0.0,0.0,503.8,8.84,501.1,8.75,489.4,9.69,490.0,9.25,492.9,9.66,0.0,0.0,236.4,14.03,239.36,13.9,236.3,14.05,-1.0,49.95
2026-10-06T07:25:02.069787+00:00,39.156,-49.45,27.05,61.556,49.7,3.0,563.0,25.6,3.4,0.0,67.54,1989.5,67543.84,74384.77,0.0,0.0,0.0,12.4,12.65,13.12,30.82,35.33,29.75,48.27,489.1,9.45,464.2,8.9,490.6,9.25,0.0,0.0,500.4,8.9,0.0,0.0,501.2,8.98,498.8,8.87,488.4,9.77,489.0,9.36,491.4,9.73,0.0,0.0,236.22,13.61,238.77,13.49,236.25,13.62,-1.0,49.88
2026-10-06T07:30:01.820718+00:00,39.878,-46.38,24.68,61.578,53.7,2.0,563.0,26.1,4.5,0.0,70.86,1992.82,67547.16,74388.09,0.0,0.0,0.0,12.79,13.0,13.4,30.82,35.33,29.76,48.27,487.7,9.66,466.1,9.32,491.0,9.42,0.0,0.0,498.0,9.14,0.0,0.0,501.3,9.18,498.5,9.07,487.9,9.97,488.0,9.56,490.0,9.96,0.0,0.0,237.3,13.03,240.18,12.91,237.2,13.05,-1.0,50.14
2026-10-06T07:35:01.721794+00:00,40.084,-49.56,28.06,61.584,57.6,2.0,563.0,26.1,4.5,0.0,74.24,1996.2,67550.54,74391.47,0.0,0.0,0.0,13.11,13.22,13.62,30.82,35.34,29.76,48.27,485.6,9.88,474.4,9.57,488.2,9.64,0.0,0.0,498.9,9.29,0.0,0.0,499.9,9.39,498.1,9.27,487.8,10.14,486.1,9.77,489.8,10.12,0.0,0.0,237.65,12.56,240.37,12.45,237.1,12.6,-1.0,50.07
2026-10-06T07:40:01.681947+00:00,41.453,-48.74,28.64,61.553,61.6,2.0,563.0,26.1,4.5,0.0,77.68,1999.64,67553.98,74394.91,0.0,0.0,0.0,13.34,13.22,13.61,30.82,35.34,29.76,48.28,484.6,10.03,484.4,9.77,487.3,9.8,0.0,0.0,496.6,9.45,0.0,0.0,498.5,9.55,496.2,9.44,487.0,10.27,484.5,9.94,488.4,10.28,0.0,0.0,237.68,12.26,240.68,12.14,237.59,12.28,-1.0,50.08
2026-10-06T07:45:01.559695+00:00,42.059,-41.64,22.14,61.559,65.5,2.0,563.0,26.5,5.5,0.0,81.17,2003.13,67557.47,74398.4,0.0,0.0,0.0,13.79,13.67,14.06,30.82,35.34,29.76,48.28,481.6,10.24,489.2,10.02,486.1,9.96,0.0,0.0,495.6,9.62,0.0,0.0,494.9,9.76,494.7,9.63,483.6,10.47,481.8,10.13,486.2,10.45,0.0,0.0,237.55,11.57,239.89,11.49,237.15,11.6,-1.0,49.97
2026-10-06T07:50:01.441587+00:00,42.958,-39.79,21.19,61.558,69.4,2.0,563.0,26.5,5.5,0.0,84.71,2006.67,67561.01,74401.94,0.0,0.0,0.0,13.97,13.85,14.15,30.82,35.34,29.76,48.28,482.0,10.41,490.8,10.3,486.1,10.15,0.0,0.0,493.3,9.82,0.0,0.0,494.6,9.94,495.2,9.82,483.1,10.64,482.5,10.3,485.8,10.6,0.0,0.0,238.54,11.28,240.78,11.21,237.96,11.32,-1.0,50.09
2026-10-06T07:55:01.472335+00:00,43.322,-49.47,31.57,61.222,73.3,2.0,563.0,26.5,5.5,0.0,88.31,2010.27,67564.61,74405.54,0.0,0.0,0.0,14.26,14.18,14.51,30.82,35.34,29.76,48.28,481.4,10.55,490.4,10.46,486.3,10.29,0.0,0.0,493.1,9.96,0.0,0.0,494.1,10.09,494.5,9.97,483.9,10.75,481.5,10.45,484.4,10.75,0.0,0.0,237.87,10.89,240.54,10.8,237.69,10.91,-1.0,49.91
2026-10-06T08:00:01.405058+00:00,44.07,-50.05,34.15,59.97,77.1,2.0,742.0,26.9,6.5,0.0,91.98,2013.94,67568.28,74409.21,0.0,0.0,0.0,14.42,14.32,14.6,30.82,35.34,29.76,48.28,481.3,10.73,490.9,10.64,485.7,10.49,0.0,0.0,493.1,10.13,0.0,0.0,492.5,10.31,494.4,10.18,483.4,10.95,481.2,10.64,484.9,10.92,0.0,0.0,238.05,10.58,240.5,10.51,238.2,10.59,-1.0,50.07
2026-10-06T08:05:01.435225+00:00,44.674,-38.62,24.02,59.274,80.9,2.0,742.0,26.9,6.5,0.0,95.66,2017.62,67571.96,74412.89,0.0,0.0,0.0,14.69,14.57,14.86,30.82,35.35,29.77,48.29,479.8,10.83,490.5,10.72,485.1,10.57,0.0,0.0,493.9,10.21,0.0,0.0,492.9,10.4,496.0,10.25,483.9,11.03,479.2,10.76,484.8,10.99,0.0,0.0,238.31,9.29,241.55,9.19,238.35,9.3,-1.0,50.04
2026-10-06T08:10:01.480955+00:00,45.305,-34.09,20.29,59.105,84.7,2.0,742.0,26.9,6.5,0.0,99.43,2021.39,67575.73,74416.66,0.0,0.0,0.0,14.88,14.7,15.02,30.82,35.35,29.77,48.29,480.1,10.98,490.9,10.88,486.7,10.69,0.0,0.0,494.8,10.35,0.0,0.0,495.0,10.54,496.4,10.41,486.1,11.15,481.9,10.87,485.5,11.13,0.0,0.0,238.94,8.5,241.69,8.43,238.82,8.52,-1.0,50.07
2026-10-06T08:15:01.807718+00:00,45.736,-37.21,24.31,58.636,88.4,2.0,742.0,27.1,7.3,0.0,103.21,2025.17,67579.51,74420.44,0.0,0.0,0.0,15.08,14.98,15.24,30.82,35.35,29.77,48.29,479.4,11.12,490.9,11.0,485.7,10.82,0.0,0.0,494.8,10.46,0.0,0.0,494.0,10.7,496.5,10.56,486.1,11.25,481.3,11.0,485.3,11.23,0.0,0.0,239.37,8.15,241.55,8.1,238.71,8.18,-1.0,50.08
2026-10-06T08:20:01.708404+00:00,46.655,-30.03,28.73,47.955,91.8,2.0,742.0,27.1,7.3,0.0,107.06,2029.02,67583.36,74424.29,0.0,0.0,0.0,15.25,15.14,15.4,30.82,35.35,29.77,48.29,479.2,11.25,490.3,11.15,485.0,10.96,0.0,0.0,495.2,10.57,0.0,0.0,492.5,10.84,496.5,10.69,485.1,11.37,481.7,11.11,485.0,11.34,0.0,0.0,239.0,7.78,241.02,7.74,238.22,7.82,-0.999,50.01
2026-10-06T08:25:01.522969+00:00,47.251,-17.58,25.68,39.151,94.5,2.0,742.0,27.1,7.3,0.0,110.94,2032.9,67587.24,74428.17,0.0,0.0,0.0,15.59,15.36,15.69,30.82,35.35,29.77,48.3,479.0,11.36,489.8,11.28,486.2,11.05,0.0,0.0,495.4,10.67,0.0,0.0,494.0,10.94,496.7,10.81,485.1,11.48,479.6,11.27,485.3,11.44,0.0,0.0,238.77,2.44,241.31,2.43,238.28,2.45,1.0,49.93
2026-10-06T08:30:01.557358+00:00,47.747,-14.21,26.61,35.347,96.9,3.0,742.0,27.2,8.3,0.0,114.83,2036.79,67591.13,74432.06,0.0,0.0,0.0,15.74,15.62,15.94,30.82,35.36,29.77,48.3,478.8,11.47,489.1,11.39,484.3,11.18,0.0,0.0,492.6,10.78,0.0,0.0,491.5,11.09,494.8,10.92,484.1,11.55,479.6,11.37,483.9,11.52,0.0,0.0,239.07,2.05,241.35,2.04,238.37,2.07,0.999,49.9
2026-10-06T08:35:01.374427+00:00,48.216,8.95,30.95,8.316,98.9,3.0,742.0,27.2,8.3,0.0,118.8,2040.76,67595.1,74436.03,0.0,0.0,0.0,16.0,15.72,16.02,30.82,35.36,29.77,48.3,477.6,11.59,490.9,11.48,485.9,11.28,0.0,0.0,491.3,10.89,0.0,0.0,491.7,11.19,493.6,11.02,482.8,11.65,479.4,11.48,482.8,11.63,0.0,0.0,238.59,3.67,240.89,3.64,238.0,3.69,1.0,49.82
2026-10-06T08:40:01.310970+00:00,48.5,20.1,28.4,0.0,99.8,3.0,742.0,27.2,8.3,0.0,122.78,2044.74,67599.08,74440.01,0.0,0.0,0.0,16.08,15.86,16.2,30.82,35.36,29.78,48.3,477.6,11.68,490.6,11.58,486.0,11.36,0.0,0.0,492.7,10.95,0.0,0.0,492.1,11.28,494.1,11.1,483.9,11.7,479.6,11.56,482.8,11.7,0.0,0.0,239.4,18.48,242.08,18.34,239.64,18.5,1.0,49.95
2026-10-06T08:45:01.203075+00:00,49.1,20.97,28.13,0.0,100.0,4.0,742.0,27.4,8.9,0.0,126.8,2048.76,67603.1,74444.03,0.0,0.0,0.0,16.17,15.97,16.28,30.82,35.36,29.78,48.31,478.9,11.75,491.0,11.66,485.1,11.45,0.0,0.0,491.5,11.06,0.0,0.0,492.6,11.38,494.1,11.21,481.8,11.82,479.2,11.67,482.5,11.77,0.0,0.0,239.82,24.14,242.16,22.08,239.04,21.64,1.0,49.85
2026-10-06T08:50:01.845500+00:00,49.3,23.66,25.64,0.0,100.0,4.0,742.0,27.4,8.9,0.0,130.84,2052.8,67607.14,74448.07,0.0,0.0,0.0,16.36,16.19,16.48,30.82,35.36,29.78,48.31,478.1,11.88,490.3,11.79,484.9,11.56,0.0,0.0,492.5,11.15,0.0,0.0,491.6,11.52,494.9,11.32,483.7,11.89,478.9,11.77,484.2,11.83,0.0,0.0,239.9,23.37,241.64,22.92,239.16,22.35,1.0,49.87
2026-10-06T08:55:02.074099+00:00,49.3,26.48,22.82,0.0,100.0,4.0,742.0,27.4,8.9,0.0,134.94,2056.9,67611.24,74452.17,0.0,0.0,0.0,16.47,16.28,16.52,30.82,35.36,29.78,48.31,478.1,12.0,490.4,11.9,483.8,11.7,0.0,0.0,491.7,11.27,0.0,0.0,491.3,11.65,494.1,11.47,483.1,11.98,478.9,11.9,482.2,11.96,0.0,0.0,240.37,25.22,242.19,22.08,239.02,21.68,1.0,49.86
2026-10-06T09:00:01.877220+00:00,49.3,25.86,23.44,0.0,100.0,7.0,866.0,27.5,9.3,0.0,139.06,2061.02,67615.36,74456.29,0.0,0.0,0.0,16.5,16.28,16.51,30.82,35.37,29.78,48.32,477.2,12.08,489.8,11.96,483.8,11.75,0.0,0.0,489.2,11.35,0.0,0.0,490.7,11.72,492.6,11.55,480.7,12.05,478.5,11.96,481.6,11.99,0.0,0.0,241.49,24.73,243.61,22.25,240.37,21.76,1.0,50.16
2026-10-06T09:05:01.173050+00:00,49.6,28.45,21.15,0.0,100.0,7.0,866.0,27.5,9.3,0.0,143.16,2065.12,67619.46,74460.39,0.0,0.0,0.0,16.46,16.27,16.5,30.82,35.37,29.78,48.32,477.2,12.04,489.1,11.95,482.3,11.76,0.0,0.0,490.0,11.32,0.0,0.0,489.8,11.72,491.0,11.55,479.1,12.02,477.4,11.96,480.5,11.97,0.0,0.0,239.99,23.74,242.43,22.89,239.31,22.35,1.0,49.89
2026-10-06T09:10:01.686588+00:00,50.2,22.9,27.3,0.0,100.0,7.0,866.0,27.5,9.3,0.0,147.25,2069.21,67623.55,74464.48,0.0,0.0,0.0,16.56,16.4,16.57,30.82,35.37,29.79,48.32,476.9,12.04,487.1,12.0,482.4,11.76,0.0,0.0,488.9,11.36,0.0,0.0,489.1,11.76,490.2,11.6,479.2,12.01,476.7,11.99,480.5,11.97,0.0,0.0,240.61,25.27,242.29,22.3,239.43,21.74,1.0,49.96
2026-10-06T09:15:01.236033+00:00,50.3,20.04,30.26,0.0,100.0,12.0,866.0,27.8,9.4,0.0,151.4,2073.36,67627.7,74468.63,0.0,0.0,0.0,16.76,16.58,16.76,30.82,35.37,29.79,48.32,476.3,12.21,487.6,12.15,482.8,11.91,0.0,0.0,488.8,11.5,0.0,0.0,489.0,11.92,489.2,11.75,480.0,12.12,478.0,12.1,480.5,12.09,0.0,0.0,240.38,23.39,242.79,23.24,239.56,23.52,1.0,50.08
2026-10-06T09:20:02.019418+00:00,50.6,22.07,28.53,0.0,100.0,12.0,866.0,27.8,9.4,0.0,155.6,2077.56,67631.9,74472.83,0.0,0.0,0.0,16.84,16.65,16.79,30.82,35.37,29.79,48.33,476.4,12.29,488.5,12.23,483.1,12.01,0.0,0.0,488.3,11.55,0.0,0.0,489.7,12.02,490.8,11.83,479.9,12.22,476.9,12.22,479.8,12.18,0.0,0.0,239.99,23.57,242.74,23.39,239.51,23.53,1.0,50.11
2026-10-06T09:25:02.154607+00:00,50.7,17.0,33.7,0.0,100.0,12.0,866.0,27.8,9.4,0.0,159.81,2081.77,67636.11,74477.04,0.0,0.0,0.0,16.92,16.78,16.87,30.82,35.38,29.79,48.33,474.9,12.37,487.5,12.31,482.8,12.07,0.0,0.0,488.7,11.6,0.0,0.0,490.0,12.1,490.4,11.92,480.2,12.24,477.7,12.25,480.2,12.21,0.0,0.0,240.41,27.07,242.41,22.06,239.5,21.66,1.0,50.05
2026-10-06T09:30:01.285987+00:00,50.8,21.64,29.16,0.0,100.0,19.0,866.0,28.0,9.2,0.0,164.01,2085.97,67640.31,74481.24,0.0,0.0,0.0,16.94,16.82,16.89,30.82,35.38,29.79,48.33,475.6,12.42,488.7,12.34,483.2,12.11,0.0,0.0,488.3,11.67,0.0,0.0,489.7,12.16,490.7,11.97,480.4,12.28,477.6,12.32,480.1,12.24,0.0,0.0,240.1,27.26,242.49,22.05,239.42,21.69,1.0,50.11
2026-10-06T09:35:01.344348+00:00,50.8,22.07,28.73,0.0,100.0,19.0,866.0,28.0,9.2,0.0,168.24,2090.2,67644.54,74485.47,0.0,0.0,0.0,17.0,16.87,16.92,30.82,35.38,29.79,48.33,476.7,12.44,487.9,12.38,483.2,12.13,0.0,0.0,486.7,11.7,0.0,0.0,489.8,12.19,490.6,12.03,480.8,12.28,478.0,12.35,477.7,12.29,0.0,0.0,239.95,25.93,241.95,22.91,238.69,22.47,1.0,49.93
2026-10-06T09:40:02.061849+00:00,50.8,24.96,25.84,0.0,100.0,19.0,866.0,28.0,9.2,0.0,172.49,2094.45,67648.79,74489.72,0.0,0.0,0.0,17.04,16.9,16.95,30.82,35.38,29.8,48.34,477.2,12.43,487.7,12.4,483.2,12.14,0.0,0.0,486.2,11.71,0.0,0.0,490.0,12.22,491.4,12.03,481.6,12.27,478.4,12.36,479.0,12.26,0.0,0.0,239.25,24.24,242.14,24.04,238.87,23.25,1.0,49.92
2026-10-06T09:45:01.367988+00:00,50.5,30.46,20.04,0.0,100.0,26.0,866.0,28.3,9.0,0.0,176.72,2098.68,67653.02,74493.95,0.0,0.0,0.0,17.0,16.85,16.89,30.83,35.38,29.8,48.34,476.7,12.47,488.1,12.38,482.5,12.17,0.0,0.0,485.4,11.71,0.0,0.0,490.1,12.23,490.9,12.06,480.9,12.29,478.1,12.38,478.3,12.26,0.0,0.0,239.21,24.14,241.95,23.95,238.8,23.22,1.0,49.9
2026-10-06T09:50:01.519341+00:00,50.6,32.24,18.36,0.0,100.0,26.0,866.0,28.3,9.0,0.0,180.94,2102.9,67657.24,74498.17,0.0,0.0,0.0,16.92,16.83,16.8,30.83,35.39,29.8,48.34,475.8,12.44,486.9,12.36,481.9,12.13,0.0,0.0,484.5,11.69,0.0,0.0,488.9,12.25,490.4,12.06,480.1,12.25,477.0,12.35,477.4,12.23,0.0,0.0,240.24,25.66,241.93,22.81,238.79,22.46,1.0,49.93
2026-10-06T09:55:01.776902+00:00,50.7,30.94,19.76,0.0,100.0,26.0,866.0,28.3,9.0,0.0,185.15,2107.11,67661.45,74502.38,0.0,0.0,0.0,16.96,16.85,16.82,30.83,35.39,29.8,48.35,475.7,12.43,486.9,12.36,482.0,12.12,0.0,0.0,484.3,11.69,0.0,0.0,488.0,12.25,489.8,12.07,479.0,12.24,476.1,12.37,477.5,12.2,0.0,0.0,240.15,27.39,241.31,22.07,238.33,21.84,1.0,49.85
2026-10-06T10:00:01.717990+00:00,50.9,32.72,18.18,0.0,100.0,31.0,847.0,28.5,9.0,0.0,189.38,2111.34,67665.68,74506.61,0.0,0.0,0.0,17.02,16.88,16.84,30.83,35.39,29.8,48.35,476.3,12.46,487.3,12.39,482.6,12.15,0.0,0.0,483.9,11.7,0.0,0.0,486.6,12.29,489.6,12.1,478.8,12.22,477.7,12.36,477.6,12.2,0.0,0.0,241.18,27.34,242.47,22.04,239.24,21.79,1.0,50.12
2026-10-06T10:05:01.690848+00:00,50.3,26.6,23.7,0.0,100.0,31.0,847.0,28.5,9.0,0.0,193.62,2115.58,67669.92,74510.85,0.0,0.0,0.0,17.04,16.99,16.91,30.83,35.39,29.8,48.35,475.7,12.48,486.7,12.43,482.6,12.2,0.0,0.0,483.6,11.75,0.0,0.0,488.1,12.33,490.5,12.17,480.2,12.24,478.0,12.4,479.0,12.22,0.0,0.0,241.19,27.53,241.86,22.06,238.8,21.8,1.0,50.05
2026-10-06T10:10:01.765911+00:00,50.0,24.32,25.68,0.0,100.0,31.0,847.0,28.5,9.0,0.0,197.84,2119.8,67674.14,74515.07,0.0,0.0,0.0,16.84,16.84,16.71,30.83,35.39,29.81,48.35,475.1,12.49,486.6,12.41,482.1,12.17,0.0,0.0,484.1,11.73,0.0,0.0,489.8,12.33,491.4,12.17,480.8,12.23,476.1,12.42,480.1,12.18,0.0,0.0,240.91,26.34,242.71,22.13,239.2,21.96,1.0,50.01
2026-10-06T10:15:01.667304+00:00,50.2,22.24,27.96,0.0,100.0,32.0,847.0,28.7,9.6,0.0,202.03,2123.99,67678.33,74519.26,0.0,0.0,0.0,16.72,16.74,16.59,30.83,35.4,29.81,48.36,477.0,12.3,486.6,12.27,482.2,12.02,0.0,0.0,483.7,11.6,0.0,0.0,488.8,12.22,491.8,12.05,481.9,12.03,476.9,12.27,478.7,12.04,0.0,0.0,240.51,26.27,242.51,21.95,238.84,21.82,1.0,49.95
2026-10-06T10:20:01.423836+00:00,50.1,33.56,16.54,0.0,100.0,32.0,847.0,28.7,9.6,0.0,206.23,2128.19,67682.53,74523.46,0.0,0.0,0.0,16.83,16.78,16.63,30.83,35.4,29.81,48.36,476.7,12.33,487.4,12.26,482.8,12.01,0.0,0.0,483.3,11.59,0.0,0.0,486.4,12.24,490.2,12.06,479.7,12.03,477.6,12.26,477.5,12.02,0.0,0.0,240.15,23.5,243.01,23.31,239.04,23.65,1.0,50.08
2026-10-06T10:25:01.789151+00:00,49.0,29.02,19.98,0.0,100.0,32.0,847.0,28.7,9.6,0.0,210.39,2132.35,67686.69,74527.62,0.0,0.0,0.0,16.68,16.82,16.58,30.83,35.4,29.81,48.36,476.6,12.28,487.2,12.24,482.8,11.96,0.0,0.0,489.0,11.56,0.0,0.0,489.2,12.21,488.8,12.04,479.1,12.01,477.1,12.22,481.1,11.97,0.0,0.0,241.12,28.91,242.42,20.61,239.19,20.2,1.0,50.08
2026-10-06T10:30:01.337779+00:00,49.1,25.31,23.79,0.0,100.0,31.0,847.0,28.7,10.1,0.0,214.52,2136.48,67690.82,74531.75,0.0,0.0,0.0,16.3,16.47,16.25,30.83,35.4,29.81,48.36,475.2,12.08,487.2,12.01,482.0,11.75,0.0,0.0,493.7,11.34,0.0,0.0,492.7,11.99,489.2,11.83,482.9,11.75,476.6,11.98,485.3,11.74,0.0,0.0,240.63,22.7,242.68,22.58,239.69,22.84,1.0,50.05
2026-10-06T10:35:01.495412+00:00,48.9,26.5,22.4,0.0,100.0,31.0,847.0,28.7,10.1,0.0,218.59,2140.55,67694.89,74535.82,0.0,0.0,0.0,16.38,16.48,16.24,30.83,35.4,29.81,48.37,476.4,11.98,487.9,11.9,483.3,11.63,0.0,0.0,493.3,11.26,0.0,0.0,490.9,11.94,489.6,11.74,483.9,11.63,478.4,11.87,484.5,11.65,0.0,0.0,239.32,23.43,241.71,22.85,238.97,22.51,1.0,49.86
2026-10-06T10:40:02.018923+00:00,48.7,25.3,23.4,0.0,100.0,31.0,847.0,28.7,10.1,0.0,222.7,2144.66,67699.0,74539.93,0.0,0.0,0.0,16.34,16.43,16.19,30.83,35.41,29.82,48.37,477.2,12.02,486.4,11.96,483.6,11.67,0.0,0.0,492.4,11.31,0.0,0.0,490.8,11.95,488.6,11.81,481.8,11.68,478.0,11.94,484.2,11.66,0.0,0.0,239.9,24.78,241.46,22.06,238.76,21.74,1.0,49.88
2026-10-06T10:45:01.196794+00:00,47.9,26.27,21.63,0.0,100.0,29.0,847.0,28.8,10.9,0.0,226.76,2148.72,67703.06,74543.99,0.0,0.0,0.0,16.29,16.34,16.1,30.83,35.41,29.82,48.37,477.7,11.9,487.8,11.83,484.4,11.55,0.0,0.0,492.4,11.2,0.0,0.0,487.9,11.9,487.3,11.68,481.0,11.56,478.7,11.82,484.6,11.53,0.0,0.0,239.48,22.8,241.51,22.69,239.19,22.88,1.0,50.0
2026-10-06T10:50:02.046853+00:00,47.9,26.65,21.25,0.0,100.0,29.0,847.0,28.8,10.9,0.0,230.76,2152.72,67707.06,74547.99,0.0,0.0,0.0,15.99,16.09,15.83,30.83,35.41,29.82,48.37,477.1,11.82,487.4,11.75,483.3,11.49,0.0,0.0,490.4,11.11,0.0,0.0,487.5,11.79,486.2,11.62,480.1,11.45,478.4,11.74,482.8,11.42,0.0,0.0,239.28,22.41,241.06,22.32,238.44,22.54,1.0,49.84
2026-10-06T10:55:01.725786+00:00,47.5,26.12,21.38,0.0,100.0,29.0,847.0,28.8,10.9,0.0,234.75,2156.71,67711.05,74551.98,0.0,0.0,0.0,15.96,16.16,15.8,30.83,35.41,29.82,48.38,476.5,11.74,486.6,11.68,482.8,11.4,0.0,0.0,490.2,11.06,0.0,0.0,487.7,11.75,486.4,11.58,480.3,11.39,478.0,11.65,482.8,11.35,0.0,0.0,239.73,23.37,242.13,21.94,238.81,21.74,1.0,50.0
2026-10-06T11:00:01.638285+00:00,47.0,29.61,17.39,0.0,100.0,29.0,782.0,28.8,11.3,0.0,238.74,2160.7,67715.04,74555.97,0.0,0.0,0.0,15.84,16.01,15.66,30.83,35.41,29.82,48.38,476.3,11.65,488.7,11.56,484.4,11.3,0.0,0.0,492.2,10.98,0.0,0.0,492.3,11.67,489.2,11.5,484.1,11.26,477.4,11.57,485.9,11.24,0.0,0.0,239.48,22.82,241.79,21.98,239.27,21.66,1.0,50.07
2026-10-06T11:05:01.895517+00:00,47.2,25.17,22.03,0.0,100.0,29.0,782.0,28.8,11.3,0.0,242.65,2164.61,67718.95,74559.88,0.0,0.0,0.0,15.62,15.87,15.48,30.83,35.42,29.82,48.38,476.4,11.53,487.6,11.44,482.5,11.21,0.0,0.0,491.7,10.86,0.0,0.0,490.8,11.55,486.2,11.42,484.2,11.1,477.2,11.44,484.6,11.11,0.0,0.0,240.65,21.97,242.25,21.9,239.34,21.53,1.0,50.03
2026-10-06T11:10:01.597261+00:00,46.8,25.18,21.62,0.0,100.0,29.0,782.0,28.8,11.3,0.0,246.6,2168.56,67722.9,74563.83,0.0,0.0,0.0,15.68,16.0,15.52,30.83,35.42,29.83,48.38,479.0,11.53,487.4,11.42,482.1,11.2,0.0,0.0,495.4,10.82,0.0,0.0,494.8,11.58,491.0,11.41,485.9,11.11,478.5,11.43,487.4,11.09,0.0,0.0,239.64,21.94,241.48,21.85,238.87,22.06,1.0,49.89
2026-10-06T11:15:02.038368+00:00,46.4,22.0,24.4,0.0,100.0,31.0,782.0,28.9,11.5,0.0,250.5,2172.46,67726.8,74567.73,0.0,0.0,0.0,15.52,15.86,15.4,30.84,35.42,29.83,48.39,480.5,11.38,486.8,11.31,483.3,11.05,0.0,0.0,497.9,10.69,0.0,0.0,498.0,11.42,493.9,11.25,488.0,10.96,481.0,11.27,489.7,10.94,0.0,0.0,239.65,21.89,242.1,21.74,239.42,21.44,1.0,50.06
2026-10-06T11:20:01.999867+00:00,45.1,23.47,21.63,0.0,100.0,31.0,782.0,28.9,11.5,0.0,254.37,2176.33,67730.67,74571.6,0.0,0.0,0.0,15.42,15.75,15.27,30.84,35.42,29.83,48.39,480.7,11.27,488.9,11.2,484.6,10.96,0.0,0.0,498.0,10.61,0.0,0.0,498.9,11.32,494.0,11.17,489.8,10.82,481.1,11.19,492.1,10.79,0.0,0.0,239.36,21.59,241.42,21.48,238.59,21.7,1.0,49.9
2026-10-06T11:25:01.886366+00:00,44.8,27.54,17.26,0.0,100.0,31.0,782.0,28.9,11.5,0.0,258.2,2180.16,67734.5,74575.43,0.0,0.0,0.0,14.99,15.31,14.82,30.84,35.42,29.83,48.39,481.6,11.1,490.6,11.01,486.3,10.78,0.0,0.0,496.7,10.45,0.0,0.0,498.8,11.17,494.0,11.03,490.1,10.63,482.8,11.01,491.6,10.61,0.0,0.0,239.54,21.0,241.92,20.86,238.99,21.08,1.0,50.01
2026-10-06T11:30:01.525878+00:00,44.2,16.66,27.54,0.0,100.0,33.0,782.0,29.0,11.6,0.0,261.95,2183.91,67738.25,74579.18,0.0,0.0,0.0,14.9,15.18,14.69,30.84,35.43,29.83,48.39,482.2,10.92,490.2,10.85,486.3,10.61,0.0,0.0,496.1,10.29,0.0,0.0,496.3,11.03,493.4,10.87,489.7,10.44,482.2,10.85,489.8,10.45,0.0,0.0,239.83,20.84,241.62,20.75,239.26,20.92,1.0,50.15
2026-10-06T11:35:01.959837+00:00,43.7,20.62,23.08,0.0,100.0,33.0,782.0,29.0,11.6,0.0,265.7,2187.66,67742.0,74582.93,0.0,0.0,0.0,14.74,15.01,14.51,30.84,35.43,29.83,48.4,481.7,10.84,489.1,10.77,484.6,10.55,0.0,0.0,495.2,10.22,0.0,0.0,494.6,10.97,491.8,10.83,488.1,10.37,482.0,10.77,489.7,10.36,0.0,0.0,239.25,20.66,241.44,20.54,238.72,20.74,1.0,50.07
2026-10-06T11:40:01.289940+00:00,43.1,23.11,19.99,0.0,100.0,33.0,782.0,29.0,11.6,0.0,269.32,2191.28,67745.62,74586.55,0.0,0.0,0.0,14.55,14.8,14.28,30.84,35.43,29.83,48.4,483.0,10.58,488.2,10.55,485.3,10.29,0.0,0.0,494.3,10.0,0.0,0.0,493.9,10.74,491.1,10.6,487.4,10.13,481.5,10.54,488.6,10.12,0.0,0.0,238.67,20.45,240.86,20.33,238.0,20.55,1.0,49.84
2026-10-06T11:45:01.240865+00:00,42.6,20.46,22.14,0.0,100.0,36.0,782.0,29.0,11.6,0.0,272.92,2194.88,67749.22,74590.15,0.0,0.0,0.0,14.38,14.61,14.05,30.84,35.43,29.84,48.4,480.8,10.55,489.1,10.48,485.7,10.25,0.0,0.0,492.5,9.94,0.0,0.0,492.7,10.7,489.8,10.56,486.1,10.06,482.4,10.46,487.2,10.03,0.0,0.0,238.11,20.25,240.61,20.11,237.63,20.34,1.0,49.9
2026-10-06T11:50:01.186878+00:00,41.6,19.66,21.94,0.0,100.0,36.0,782.0,29.0,11.6,0.0,276.49,2198.45,67752.79,74593.72,0.0,0.0,0.0,14.22,14.5,13.92,30.84,35.43,29.84,48.4,481.3,10.37,490.3,10.32,485.1,10.12,0.0,0.0,493.0,9.79,0.0,0.0,490.7,10.59,490.3,10.41,486.1,9.89,482.4,10.3,485.6,9.9,0.0,0.0,239.09,19.97,240.87,19.89,237.97,20.11,1.0,50.06
2026-10-06T11:55:01.532744+00:00,41.0,27.69,13.31,0.0,100.0,36.0,782.0,29.0,11.6,0.0,279.98,2201.94,67756.28,74597.21,0.0,0.0,0.0,13.85,14.16,13.56,30.84,35.43,29.84,48.41,480.3,10.23,489.1,10.17,485.3,9.95,0.0,0.0,493.2,9.67,0.0,0.0,493.9,10.39,489.7,10.28,486.0,9.75,481.8,10.15,488.4,9.7,0.0,0.0,238.53,19.47,240.2,19.4,237.21,19.62,1.0,49.88
2026-10-06T12:00:01.916348+00:00,40.2,18.77,21.43,0.0,100.0,36.0,667.0,29.0,11.1,0.0,283.41,2205.37,67759.71,74600.64,0.0,0.0,0.0,13.63,13.99,13.38,30.84,35.44,29.84,48.41,482.3,9.99,491.1,9.94,487.4,9.73,0.0,0.0,494.2,9.47,0.0,0.0,494.2,10.21,490.5,10.09,487.9,9.51,482.3,9.95,488.9,9.5,0.0,0.0,238.79,19.16,240.17,19.11,237.26,19.32,1.0,49.98
2026-10-06T12:05:01.740358+00:00,39.9,24.68,15.22,0.0,100.0,36.0,667.0,29.0,11.1,0.0,286.82,2208.78,67763.12,74604.05,0.0,0.0,0.0,13.35,13.72,13.06,30.84,35.44,29.84,48.41,483.0,9.85,489.8,9.82,486.2,9.61,0.0,0.0,495.8,9.34,0.0,0.0,496.2,10.08,492.4,9.95,489.7,9.35,482.5,9.82,491.0,9.34,0.0,0.0,238.2,18.85,240.2,18.75,237.65,18.94,1.0,50.04
2026-10-06T12:10:01.936621+00:00,39.4,18.92,20.48,0.0,100.0,36.0,667.0,29.0,11.1,0.0,290.14,2212.1,67766.44,74607.37,0.0,0.0,0.0,13.28,13.67,13.03,30.84,35.44,29.84,48.41,482.1,9.67,489.8,9.63,486.3,9.42,0.0,0.0,495.8,9.16,0.0,0.0,495.7,9.91,491.6,9.78,489.2,9.19,482.1,9.63,490.8,9.16,0.0,0.0,238.35,18.7,240.06,18.63,237.35,18.81,1.0,49.98
2026-10-06T12:15:01.723482+00:00,38.9,21.57,17.33,0.0,100.0,33.0,667.0,29.0,10.3,0.0,293.45,2215.41,67769.75,74610.68,0.0,0.0,0.0,13.06,13.46,12.78,30.84,35.44,29.84,48.42,481.2,9.63,490.3,9.56,486.3,9.36,0.0,0.0,494.9,9.13,0.0,0.0,494.8,9.88,491.3,9.74,490.4,9.11,481.7,9.58,492.5,9.08,0.0,0.0,237.68,18.43,239.61,18.35,236.74,18.54,1.0,49.91
2026-10-06T12:20:01.402930+00:00,37.9,21.34,16.56,0.0,100.0,33.0,667.0,29.0,10.3,0.0,296.72,2218.68,67773.02,74613.95,0.0,0.0,0.0,12.95,13.35,12.64,30.84,35.44,29.85,48.42,482.1,9.47,490.0,9.44,485.7,9.24,0.0,0.0,496.9,8.98,0.0,0.0,496.1,9.72,492.0,9.6,490.6,8.95,482.4,9.42,491.7,8.94,0.0,0.0,237.01,18.33,239.49,18.2,236.52,18.4,1.0,49.82
2026-10-06T12:25:01.357687+00:00,36.8,17.47,19.33,0.0,100.0,31.0,667.0,29.0,10.3,0.0,299.9,2221.86,67776.2,74617.13,0.0,0.0,0.0,12.57,13.0,12.26,30.84,35.44,29.85,48.42,482.9,9.26,491.3,9.21,487.4,9.01,0.0,0.0,496.7,8.78,0.0,0.0,495.8,9.53,492.4,9.4,490.4,8.73,483.2,9.21,493.1,8.69,0.0,0.0,238.35,17.69,240.59,17.59,237.8,17.77,1.0,50.09
2026-10-06T12:30:01.707200+00:00,35.6,11.42,24.18,0.0,100.0,28.0,717.0,28.8,9.0,0.0,303.02,2224.98,67779.32,74620.25,0.0,0.0,0.0,12.23,12.65,11.9,30.84,35.44,29.85,48.42,484.6,9.03,492.5,8.97,487.5,8.8,0.0,0.0,498.3,8.56,0.0,0.0,498.8,9.3,494.7,9.19,492.6,8.48,484.8,8.98,494.3,8.46,0.0,0.0,237.11,17.32,239.01,17.24,236.46,17.4,1.0,49.89
2026-10-06T12:35:01.932574+00:00,34.9,14.74,20.16,0.0,100.0,28.0,717.0,28.8,11.1,0.0,306.03,2227.99,67782.33,74623.26,0.0,0.0,0.0,11.82,12.25,11.51,30.84,35.45,29.85,48.42,486.8,8.7,492.7,8.67,487.4,8.51,0.0,0.0,501.3,8.25,0.0,0.0,499.4,9.01,495.0,8.89,494.5,8.16,485.7,8.67,496.1,8.16,0.0,0.0,237.61,16.7,239.73,16.61,236.75,16.79,1.0,50.14
2026-10-06T12:40:02.009597+00:00,33.8,7.82,25.98,0.0,100.0,28.0,717.0,28.8,11.1,0.0,308.95,2230.91,67785.25,74626.18,0.0,0.0,0.0,11.58,12.03,11.25,30.85,35.45,29.85,48.43,487.6,8.4,494.4,8.35,490.6,8.18,0.0,0.0,502.7,7.96,0.0,0.0,501.5,8.69,496.2,8.6,495.6,7.86,486.8,8.37,497.9,7.85,0.0,0.0,237.59,16.35,239.5,16.27,236.68,16.43,1.0,50.05
2026-10-06T12:45:01.161087+00:00,33.2,10.12,23.08,0.0,100.0,23.0,717.0,28.6,11.1,0.0,311.83,2233.79,67788.13,74629.06,0.0,0.0,0.0,11.24,11.65,10.89,30.85,35.45,29.85,48.43,488.3,8.28,497.1,8.21,492.0,8.07,0.0,0.0,503.2,7.83,0.0,0.0,502.8,8.56,498.0,8.47,497.2,7.71,488.3,8.24,498.6,7.7,0.0,0.0,237.32,15.91,239.49,15.82,236.69,15.98,1.0,50.13
2026-10-06T12:50:01.165229+00:00,32.3,9.51,22.79,0.0,100.0,23.0,717.0,28.6,11.1,0.0,314.61,2236.57,67790.91,74631.84,0.0,0.0,0.0,11.05,11.51,10.71,30.85,35.45,29.85,48.43,489.6,8.02,497.7,7.96,493.8,7.79,0.0,0.0,503.0,7.61,0.0,0.0,504.2,8.3,499.2,8.22,497.7,7.46,490.7,7.97,500.7,7.43,0.0,0.0,236.2,15.7,238.49,15.6,235.92,15.75,1.0,49.83
2026-10-06T12:55:01.741734+00:00,31.7,12.89,18.81,0.0,100.0,23.0,717.0,28.6,11.1,0.0,317.32,2239.28,67793.62,74634.55,0.0,0.0,0.0,10.68,11.18,10.35,30.85,35.45,29.85,48.43,489.4,7.8,498.9,7.71,493.9,7.57,0.0,0.0,503.7,7.4,0.0,0.0,504.8,8.11,499.9,8.02,499.3,7.23,491.4,7.73,500.3,7.23,0.0,0.0,235.62,15.21,238.07,15.1,235.09,15.27,1.0,49.83
2026-10-06T13:00:01.808984+00:00,31.2,11.53,19.67,0.0,100.0,21.0,590.0,28.5,10.8,0.0,319.98,2241.94,67796.28,74637.21,0.0,0.0,0.0,10.55,11.02,10.17,30.85,35.45,29.85,48.43,491.1,7.62,499.7,7.53,494.9,7.41,0.0,0.0,502.2,7.26,0.0,0.0,504.6,7.94,499.8,7.87,499.4,7.05,493.3,7.56,500.6,7.05,0.0,0.0,237.18,14.93,238.97,14.87,236.35,15.01,1.0,49.97
2026-10-06T13:05:01.241761+00:00,15.6,-2.14,17.74,0.0,100.0,21.0,590.0,28.5,10.8,0.0,322.6,2244.56,67798.9,74639.83,0.0,0.0,0.0,10.35,10.8,9.97,30.85,35.45,29.86,48.43,494.0,7.52,501.5,7.44,497.2,7.32,0.0,0.0,506.4,7.14,0.0,0.0,503.6,7.87,499.9,7.8,499.9,6.95,494.7,7.47,500.9,6.95,0.0,0.0,237.04,14.66,239.2,14.58,236.19,14.74,0.998,50.04
2026-10-06T13:10:01.849591+00:00,27.4,9.31,18.09,0.0,100.0,21.0,590.0,28.5,10.8,0.0,325.05,2247.01,67801.35,74642.28,0.0,0.0,0.0,4.79,5.8,5.02,30.85,35.46,29.86,48.44,496.1,7.07,503.5,7.01,498.1,6.89,0.0,0.0,509.3,6.59,0.0,0.0,504.4,7.33,501.7,7.28,498.4,6.46,496.5,6.98,506.4,6.37,0.0,0.0,236.64,14.03,237.35,3.46,234.26,2.79,1.0,49.9
2026-10-06T13:15:01.189111+00:00,27.7,2.88,24.82,0.0,100.0,22.0,590.0,28.4,9.7,0.0,326.9,2248.86,67803.2,74644.13,0.0,0.0,0.0,9.14,9.49,8.64,30.85,35.46,29.86,48.44,495.0,5.35,508.4,5.23,507.6,5.11,0.0,0.0,501.9,5.13,0.0,0.0,505.8,5.64,500.5,5.61,501.4,4.96,504.4,5.25,502.3,4.95,0.0,0.0,238.26,19.6,237.88,9.62,235.88,9.68,1.0,49.85
2026-10-06T13:20:01.507864+00:00,26.5,1.99,24.51,0.0,100.0,22.0,590.0,28.4,9.7,0.0,329.19,2251.15,67805.49,74646.42,0.0,0.0,0.0,9.24,9.7,8.82,30.85,35.46,29.86,48.44,503.0,6.49,510.4,6.41,507.3,6.28,0.0,0.0,509.9,6.24,0.0,0.0,512.4,6.87,508.6,6.8,507.0,5.99,502.6,6.44,506.1,6.0,0.0,0.0,238.15,28.63,236.89,5.25,234.9,5.29,0.999,49.88
2026-10-06T13:25:01.789536+00:00,24.5,3.28,21.22,0.0,100.0,22.0,590.0,28.4,9.7,0.0,331.46,2253.42,67807.76,74648.69,0.0,0.0,0.0,8.76,9.24,8.38,30.85,35.46,29.86,48.44,503.8,6.5,511.6,6.42,507.0,6.31,0.0,0.0,509.6,6.21,0.0,0.0,513.0,6.85,510.3,6.78,506.2,5.97,503.7,6.45,507.6,5.95,0.0,0.0,238.33,24.04,237.86,6.58,235.29,6.64,1.0,50.11
2026-10-06T13:30:01.633276+00:00,16.9,-10.23,27.13,0.0,100.0,24.0,590.0,28.4,8.2,0.0,333.56,2255.52,67809.86,74650.79,0.0,0.0,0.0,8.16,8.57,7.73,30.85,35.46,29.86,48.44,505.1,6.01,511.6,5.95,507.4,5.85,0.0,0.0,509.9,5.76,0.0,0.0,513.4,6.37,509.8,6.32,507.9,5.5,506.1,5.96,508.0,5.51,0.0,0.0,237.43,20.43,236.71,7.16,234.29,7.22,1.0,49.95
2026-10-06T13:35:01.505605+00:00,22.1,-6.22,28.32,0.0,100.0,24.0,590.0,28.4,8.2,0.0,335.51,2257.47,67811.81,74652.74,0.0,0.0,0.0,5.79,6.03,5.55,30.85,35.46,29.86,48.44,507.3,5.55,512.5,5.49,507.8,5.41,0.0,0.0,509.0,5.33,0.0,0.0,514.4,5.88,510.2,5.85,506.9,5.09,507.4,5.51,510.0,5.06,0.0,0.0,236.18,14.58,236.71,5.28,233.95,4.76,0.998,50.05
2026-10-06T13:40:01.736201+00:00,22.1,-7.99,30.09,0.0,100.0,24.0,590.0,28.4,8.2,0.0,337.31,2259.27,67813.61,74654.54,0.0,0.0,0.0,7.44,7.71,7.0,30.85,35.46,29.86,48.44,506.9,5.13,513.4,5.05,507.9,4.99,0.0,0.0,512.8,4.87,0.0,0.0,512.2,5.45,508.1,5.43,505.0,4.7,510.7,5.06,507.6,4.69,0.0,0.0,239.59,17.84,239.64,7.16,236.39,6.47,0.999,50.06
2026-10-06T13:45:01.226590+00:00,20.9,-2.84,23.74,0.0,100.0,27.0,590.0,28.3,6.6,0.0,339.11,2261.07,67815.41,74656.34,0.0,0.0,0.0,7.34,7.68,6.91,30.85,35.46,29.86,48.45,507.1,5.18,516.1,5.09,510.3,5.03,0.0,0.0,505.8,4.86,0.0,0.0,514.7,5.44,511.6,5.42,509.1,4.63,507.9,5.13,510.6,4.63,0.0,0.0,238.3,18.08,239.12,5.71,236.76,7.47,0.999,49.93
2026-10-06T13:50:01.367750+00:00,17.5,-7.89,25.39,0.0,100.0,27.0,590.0,28.3,6.6,0.0,340.73,2262.69,67817.03,74657.96,0.0,0.0,0.0,6.98,7.32,6.6,30.85,35.46,29.86,48.45,507.9,4.7,516.9,4.65,508.0,4.6,0.0,0.0,501.1,4.43,0.0,0.0,515.1,4.97,513.4,4.95,509.8,4.22,511.9,4.64,512.5,4.2,0.0,0.0,238.88,22.24,238.44,2.74,235.79,4.64,0.999,49.84
2026-10-06T13:55:01.815066+00:00,7.4,-15.87,23.27,0.0,100.0,27.0,590.0,28.3,6.6,0.0,342.39,2264.35,67818.69,74659.62,0.0,0.0,0.0,5.57,6.04,5.26,30.85,35.46,29.86,48.45,503.7,4.73,516.2,4.73,512.6,4.64,0.0,0.0,492.9,4.52,0.0,0.0,518.7,5.11,512.7,5.1,512.1,4.3,509.9,4.72,513.8,4.32,0.0,0.0,239.87,16.53,241.05,2.85,238.09,4.73,0.996,50.11
2026-10-06T14:00:01.670646+00:00,6.8,-17.72,24.52,0.0,100.0,27.0,427.0,28.3,5.3,0.0,343.34,2265.3,67819.64,74660.57,0.0,0.0,0.0,2.38,2.59,2.37,30.85,35.46,29.86,48.45,492.2,2.75,512.7,2.69,508.6,2.66,0.0,0.0,487.6,2.76,0.0,0.0,513.9,3.01,510.8,2.97,508.2,2.61,510.7,2.68,509.8,2.63,0.0,0.0,240.15,3.39,242.51,3.36,239.58,3.41,0.999,50.05
2026-10-06T14:05:01.570618+00:00,8.4,-10.56,18.96,0.0,100.0,27.0,427.0,28.3,5.3,0.0,344.0,2265.96,67820.3,74661.23,0.0,0.0,0.0,2.17,2.36,2.16,30.85,35.46,29.86,48.45,503.9,1.91,509.6,1.92,513.1,1.86,0.0,0.0,501.6,1.89,0.0,0.0,501.9,2.19,504.4,2.16,499.2,1.96,512.1,1.9,498.3,1.96,0.0,0.0,240.48,3.05,242.6,3.04,240.01,3.07,1.0,49.96
2026-10-06T14:10:02.137316+00:00,8.5,-20.98,29.48,0.0,100.0,27.0,427.0,28.3,5.3,0.0,344.6,2266.56,67820.9,74661.83,0.0,0.0,0.0,2.74,3.24,2.93,30.86,35.46,29.86,48.45,505.6,1.73,513.9,1.7,515.5,1.67,0.0,0.0,507.7,1.73,0.0,0.0,508.0,1.94,510.9,1.89,501.0,1.76,512.8,1.72,498.5,1.8,0.0,0.0,239.68,4.48,242.17,2.14,239.87,4.48,0.998,50.09
2026-10-06T14:15:01.788366+00:00,6.9,-23.88,30.78,0.0,100.0,24.0,427.0,28.3,4.4,0.0,345.3,2267.26,67821.6,74662.53,0.0,0.0,0.0,2.69,3.34,2.96,30.86,35.46,29.87,48.45,513.7,1.91,513.1,2.02,514.3,1.97,0.0,0.0,520.0,1.93,0.0,0.0,512.6,2.27,507.8,2.25,508.8,1.99,515.5,2.0,507.0,2.01,0.0,0.0,238.41,3.85,241.66,3.49,238.47,3.86,0.999,49.85
2026-10-06T14:20:01.364203+00:00,4.9,-28.24,33.14,0.0,100.0,24.0,427.0,28.3,4.4,0.0,346.1,2268.06,67822.4,74663.33,0.0,0.0,0.0,2.29,2.36,2.2,30.86,35.47,29.87,48.45,526.9,2.08,515.9,2.37,518.8,2.29,0.0,0.0,523.0,2.03,0.0,0.0,515.0,2.57,515.4,2.55,508.8,2.21,513.9,2.38,508.9,2.22,0.0,0.0,239.3,3.28,242.16,3.25,239.21,3.29,0.998,49.95
2026-10-06T14:25:01.403132+00:00,3.7,-27.89,31.59,0.0,100.0,24.0,427.0,28.3,4.4,0.0,346.59,2268.55,67822.89,74663.82,0.0,0.0,0.0,1.62,1.72,1.63,30.86,35.47,29.87,48.45,502.0,1.56,510.1,1.5,512.6,1.39,0.0,0.0,503.2,1.5,0.0,0.0,502.7,1.61,501.3,1.61,497.1,1.55,510.4,1.48,500.6,1.47,0.0,0.0,238.74,2.31,241.6,2.3,238.61,2.33,0.947,49.94
2026-10-06T14:30:01.994846+00:00,3.7,-30.66,34.36,0.0,100.0,18.0,427.0,28.2,3.7,0.0,346.94,2268.9,67823.24,74664.17,0.0,0.0,0.0,1.16,1.24,1.16,30.86,35.47,29.87,48.45,494.3,1.09,499.8,1.05,505.9,1.01,0.0,0.0,494.5,1.13,0.0,0.0,491.3,1.14,492.3,1.12,497.0,1.08,501.9,1.05,491.4,1.1,0.0,0.0,238.53,1.7,242.16,1.69,238.64,1.71,1.0,49.86
2026-10-06T14:35:01.260673+00:00,4.0,-25.58,29.58,0.0,100.0,18.0,427.0,28.2,3.7,0.0,347.24,2269.2,67823.54,74664.47,0.0,0.0,0.0,1.19,1.29,1.2,30.86,35.47,29.87,48.45,494.3,0.94,499.2,0.97,508.9,0.95,0.0,0.0,495.6,0.96,0.0,0.0,498.5,1.04,498.1,1.02,495.1,0.96,508.3,0.96,495.2,1.02,0.0,0.0,239.47,1.73,242.91,1.72,240.1,1.74,0.999,50.06
2026-10-06T14:40:01.770717+00:00,3.6,-23.04,26.64,0.0,100.0,18.0,427.0,28.2,3.7,0.0,347.57,2269.53,67823.87,74664.8,0.0,0.0,0.0,1.33,1.4,1.33,30.86,35.47,29.87,48.45,497.5,1.0,505.1,0.99,502.4,1.0,0.0,0.0,495.1,1.07,0.0,0.0,493.2,1.09,496.9,1.05,498.7,1.0,504.5,1.0,495.1,1.06,0.0,0.0,239.44,1.92,242.47,1.91,239.39,1.94,0.999,49.95
2026-10-06T14:45:01.901930+00:00,3.4,-23.09,26.49,0.0,100.0,12.0,427.0,28.2,3.5,0.0,347.88,2269.84,67824.18,74665.11,0.0,0.0,0.0,1.15,1.23,1.16,30.86,35.47,29.87,48.45,492.5,0.98,498.4,0.99,494.6,1.0,0.0,0.0,495.7,1.02,0.0,0.0,494.2,1.07,493.8,1.04,490.6,1.0,495.7,1.01,495.6,1.05,0.0,0.0,239.71,1.68,242.04,1.68,238.75,1.7,0.983,49.87
2026-10-06T14:50:01.660190+00:00,3.4,-15.7,19.1,0.0,100.0,12.0,427.0,28.2,3.5,0.0,348.17,2270.13,67824.47,74665.4,0.0,0.0,0.0,1.08,1.15,1.1,30.86,35.47,29.87,48.45,494.9,0.91,481.4,0.98,494.7,0.96,0.0,0.0,494.9,0.91,0.0,0.0,496.0,1.02,492.4,1.02,494.3,0.94,489.9,0.98,490.9,1.0,0.0,0.0,239.07,1.58,242.33,1.58,239.15,1.6,1.0,49.84
2026-10-06T14:55:01.146160+00:00,2.7,-22.33,25.03,0.0,100.0,12.0,427.0,28.2,3.5,0.0,348.44,2270.4,67824.74,74665.67,0.0,0.0,0.0,1.09,1.17,1.1,30.86,35.47,29.87,48.45,491.0,0.91,498.7,0.93,486.1,0.97,0.0,0.0,510.7,0.84,0.0,0.0,497.0,1.0,505.7,0.97,491.3,0.93,487.1,0.98,491.3,0.98,0.0,0.0,240.15,1.61,243.36,1.6,240.67,1.62,0.985,50.06
2026-10-06T15:00:01.255194+00:00,2.1,-27.34,29.44,0.0,100.0,9.0,223.0,28.1,3.2,0.0,348.7,2270.66,67825.0,74665.93,0.0,0.0,0.0,0.86,0.92,0.87,30.86,35.47,29.87,48.45,486.5,0.9,494.0,0.91,492.5,0.92,0.0,0.0,501.2,0.83,0.0,0.0,488.9,0.97,496.2,0.96,488.5,0.92,492.6,0.93,490.4,0.94,0.0,0.0,239.83,1.31,242.87,1.31,239.88,1.33,0.999,49.94
2026-10-06T15:05:01.868933+00:00,1.9,-26.69,28.59,0.0,100.0,9.0,223.0,28.1,3.2,0.0,348.89,2270.85,67825.19,74666.12,0.0,0.0,0.0,0.68,0.72,0.68,30.86,35.47,29.87,48.45,478.9,0.79,485.0,0.71,484.2,0.69,0.0,0.0,487.3,0.76,0.0,0.0,480.2,0.73,483.1,0.74,480.9,0.81,487.8,0.72,481.9,0.67,0.0,0.0,240.81,1.05,242.73,1.06,240.18,1.07,0.933,49.98
2026-10-06T15:10:01.749127+00:00,2.1,-28.84,30.94,0.0,100.0,9.0,223.0,28.1,3.2,0.0,349.06,2271.02,67825.36,74666.29,0.0,0.0,0.0,0.65,0.69,0.66,30.86,35.47,29.87,48.45,486.6,0.71,480.9,0.6,482.2,0.58,0.0,0.0,486.8,0.73,0.0,0.0,476.9,0.63,485.0,0.64,496.1,0.69,481.6,0.62,484.5,0.57,0.0,0.0,241.25,1.03,243.76,1.03,240.78,1.04,1.0,49.92
2026-10-06T15:15:02.195528+00:00,1.5,-28.4,29.9,0.0,100.0,9.0,223.0,28.0,3.0,0.0,349.22,2271.18,67825.52,74666.45,0.0,0.0,0.0,0.68,0.77,0.64,30.86,35.47,29.87,48.45,474.7,0.69,486.0,0.59,485.7,0.56,0.0,0.0,481.2,0.72,0.0,0.0,485.8,0.62,484.7,0.63,487.8,0.66,487.6,0.59,485.3,0.55,0.0,0.0,241.37,1.06,244.91,1.07,241.23,1.09,0.977,50.14
2026-10-06T15:20:02.007453+00:00,0.9,-22.84,23.74,0.0,100.0,9.0,223.0,28.0,3.0,0.0,349.37,2271.33,67825.67,74666.6,0.0,0.0,0.0,0.46,0.51,0.45,30.86,35.47,29.87,48.45,479.7,0.59,488.1,0.53,493.1,0.52,0.0,0.0,492.2,0.64,0.0,0.0,491.2,0.59,484.0,0.58,476.4,0.54,482.5,0.54,482.3,0.51,0.0,0.0,241.28,0.85,244.37,0.85,240.8,0.87,0.841,49.93
2026-10-06T15:25:01.799283+00:00,0.0,-28.25,28.25,0.0,100.0,9.0,223.0,28.0,3.0,0.0,349.47,2271.43,67825.77,74666.7,0.0,0.0,0.0,0.29,0.34,0.29,30.86,35.47,29.87,48.45,474.7,0.4,473.0,0.42,481.5,0.45,0.0,0.0,477.9,0.44,0.0,0.0,476.5,0.48,481.9,0.47,480.1,0.4,462.3,0.45,485.8,0.47,0.0,0.0,241.33,0.64,244.77,0.65,241.22,0.66,0.469,50.02
2026-10-06T15:30:01.434800+00:00,0.0,-27.42,27.42,0.0,100.0,10.0,223.0,27.8,2.7,0.0,349.53,2271.49,67825.83,74666.76,0.0,0.0,0.0,0.15,0.18,0.16,30.86,35.47,29.87,48.45,465.8,0.35,472.7,0.39,474.6,0.42,0.0,0.0,460.7,0.3,0.0,0.0,471.4,0.45,463.5,0.48,475.2,0.36,471.5,0.42,472.5,0.42,0.0,0.0,240.16,0.56,244.04,0.57,239.68,0.59,0.112,49.82
2026-10-06T15:35:01.701291+00:00,0.0,-22.84,22.84,0.0,100.0,10.0,223.0,27.8,2.7,0.0,349.55,2271.51,67825.85,74666.78,0.0,0.0,0.0,0.02,0.04,0.01,30.86,35.47,29.87,48.45,449.3,0.35,463.1,0.29,461.1,0.29,0.0,0.0,450.5,0.3,0.0,0.0,458.2,0.31,459.1,0.35,469.7,0.35,471.0,0.3,459.6,0.26,0.0,0.0,240.26,0.58,243.78,0.61,239.96,0.62,-0.178,49.79
2026-10-06T15:40:01.327202+00:00,0.0,-29.09,29.09,0.0,100.0,10.0,223.0,27.8,2.7,0.0,349.56,2271.52,67825.86,74666.79,0.0,0.0,0.0,0.0,0.0,0.0,30.86,35.47,29.87,48.45,446.8,0.22,454.1,0.13,454.7,0.13,0.0,0.0,457.0,0.27,0.0,0.0,456.2,0.15,459.4,0.14,455.2,0.2,454.2,0.15,463.4,0.13,0.0,0.0,241.52,0.54,244.3,0.57,240.59,0.58,-0.41,49.95
2026-10-06T15:45:02.074629+00:00,0.0,-32.4,32.4,0.0,100.0,13.0,223.0,27.5,2.7,0.0,349.56,2271.52,67825.86,74666.79,0.0,0.0,0.0,0.0,0.0,0.0,30.87,35.47,29.87,48.45,461.6,0.11,464.7,0.06,439.3,0.09,0.0,0.0,442.6,0.2,0.0,0.0,437.6,0.11,445.7,0.09,418.2,0.12,445.4,0.09,453.0,0.11,0.0,0.0,241.47,0.48,243.86,0.51,240.23,0.51,-0.542,49.93
2026-10-06T15:50:02.098526+00:00,0.0,-29.08,29.08,0.0,100.0,13.0,223.0,27.5,2.7,0.0,349.56,2271.52,67825.86,74666.79,0.0,0.0,0.0,0.0,0.0,0.0,30.87,35.47,29.87,48.45,450.3,0.03,455.5,0.04,440.5,0.09,0.0,0.0,447.5,0.08,0.0,0.0,442.6,0.11,429.8,0.1,415.5,0.04,441.1,0.06,421.1,0.12,0.0,0.0,240.45,0.48,244.18,0.52,239.83,0.52,-0.698,49.84
2026-10-06T15:55:01.937644+00:00,0.0,-24.46,23.86,0.0,100.0,13.0,223.0,27.5,2.7,0.0,349.56,2271.52,67825.86,74666.79,0.0,0.0,0.0,0.0,0.0,0.0,30.87,35.47,29.87,48.45,440.0,-0.01,436.0,0.08,440.7,0.14,0.0,0.0,424.8,-0.02,0.0,0.0,423.0,0.15,435.1,0.15,418.5,0.01,451.4,0.11,390.2,0.16,0.0,0.0,242.19,0.6,245.53,0.59,241.17,0.61,-0.706,50.02
2026-10-06T16:00:01.859885+00:00,0.0,-28.61,28.01,0.0,100.0,0.0,0.0,0.0,0.0,0.0,349.56,2271.52,67825.86,74666.79,0.0,0.0,0.0,0.0,0.0,0.0,30.87,35.47,29.87,48.45,412.3,0.04,439.3,0.1,420.4,0.15,0.0,0.0,433.6,-0.03,0.0,0.0,417.0,0.14,406.9,0.2,409.4,0.09,425.3,0.13,386.8,0.13,0.0,0.0,241.8,0.57,244.13,0.59,240.51,0.59,-0.697,49.84
2026-10-06T16:05:01.821202+00:00,0.0,39.95,21.15,-61.1,95.4,14.0,56.0,27.3,2.5,0.0,349.56,2271.52,67825.86,74666.79,0.0,0.0,0.0,0.0,0.0,0.0,32.84,35.47,29.87,48.45,378.0,0.07,410.2,0.06,396.0,0.09,0.0,0.0,410.8,-0.03,0.0,0.0,391.2,0.1,388.9,0.16,388.9,0.11,427.8,0.05,399.1,0.07,0.0,0.0,241.79,0.54,244.93,0.57,240.72,0.57,1.0,49.95
2026-10-06T16:10:01.395061+00:00,0.0,26.83,35.67,-62.5,90.8,14.0,56.0,27.3,2.5,0.0,349.56,2271.52,67825.86,74666.79,0.0,0.0,0.0,0.0,0.0,0.0,34.82,35.47,29.87,48.45,337.9,0.04,388.8,0.02,371.7,0.04,0.0,0.0,377.1,-0.03,0.0,0.0,371.5,0.05,348.5,0.1,375.7,0.05,393.6,0.02,362.4,0.03,0.0,0.0,246.15,36.86,246.63,26.36,243.03,26.24,1.0,50.13
2026-10-06T16:15:01.668781+00:00,0.0,38.05,24.45,-62.5,86.1,14.0,56.0,27.0,2.6,0.0,349.56,2271.52,67825.86,74666.79,0.0,0.0,0.0,0.0,0.0,0.0,36.82,35.47,29.87,48.45,293.9,0.02,373.7,-0.01,317.0,0.04,0.0,0.0,365.6,-0.02,0.0,0.0,342.3,0.02,354.2,0.02,373.3,0.02,370.5,0.0,336.9,0.01,0.0,0.0,243.77,30.68,246.61,30.45,242.82,30.87,1.0,50.12
2026-10-06T16:20:02.027677+00:00,0.0,38.79,23.61,-62.4,81.5,14.0,56.0,27.0,2.6,0.0,349.56,2271.52,67825.86,74666.79,0.0,0.0,0.0,0.0,0.0,0.0,38.83,35.47,29.87,48.45,245.7,0.02,296.9,-0.02,289.4,0.01,0.0,0.0,300.4,-0.01,0.0,0.0,294.9,0.0,296.0,-0.01,300.1,0.01,297.6,0.0,298.0,-0.02,0.0,0.0,242.79,33.6,244.69,29.67,241.22,29.22,1.0,49.84
2026-10-06T16:25:02.135163+00:00,0.0,32.75,29.55,-62.3,76.9,14.0,56.0,27.0,2.6,0.0,349.56,2271.52,67825.86,74666.79,0.0,0.0,0.0,0.0,0.0,0.0,40.82,35.47,29.87,48.45,191.6,0.01,192.6,-0.02,192.0,0.0,0.0,0.0,196.3,-0.01,0.0,0.0,194.2,0.0,194.6,0.0,196.1,0.01,193.9,0.0,193.4,-0.01,0.0,0.0,243.44,35.9,244.36,28.37,240.67,28.12,1.0,49.88
2026-10-06T16:30:01.279014+00:00,0.0,31.5,30.9,-62.4,72.3,14.0,56.0,26.7,3.0,0.0,349.56,2271.52,67825.86,74666.79,0.0,0.0,0.0,0.0,0.0,0.0,42.82,35.47,29.87,48.45,0.0,0.0,0.0,0.0,0.0,0.0,0.0,0.0,0.0,0.0,0.0,0.0,0.0,0.0,0.0,0.0,0.0,0.0,0.0,0.0,0.0,0.0,0.0,0.0,243.07,39.56,244.03,26.5,240.42,26.32,1.0,49.84
2026-10-06T16:35:01.323345+00:00,0.0,37.08,25.12,-62.2,67.7,14.0,56.0,26.7,3.0,0.0,349.56,2271.52,67825.86,74666.79,0.0,0.0,0.0,0.0,0.0,0.0,44.81,35.47,29.87,48.45,0.0,0.0,0.0,0.0,0.0,0.0,0.0,0.0,0.0,0.0,0.0,0.0,0.0,0.0,0.0,0.0,0.0,0.0,0.0,0.0,0.0,0.0,0.0,0.0,242.1,34.31,243.83,29.15,240.54,29.19,1.0,49.81
2026-10-06T16:40:01.851242+00:00,0.0,34.19,27.81,-62.0,63.1,14.0,56.0,26.7,3.0,0.0,349.56,2271.52,67825.86,74666.79,0.0,0.0,0.0,0.0,0.0,0.0,46.82,35.47,29.87,48.45,0.0,0.0,0.0,0.0,0.0,0.0,0.0,0.0,0.0,0.0,0.0,0.0,0.0,0.0,0.0,0.0,0.0,0.0,0.0,0.0,0.0,0.0,0.0,0.0,242.29,32.19,243.58,30.24,240.71,30.19,1.0,49.78
2026-10-06T16:45:01.969233+00:00,0.0,32.91,28.49,-61.4,58.5,14.0,56.0,26.4,3.3,0.0,349.56,2271.52,67825.86,74666.79,0.0,0.0,0.0,0.0,0.0,0.0,48.79,35.47,29.87,48.45,0.0,0.0,0.0,0.0,0.0,0.0,0.0,0.0,0.0,0.0,0.0,0.0,0.0,0.0,0.0,0.0,0.0,0.0,0.0,0.0,0.0,0.0,0.0,0.0,242.62,31.84,244.46,30.16,240.9,30.2,1.0,49.81
2026-10-06T16:50:01.901237+00:00,0.0,40.12,20.88,-61.0,54.0,14.0,56.0,26.4,3.3,0.0,349.56,2271.52,67825.86,74666.79,0.0,0.0,0.0,0.0,0.0,0.0,50.74,35.47,29.87,48.45,0.0,0.0,0.0,0.0,0.0,0.0,0.0,0.0,0.0,0.0,0.0,0.0,0.0,0.0,0.0,0.0,0.0,0.0,0.0,0.0,0.0,0.0,0.0,0.0,242.74,30.2,244.63,30.11,241.26,30.37,1.0,49.82
2026-10-06T16:55:01.431741+00:00,0.0,31.33,28.77,-60.1,49.5,14.0,56.0,26.4,3.3,0.0,349.56,2271.52,67825.86,74666.79,0.0,0.0,0.0,0.0,0.0,0.0,52.65,35.47,29.87,48.45,0.0,0.0,0.0,0.0,0.0,0.0,0.0,0.0,0.0,0.0,0.0,0.0,0.0,0.0,0.0,0.0,0.0,0.0,0.0,0.0,0.0,0.0,0.0,0.0,238.85,30.32,241.6,30.12,237.64,30.55,1.0,49.79
2026-10-06T17:00:01.649811+00:00,0.0,35.74,23.56,-59.3,45.1,13.0,0.0,26.2,3.2,0.0,349.56,2271.52,67825.86,74666.79,0.0,0.0,0.0,0.0,0.0,0.0,54.55,35.47,29.87,48.45,0.0,0.0,0.0,0.0,0.0,0.0,0.0,0.0,0.0,0.0,0.0,0.0,0.0,0.0,0.0,0.0,0.0,0.0,0.0,0.0,0.0,0.0,0.0,0.0,239.91,29.83,243.51,29.53,239.37,30.01,1.0,49.8
2026-10-06T17:05:01.898645+00:00,0.0,33.25,25.55,-58.8,40.7,13.0,0.0,26.2,3.2,0.0,349.56,2271.52,67825.86,74666.79,0.0,0.0,0.0,0.0,0.0,0.0,56.43,35.47,29.87,48.45,0.0,0.0,0.0,0.0,0.0,0.0,0.0,0.0,0.0,0.0,0.0,0.0,0.0,0.0,0.0,0.0,0.0,0.0,0.0,0.0,0.0,0.0,0.0,0.0,241.68,29.4,244.27,29.21,240.54,29.63,1.0,49.71
2026-10-06T17:10:01.436162+00:00,0.0,34.49,23.81,-58.3,36.4,13.0,0.0,26.2,3.2,0.0,349.56,2271.52,67825.86,74666.79,0.0,0.0,0.0,0.0,0.0,0.0,58.28,35.47,29.87,48.45,0.0,0.0,0.0,0.0,0.0,0.0,0.0,0.0,0.0,0.0,0.0,0.0,0.0,0.0,0.0,0.0,0.0,0.0,0.0,0.0,0.0,0.0,0.0,0.0,242.8,28.98,246.26,28.7,242.17,29.12,1.0,49.77
2026-10-06T17:15:01.253807+00:00,0.0,30.09,27.71,-57.8,32.1,9.0,0.0,26.1,3.5,0.0,349.56,2271.52,67825.86,74666.79,0.0,0.0,0.0,0.0,0.0,0.0,60.12,35.47,29.87,48.45,0.0,0.0,0.0,0.0,0.0,0.0,0.0,0.0,0.0,0.0,0.0,0.0,0.0,0.0,0.0,0.0,0.0,0.0,0.0,0.0,0.0,0.0,0.0,0.0,243.17,28.58,245.66,28.42,242.37,28.76,1.0,49.78
2026-10-06T17:20:01.574285+00:00,0.0,31.45,25.85,-57.3,27.8,9.0,0.0,26.1,3.5,0.0,349.56,2271.52,67825.86,74666.79,0.0,0.0,0.0,0.0,0.0,0.0,61.94,35.47,29.87,48.45,0.0,0.0,0.0,0.0,0.0,0.0,0.0,0.0,0.0,0.0,0.0,0.0,0.0,0.0,0.0,0.0,0.0,0.0,0.0,0.0,0.0,0.0,0.0,0.0,243.49,28.19,245.52,28.03,242.1,28.4,1.0,49.82
2026-10-06T17:25:01.771504+00:00,0.0,37.06,19.64,-56.7,23.5,9.0,0.0,26.1,3.5,0.0,349.56,2271.52,67825.86,74666.79,0.0,0.0,0.0,0.0,0.0,0.0,63.75,35.47,29.87,48.45,0.0,0.0,0.0,0.0,0.0,0.0,0.0,0.0,0.0,0.0,0.0,0.0,0.0,0.0,0.0,0.0,0.0,0.0,0.0,0.0,0.0,0.0,0.0,0.0,241.85,28.23,243.75,28.1,240.12,28.48,1.0,49.89
2026-10-06T17:30:01.301421+00:00,0.0,-28.12,32.42,-4.3,20.0,2.0,0.0,26.0,4.1,0.0,349.56,2271.52,67825.86,74666.79,0.0,0.0,0.0,0.0,0.0,0.0,65.44,35.47,29.87,48.45,0.0,0.0,0.0,0.0,0.0,0.0,0.0,0.0,0.0,0.0,0.0,0.0,0.0,0.0,0.0,0.0,0.0,0.0,0.0,0.0,0.0,0.0,0.0,0.0,242.03,28.04,243.87,27.91,240.84,28.23,0.989,49.86
2026-10-06T17:35:01.433235+00:00,0.0,-20.88,20.48,0.4,20.0,2.0,0.0,26.0,4.1,0.0,349.56,2271.52,67825.86,74666.79,0.0,0.0,0.0,0.0,0.0,0.0,65.45,35.47,29.87,48.45,0.0,0.0,0.0,0.0,0.0,0.0,0.0,0.0,0.0,0.0,0.0,0.0,0.0,0.0,0.0,0.0,0.0,0.0,0.0,0.0,0.0,0.0,0.0,0.0,239.09,3.25,242.46,3.23,238.32,3.28,-0.855,50.0
2026-10-06T17:40:01.215180+00:00,0.0,-23.11,22.91,0.2,19.9,2.0,0.0,26.0,4.1,0.0,349.56,2271.52,67825.86,74666.79,0.0,0.0,0.0,0.0,0.0,0.0,65.45,35.47,29.87,48.45,0.0,0.0,0.0,0.0,0.0,0.0,0.0,0.0,0.0,0.0,0.0,0.0,0.0,0.0,0.0,0.0,0.0,0.0,0.0,0.0,0.0,0.0,0.0,0.0,239.51,0.73,242.84,0.71,239.21,0.75,-0.488,50.08
2026-10-06T17:45:02.049845+00:00,0.0,-28.11,27.91,0.0,19.9,0.0,0.0,25.9,4.2,0.0,349.56,2271.52,67825.86,74666.79,0.0,0.0,0.0,0.0,0.0,0.0,65.45,35.47,29.87,48.45,0.0,0.0,0.0,0.0,0.0,0.0,0.0,0.0,0.0,0.0,0.0,0.0,0.0,0.0,0.0,0.0,0.0,0.0,0.0,0.0,0.0,0.0,0.0,0.0,239.8,0.59,242.64,0.6,238.78,0.6,-0.461,49.86
2026-10-06T17:50:02.057908+00:00,0.0,-26.84,26.44,0.4,19.9,0.0,0.0,25.9,4.2,0.0,349.56,2271.52,67825.86,74666.79,0.0,0.0,0.0,0.0,0.0,0.0,65.45,35.47,29.87,48.45,0.0,0.0,0.0,0.0,0.0,0.0,0.0,0.0,0.0,0.0,0.0,0.0,0.0,0.0,0.0,0.0,0.0,0.0,0.0,0.0,0.0,0.0,0.0,0.0,240.33,0.67,243.73,0.67,240.53,0.68,-0.999,50.1
2026-10-06T17:55:01.844913+00:00,0.0,-26.0,25.4,0.4,19.9,0.0,0.0,25.9,4.2,0.0,349.56,2271.52,67825.86,74666.79,0.0,0.0,0.0,0.0,0.0,0.0,65.45,35.47,29.87,48.45,0.0,0.0,0.0,0.0,0.0,0.0,0.0,0.0,0.0,0.0,0.0,0.0,0.0,0.0,0.0,0.0,0.0,0.0,0.0,0.0,0.0,0.0,0.0,0.0,237.47,0.57,240.32,0.58,237.22,0.58,-0.693,50.16
2026-10-06T18:00:01.726371+00:00,0.0,-25.39,24.89,0.5,19.9,3.0,0.0,25.6,4.4,0.0,349.56,2271.52,67825.86,74666.79,0.0,0.0,0.0,0.0,0.0,0.0,65.45,35.47,29.87,48.45,0.0,0.0,0.0,0.0,0.0,0.0,0.0,0.0,0.0,0.0,0.0,0.0,0.0,0.0,0.0,0.0,0.0,0.0,0.0,0.0,0.0,0.0,0.0,0.0,237.67,0.52,240.7,0.54,237.55,0.54,-0.83,50.17
2026-10-06T18:05:01.413798+00:00,0.0,-25.42,24.72,0.3,19.9,3.0,0.0,25.6,4.4,0.0,349.56,2271.52,67825.86,74666.79,0.0,0.0,0.0,0.0,0.0,0.0,65.45,35.47,29.87,48.45,0.0,0.0,0.0,0.0,0.0,0.0,0.0,0.0,0.0,0.0,0.0,0.0,0.0,0.0,0.0,0.0,0.0,0.0,0.0,0.0,0.0,0.0,0.0,0.0,237.53,0.53,240.0,0.55,237.02,0.55,-0.967,50.02
2026-10-06T18:10:01.613130+00:00,0.0,-21.55,20.95,0.6,19.9,3.0,0.0,25.6,4.4,0.0,349.56,2271.52,67825.86,74666.79,0.0,0.0,0.0,0.0,0.0,0.0,65.45,35.47,29.87,48.45,0.0,0.0,0.0,0.0,0.0,0.0,0.0,0.0,0.0,0.0,0.0,0.0,0.0,0.0,0.0,0.0,0.0,0.0,0.0,0.0,0.0,0.0,0.0,0.0,237.25,0.52,239.86,0.55,236.46,0.55,-0.768,49.89
2026-10-06T18:15:01.967947+00:00,0.0,-22.82,22.42,0.4,19.9,22.0,0.0,25.0,9.8,0.1,349.56,2271.52,67825.86,74666.79,0.0,0.0,0.0,0.0,0.0,0.0,65.45,35.47,29.87,48.45,0.0,0.0,0.0,0.0,0.0,0.0,0.0,0.0,0.0,0.0,0.0,0.0,0.0,0.0,0.0,0.0,0.0,0.0,0.0,0.0,0.0,0.0,0.0,0.0,237.93,0.54,239.82,0.56,236.83,0.56,-0.909,49.94
2026-10-06T18:20:01.684520+00:00,0.0,-22.42,21.82,0.2,19.9,22.0,0.0,25.0,9.8,0.1,349.56,2271.52,67825.86,74666.79,0.0,0.0,0.0,0.0,0.0,0.0,65.45,35.47,29.87,48.45,0.0,0.0,0.0,0.0,0.0,0.0,0.0,0.0,0.0,0.0,0.0,0.0,0.0,0.0,0.0,0.0,0.0,0.0,0.0,0.0,0.0,0.0,0.0,0.0,237.58,0.62,240.05,0.63,236.75,0.64,-0.665,49.85
2026-10-06T18:25:01.223975+00:00,0.0,-22.86,22.26,0.6,19.9,22.0,0.0,25.0,9.8,0.1,349.56,2271.52,67825.86,74666.79,0.0,0.0,0.0,0.0,0.0,0.0,65.45,35.47,29.87,48.45,0.0,0.0,0.0,0.0,0.0,0.0,0.0,0.0,0.0,0.0,0.0,0.0,0.0,0.0,0.0,0.0,0.0,0.0,0.0,0.0,0.0,0.0,0.0,0.0,238.23,0.53,240.48,0.55,237.32,0.55,-0.504,49.82
2026-10-06T18:30:02.048417+00:00,0.0,-20.9,20.3,0.4,19.9,52.0,0.0,24.1,20.0,0.1,349.56,2271.52,67825.86,74666.79,0.0,0.0,0.0,0.0,0.0,0.0,65.45,35.47,29.87,48.45,0.0,0.0,0.0,0.0,0.0,0.0,0.0,0.0,0.0,0.0,0.0,0.0,0.0,0.0,0.0,0.0,0.0,0.0,0.0,0.0,0.0,0.0,0.0,0.0,238.52,0.53,241.08,0.56,237.71,0.57,-0.806,49.82
2026-10-06T18:35:01.330342+00:00,0.0,-22.2,21.6,0.6,19.9,52.0,0.0,24.1,20.0,0.1,349.56,2271.52,67825.86,74666.79,0.0,0.0,0.0,0.0,0.0,0.0,65.45,35.47,29.87,48.45,0.0,0.0,0.0,0.0,0.0,0.0,0.0,0.0,0.0,0.0,0.0,0.0,0.0,0.0,0.0,0.0,0.0,0.0,0.0,0.0,0.0,0.0,0.0,0.0,239.05,0.49,241.36,0.5,238.71,0.51,-0.725,49.84
2026-10-06T18:40:01.997541+00:00,0.0,-25.21,24.81,0.4,19.9,52.0,0.0,24.1,20.0,0.1,349.56,2271.52,67825.86,74666.79,0.0,0.0,0.0,0.0,0.0,0.0,65.45,35.47,29.87,48.45,0.0,0.0,0.0,0.0,0.0,0.0,0.0,0.0,0.0,0.0,0.0,0.0,0.0,0.0,0.0,0.0,0.0,0.0,0.0,0.0,0.0,0.0,0.0,0.0,238.83,0.5,241.2,0.52,238.55,0.53,-0.837,49.82
2026-10-06T18:45:01.969557+00:00,0.0,-20.13,19.73,0.4,19.9,81.0,0.0,23.2,30.3,0.1,349.56,2271.52,67825.86,74666.79,0.0,0.0,0.0,0.0,0.0,0.0,65.45,35.47,29.87,48.45,0.0,0.0,0.0,0.0,0.0,0.0,0.0,0.0,0.0,0.0,0.0,0.0,0.0,0.0,0.0,0.0,0.0,0.0,0.0,0.0,0.0,0.0,0.0,0.0,239.15,0.55,241.76,0.56,239.35,0.57,-0.68,49.85
2026-10-06T18:50:01.761189+00:00,0.0,-21.36,20.96,0.4,19.9,81.0,0.0,21.7,30.2,0.1,349.56,2271.52,67825.86,74666.79,0.0,0.0,0.0,0.0,0.0,0.0,65.45,35.47,29.87,48.45,0.0,0.0,0.0,0.0,0.0,0.0,0.0,0.0,0.0,0.0,0.0,0.0,0.0,0.0,0.0,0.0,0.0,0.0,0.0,0.0,0.0,0.0,0.0,0.0,239.35,0.61,242.34,0.6,239.27,0.63,-0.935,49.86
2026-10-06T18:55:01.341940+00:00,0.0,-22.97,22.57,0.4,19.9,87.0,0.0,21.7,26.3,0.2,349.56,2271.52,67825.86,74666.79,0.0,0.0,0.0,0.0,0.0,0.0,65.45,35.47,29.87,48.45,0.0,0.0,0.0,0.0,0.0,0.0,0.0,0.0,0.0,0.0,0.0,0.0,0.0,0.0,0.0,0.0,0.0,0.0,0.0,0.0,0.0,0.0,0.0,0.0,239.79,0.49,242.52,0.5,239.95,0.52,-0.999,49.94
2026-10-06T19:00:01.356631+00:00,0.0,-23.04,22.64,0.4,19.9,100.0,0.0,21.0,32.2,0.2,349.56,2271.52,67825.86,74666.79,0.0,0.0,0.0,0.0,0.0,0.0,65.45,35.47,29.87,48.45,0.0,0.0,0.0,0.0,0.0,0.0,0.0,0.0,0.0,0.0,0.0,0.0,0.0,0.0,0.0,0.0,0.0,0.0,0.0,0.0,0.0,0.0,0.0,0.0,239.81,0.51,241.83,0.51,239.57,0.52,-0.802,50.14
2026-10-06T19:05:01.218904+00:00,0.0,-21.06,21.06,0.0,19.9,100.0,0.0,21.0,32.2,0.2,349.56,2271.52,67825.86,74666.79,0.0,0.0,0.0,0.0,0.0,0.0,65.46,35.47,29.87,48.45,0.0,0.0,0.0,0.0,0.0,0.0,0.0,0.0,0.0,0.0,0.0,0.0,0.0,0.0,0.0,0.0,0.0,0.0,0.0,0.0,0.0,0.0,0.0,0.0,240.31,0.54,242.35,0.54,240.08,0.55,-0.667,50.13
2026-10-06T19:10:01.566512+00:00,0.0,-16.69,16.29,0.4,19.9,100.0,0.0,21.0,32.2,0.2,349.56,2271.52,67825.86,74666.79,0.0,0.0,0.0,0.0,0.0,0.0,65.46,35.47,29.87,48.45,0.0,0.0,0.0,0.0,0.0,0.0,0.0,0.0,0.0,0.0,0.0,0.0,0.0,0.0,0.0,0.0,0.0,0.0,0.0,0.0,0.0,0.0,0.0,0.0,237.82,0.5,239.7,0.51,237.34,0.52,-0.818,49.93
2026-10-06T19:15:02.049000+00:00,0.0,-21.48,21.08,0.4,19.9,96.0,0.0,20.6,33.0,0.4,349.56,2271.52,67825.86,74666.79,0.0,0.0,0.0,0.0,0.0,0.0,65.46,35.47,29.87,48.45,0.0,0.0,0.0,0.0,0.0,0.0,0.0,0.0,0.0,0.0,0.0,0.0,0.0,0.0,0.0,0.0,0.0,0.0,0.0,0.0,0.0,0.0,0.0,0.0,238.68,0.7,240.7,0.71,238.07,0.72,-0.707,50.08
2026-10-06T19:20:01.592320+00:00,0.0,-21.58,21.18,0.4,19.9,96.0,0.0,20.6,33.0,0.4,349.56,2271.52,67825.86,74666.79,0.0,0.0,0.0,0.0,0.0,0.0,65.46,35.47,29.87,48.45,0.0,0.0,0.0,0.0,0.0,0.0,0.0,0.0,0.0,0.0,0.0,0.0,0.0,0.0,0.0,0.0,0.0,0.0,0.0,0.0,0.0,0.0,0.0,0.0,236.49,0.53,238.19,0.54,235.53,0.54,-0.656,50.05
2026-10-06T19:25:02.067821+00:00,0.0,-18.23,17.63,0.6,19.9,96.0,0.0,20.6,33.0,0.4,349.56,2271.52,67825.86,74666.79,0.0,0.0,0.0,0.0,0.0,0.0,65.46,35.47,29.87,48.45,0.0,0.0,0.0,0.0,0.0,0.0,0.0,0.0,0.0,0.0,0.0,0.0,0.0,0.0,0.0,0.0,0.0,0.0,0.0,0.0,0.0,0.0,0.0,0.0,236.14,0.54,238.14,0.55,235.33,0.55,-0.734,50.15
2026-10-06T19:30:01.881700+00:00,0.0,-19.87,19.27,0.4,19.9,82.0,0.0,20.3,31.1,0.4,349.56,2271.52,67825.86,74666.79,0.0,0.0,0.0,0.0,0.0,0.0,65.46,35.47,29.87,48.45,0.0,0.0,0.0,0.0,0.0,0.0,0.0,0.0,0.0,0.0,0.0,0.0,0.0,0.0,0.0,0.0,0.0,0.0,0.0,0.0,0.0,0.0,0.0,0.0,236.05,0.53,238.04,0.54,235.54,0.54,-0.896,50.07
2026-10-06T19:35:01.232702+00:00,0.0,-19.99,19.39,0.6,19.9,82.0,0.0,20.3,31.1,0.4,349.56,2271.52,67825.86,74666.79,0.0,0.0,0.0,0.0,0.0,0.0,65.46,35.47,29.87,48.45,0.0,0.0,0.0,0.0,0.0,0.0,0.0,0.0,0.0,0.0,0.0,0.0,0.0,0.0,0.0,0.0,0.0,0.0,0.0,0.0,0.0,0.0,0.0,0.0,236.6,0.52,238.56,0.54,235.75,0.53,-0.779,50.0
2026-10-06T19:40:01.530467+00:00,0.0,-19.39,18.99,0.4,19.9,82.0,0.0,20.3,31.1,0.4,349.56,2271.52,67825.86,74666.79,0.0,0.0,0.0,0.0,0.0,0.0,65.46,35.47,29.87,48.45,0.0,0.0,0.0,0.0,0.0,0.0,0.0,0.0,0.0,0.0,0.0,0.0,0.0,0.0,0.0,0.0,0.0,0.0,0.0,0.0,0.0,0.0,0.0,0.0,236.01,0.59,237.96,0.59,235.43,0.61,-0.865,49.87
2026-10-06T19:45:01.189797+00:00,0.0,-19.45,18.85,0.4,19.9,65.0,0.0,20.2,28.3,0.4,349.56,2271.52,67825.86,74666.79,0.0,0.0,0.0,0.0,0.0,0.0,65.46,35.47,29.87,48.45,0.0,0.0,0.0,0.0,0.0,0.0,0.0,0.0,0.0,0.0,0.0,0.0,0.0,0.0,0.0,0.0,0.0,0.0,0.0,0.0,0.0,0.0,0.0,0.0,236.18,0.55,238.22,0.57,235.03,0.56,-0.973,49.84
2026-10-06T19:50:02.043206+00:00,0.0,-19.19,18.59,0.6,19.9,65.0,0.0,20.2,28.3,0.4,349.56,2271.52,67825.86,74666.79,0.0,0.0,0.0,0.0,0.0,0.0,65.46,35.47,29.87,48.45,0.0,0.0,0.0,0.0,0.0,0.0,0.0,0.0,0.0,0.0,0.0,0.0,0.0,0.0,0.0,0.0,0.0,0.0,0.0,0.0,0.0,0.0,0.0,0.0,236.59,0.72,238.76,0.72,236.05,0.73,-0.892,49.97
2026-10-06T19:55:02.082489+00:00,0.0,-19.04,18.44,0.6,19.9,65.0,0.0,20.2,28.3,0.4,349.56,2271.52,67825.86,74666.79,0.0,0.0,0.0,0.0,0.0,0.0,65.46,35.47,29.87,48.45,0.0,0.0,0.0,0.0,0.0,0.0,0.0,0.0,0.0,0.0,0.0,0.0,0.0,0.0,0.0,0.0,0.0,0.0,0.0,0.0,0.0,0.0,0.0,0.0,236.83,0.53,238.2,0.54,235.93,0.54,-0.969,49.9
2026-10-06T20:00:01.698573+00:00,0.0,-23.15,22.55,0.2,19.9,55.0,0.0,20.0,26.4,0.4,349.56,2271.52,67825.86,74666.79,0.0,0.0,0.0,0.0,0.0,0.0,65.46,35.47,29.87,48.45,0.0,0.0,0.0,0.0,0.0,0.0,0.0,0.0,0.0,0.0,0.0,0.0,0.0,0.0,0.0,0.0,0.0,0.0,0.0,0.0,0.0,0.0,0.0,0.0,237.69,0.56,239.06,0.57,237.09,0.58,-0.735,50.14
2026-10-06T20:05:02.049058+00:00,0.0,-24.37,23.97,0.4,19.9,55.0,0.0,20.0,26.4,0.4,349.56,2271.52,67825.86,74666.79,0.0,0.0,0.0,0.0,0.0,0.0,65.46,35.47,29.87,48.45,0.0,0.0,0.0,0.0,0.0,0.0,0.0,0.0,0.0,0.0,0.0,0.0,0.0,0.0,0.0,0.0,0.0,0.0,0.0,0.0,0.0,0.0,0.0,0.0,237.37,0.57,238.89,0.58,236.83,0.58,-0.65,49.95
2026-10-06T20:10:01.571939+00:00,0.0,-20.48,20.08,0.4,19.9,55.0,0.0,20.0,26.4,0.4,349.56,2271.52,67825.86,74666.79,0.0,0.0,0.0,0.0,0.0,0.0,65.46,35.47,29.87,48.45,0.0,0.0,0.0,0.0,0.0,0.0,0.0,0.0,0.0,0.0,0.0,0.0,0.0,0.0,0.0,0.0,0.0,0.0,0.0,0.0,0.0,0.0,0.0,0.0,236.72,0.59,237.87,0.61,235.46,0.61,-0.857,49.85
2026-10-06T20:15:01.334730+00:00,0.0,-19.2,18.8,0.4,19.9,54.0,0.0,19.9,26.0,0.1,349.56,2271.52,67825.86,74666.79,0.0,0.0,0.0,0.0,0.0,0.0,65.46,35.47,29.87,48.45,0.0,0.0,0.0,0.0,0.0,0.0,0.0,0.0,0.0,0.0,0.0,0.0,0.0,0.0,0.0,0.0,0.0,0.0,0.0,0.0,0.0,0.0,0.0,0.0,237.25,0.58,238.51,0.58,236.43,0.59,-0.892,50.03
2026-10-06T20:20:01.656185+00:00,0.0,-19.48,19.08,0.4,19.9,54.0,0.0,19.9,26.0,0.1,349.56,2271.52,67825.86,74666.79,0.0,0.0,0.0,0.0,0.0,0.0,65.46,35.47,29.87,48.45,0.0,0.0,0.0,0.0,0.0,0.0,0.0,0.0,0.0,0.0,0.0,0.0,0.0,0.0,0.0,0.0,0.0,0.0,0.0,0.0,0.0,0.0,0.0,0.0,237.42,0.54,239.5,0.54,237.07,0.54,-0.998,50.12
2026-10-06T20:25:02.123244+00:00,0.0,-18.35,17.95,0.4,19.9,54.0,0.0,19.9,26.0,0.1,349.56,2271.52,67825.86,74666.79,0.0,0.0,0.0,0.0,0.0,0.0,65.46,35.47,29.87,48.45,0.0,0.0,0.0,0.0,0.0,0.0,0.0,0.0,0.0,0.0,0.0,0.0,0.0,0.0,0.0,0.0,0.0,0.0,0.0,0.0,0.0,0.0,0.0,0.0,237.49,0.52,239.8,0.53,237.3,0.53,-0.607,49.91
2026-10-06T20:30:01.396646+00:00,0.0,-18.2,18.0,0.0,19.9,58.0,0.0,19.8,26.1,0.1,349.56,2271.52,67825.86,74666.79,0.0,0.0,0.0,0.0,0.0,0.0,65.46,35.47,29.87,48.45,0.0,0.0,0.0,0.0,0.0,0.0,0.0,0.0,0.0,0.0,0.0,0.0,0.0,0.0,0.0,0.0,0.0,0.0,0.0,0.0,0.0,0.0,0.0,0.0,237.81,0.54,240.12,0.55,237.36,0.55,-0.863,49.92
2026-10-06T20:35:01.327520+00:00,0.0,-19.67,19.27,0.2,19.9,58.0,0.0,19.8,26.1,0.1,349.56,2271.52,67825.86,74666.79,0.0,0.0,0.0,0.0,0.0,0.0,65.46,35.47,29.87,48.45,0.0,0.0,0.0,0.0,0.0,0.0,0.0,0.0,0.0,0.0,0.0,0.0,0.0,0.0,0.0,0.0,0.0,0.0,0.0,0.0,0.0,0.0,0.0,0.0,237.71,0.56,239.55,0.56,237.0,0.56,-0.652,49.97
2026-10-06T20:40:02.017721+00:00,0.0,-19.72,19.32,0.4,19.9,58.0,0.0,19.8,26.1,0.1,349.56,2271.52,67825.86,74666.79,0.0,0.0,0.0,0.0,0.0,0.0,65.46,35.47,29.87,48.45,0.0,0.0,0.0,0.0,0.0,0.0,0.0,0.0,0.0,0.0,0.0,0.0,0.0,0.0,0.0,0.0,0.0,0.0,0.0,0.0,0.0,0.0,0.0,0.0,236.07,0.53,237.82,0.53,235.63,0.53,-0.742,49.83
2026-10-06T20:45:01.751156+00:00,0.0,-21.32,20.92,0.4,19.9,63.0,0.0,19.7,26.3,0.1,349.56,2271.52,67825.86,74666.79,0.0,0.0,0.0,0.0,0.0,0.0,65.46,35.47,29.87,48.45,0.0,0.0,0.0,0.0,0.0,0.0,0.0,0.0,0.0,0.0,0.0,0.0,0.0,0.0,0.0,0.0,0.0,0.0,0.0,0.0,0.0,0.0,0.0,0.0,236.41,0.56,237.64,0.56,235.47,0.56,-0.691,49.86
2026-10-06T20:50:01.809406+00:00,0.0,-18.25,17.65,0.6,19.9,63.0,0.0,19.7,26.3,0.1,349.56,2271.52,67825.86,74666.79,0.0,0.0,0.0,0.0,0.0,0.0,65.46,35.47,29.87,48.45,0.0,0.0,0.0,0.0,0.0,0.0,0.0,0.0,0.0,0.0,0.0,0.0,0.0,0.0,0.0,0.0,0.0,0.0,0.0,0.0,0.0,0.0,0.0,0.0,237.22,0.55,238.64,0.56,236.81,0.56,-0.876,50.06
2026-10-06T20:55:01.599340+00:00,0.0,-17.9,17.5,0.4,19.9,63.0,0.0,19.7,26.3,0.1,349.56,2271.52,67825.86,74666.79,0.0,0.0,0.0,0.0,0.0,0.0,65.46,35.47,29.87,48.45,0.0,0.0,0.0,0.0,0.0,0.0,0.0,0.0,0.0,0.0,0.0,0.0,0.0,0.0,0.0,0.0,0.0,0.0,0.0,0.0,0.0,0.0,0.0,0.0,237.47,0.57,239.46,0.57,237.07,0.57,-0.662,50.15
2026-10-06T21:00:01.437220+00:00,0.0,-17.73,17.33,0.2,19.9,66.0,0.0,19.6,26.3,0.1,349.56,2271.52,67825.86,74666.79,0.0,0.0,0.0,0.0,0.0,0.0,65.46,35.47,29.87,48.45,0.0,0.0,0.0,0.0,0.0,0.0,0.0,0.0,0.0,0.0,0.0,0.0,0.0,0.0,0.0,0.0,0.0,0.0,0.0,0.0,0.0,0.0,0.0,0.0,236.26,0.54,237.96,0.55,235.44,0.55,-0.857,49.84
2026-10-06T21:05:01.870961+00:00,0.0,-21.82,21.22,0.6,19.9,66.0,0.0,19.6,26.3,0.1,349.56,2271.52,67825.86,74666.79,0.0,0.0,0.0,0.0,0.0,0.0,65.46,35.47,29.87,48.45,0.0,0.0,0.0,0.0,0.0,0.0,0.0,0.0,0.0,0.0,0.0,0.0,0.0,0.0,0.0,0.0,0.0,0.0,0.0,0.0,0.0,0.0,0.0,0.0,236.35,0.54,238.21,0.55,235.56,0.55,-0.985,49.95
2026-10-06T21:10:01.915523+00:00,0.0,-19.42,18.82,0.6,19.9,66.0,0.0,19.6,26.3,0.1,349.56,2271.52,67825.86,74666.79,0.0,0.0,0.0,0.0,0.0,0.0,65.46,35.47,29.87,48.45,0.0,0.0,0.0,0.0,0.0,0.0,0.0,0.0,0.0,0.0,0.0,0.0,0.0,0.0,0.0,0.0,0.0,0.0,0.0,0.0,0.0,0.0,0.0,0.0,236.6,0.57,237.78,0.57,235.78,0.56,-0.837,50.0
2026-10-06T21:15:01.450605+00:00,0.0,-19.34,18.74,0.4,19.9,64.0,0.0,19.5,26.0,0.0,349.56,2271.52,67825.86,74666.79,0.0,0.0,0.0,0.0,0.0,0.0,65.46,35.47,29.87,48.45,0.0,0.0,0.0,0.0,0.0,0.0,0.0,0.0,0.0,0.0,0.0,0.0,0.0,0.0,0.0,0.0,0.0,0.0,0.0,0.0,0.0,0.0,0.0,0.0,236.07,0.55,237.61,0.56,235.15,0.55,-0.706,49.82
2026-10-06T21:20:01.691604+00:00,0.0,-17.73,17.13,0.4,19.9,64.0,0.0,19.5,26.0,0.0,349.56,2271.52,67825.86,74666.79,0.0,0.0,0.0,0.0,0.0,0.0,65.46,35.47,29.87,48.45,0.0,0.0,0.0,0.0,0.0,0.0,0.0,0.0,0.0,0.0,0.0,0.0,0.0,0.0,0.0,0.0,0.0,0.0,0.0,0.0,0.0,0.0,0.0,0.0,236.22,0.59,237.8,0.6,235.01,0.61,-0.731,49.84
2026-10-06T21:25:01.665162+00:00,0.0,-21.45,21.05,0.4,19.9,64.0,0.0,19.5,26.0,0.0,349.56,2271.52,67825.86,74666.79,0.0,0.0,0.0,0.0,0.0,0.0,65.46,35.47,29.87,48.45,0.0,0.0,0.0,0.0,0.0,0.0,0.0,0.0,0.0,0.0,0.0,0.0,0.0,0.0,0.0,0.0,0.0,0.0,0.0,0.0,0.0,0.0,0.0,0.0,237.64,0.57,239.18,0.57,236.63,0.57,-0.961,49.91
2026-10-06T21:30:01.630760+00:00,0.0,-22.12,21.52,0.4,19.9,60.0,0.0,19.5,25.5,0.0,349.56,2271.52,67825.86,74666.79,0.0,0.0,0.0,0.0,0.0,0.0,65.46,35.47,29.87,48.45,0.0,0.0,0.0,0.0,0.0,0.0,0.0,0.0,0.0,0.0,0.0,0.0,0.0,0.0,0.0,0.0,0.0,0.0,0.0,0.0,0.0,0.0,0.0,0.0,238.24,0.56,239.85,0.56,237.05,0.56,-0.868,49.96
2026-10-06T21:35:01.845632+00:00,0.0,-18.86,18.26,0.4,19.9,60.0,0.0,19.5,25.5,0.0,349.56,2271.52,67825.86,74666.79,0.0,0.0,0.0,0.0,0.0,0.0,65.47,35.47,29.87,48.45,0.0,0.0,0.0,0.0,0.0,0.0,0.0,0.0,0.0,0.0,0.0,0.0,0.0,0.0,0.0,0.0,0.0,0.0,0.0,0.0,0.0,0.0,0.0,0.0,239.09,0.56,240.76,0.56,237.96,0.56,-0.985,50.15
2026-10-06T21:40:01.576625+00:00,0.0,-19.41,18.81,0.6,19.9,60.0,0.0,19.5,25.5,0.0,349.56,2271.52,67825.86,74666.79,0.0,0.0,0.0,0.0,0.0,0.0,65.47,35.47,29.87,48.45,0.0,0.0,0.0,0.0,0.0,0.0,0.0,0.0,0.0,0.0,0.0,0.0,0.0,0.0,0.0,0.0,0.0,0.0,0.0,0.0,0.0,0.0,0.0,0.0,237.05,0.56,238.89,0.57,236.34,0.57,-0.762,49.81
2026-10-06T21:45:01.345303+00:00,0.0,-19.36,18.76,0.4,19.9,57.0,0.0,19.5,24.9,0.0,349.56,2271.52,67825.86,74666.79,0.0,0.0,0.0,0.0,0.0,0.0,65.47,35.47,29.87,48.45,0.0,0.0,0.0,0.0,0.0,0.0,0.0,0.0,0.0,0.0,0.0,0.0,0.0,0.0,0.0,0.0,0.0,0.0,0.0,0.0,0.0,0.0,0.0,0.0,237.54,0.57,238.67,0.58,236.43,0.57,-0.79,49.85
2026-10-06T21:50:01.350961+00:00,0.0,-17.98,17.38,0.6,19.9,57.0,0.0,19.5,24.9,0.0,349.56,2271.52,67825.86,74666.79,0.0,0.0,0.0,0.0,0.0,0.0,65.47,35.47,29.87,48.45,0.0,0.0,0.0,0.0,0.0,0.0,0.0,0.0,0.0,0.0,0.0,0.0,0.0,0.0,0.0,0.0,0.0,0.0,0.0,0.0,0.0,0.0,0.0,0.0,236.09,0.67,236.9,0.66,234.79,0.67,-0.848,49.86
2026-10-06T21:55:02.082042+00:00,0.0,-17.92,17.52,0.4,19.9,57.0,0.0,19.5,24.9,0.0,349.56,2271.52,67825.86,74666.79,0.0,0.0,0.0,0.0,0.0,0.0,65.47,35.47,29.87,48.45,0.0,0.0,0.0,0.0,0.0,0.0,0.0,0.0,0.0,0.0,0.0,0.0,0.0,0.0,0.0,0.0,0.0,0.0,0.0,0.0,0.0,0.0,0.0,0.0,236.11,0.55,238.12,0.55,235.45,0.55,-0.726,49.94
2026-10-06T22:00:01.245770+00:00,0.0,-17.91,17.51,0.4,20.0,58.0,0.0,19.4,24.3,0.0,349.56,2271.52,67825.86,74666.79,0.0,0.0,0.0,0.0,0.0,0.0,0.0,35.47,29.87,48.45,0.0,0.0,0.0,0.0,0.0,0.0,0.0,0.0,0.0,0.0,0.0,0.0,0.0,0.0,0.0,0.0,0.0,0.0,0.0,0.0,0.0,0.0,0.0,0.0,236.21,0.53,237.78,0.54,235.29,0.52,-1.0,49.9
2026-10-06T22:05:01.647235+00:00,0.0,-37.46,17.46,20.0,21.2,58.0,0.0,19.4,24.3,0.0,0.0,2271.52,67825.86,74666.79,0.0,0.0,0.0,0.0,0.0,0.0,0.0,35.47,29.87,48.45,0.0,0.0,0.0,0.0,0.0,0.0,0.0,0.0,0.0,0.0,0.0,0.0,0.0,0.0,0.0,0.0,0.0,0.0,0.0,0.0,0.0,0.0,0.0,0.0,236.44,0.62,238.6,0.62,236.15,0.62,-0.999,50.04
2026-10-06T22:10:01.331397+00:00,0.0,-38.94,18.94,20.0,22.5,58.0,0.0,19.4,24.3,0.0,0.0,2271.52,67825.86,74666.79,0.0,0.0,0.0,0.0,0.0,0.0,0.0,35.47,29.87,48.45,0.0,0.0,0.0,0.0,0.0,0.0,0.0,0.0,0.0,0.0,0.0,0.0,0.0,0.0,0.0,0.0,0.0,0.0,0.0,0.0,0.0,0.0,0.0,0.0,235.45,10.16,237.38,10.11,234.5,10.22,-0.999,49.83
2026-10-06T22:15:01.814156+00:00,0.0,-38.97,18.97,20.0,23.8,65.0,0.0,19.4,23.6,0.0,0.0,2271.52,67825.86,74666.79,0.0,0.0,0.0,0.0,0.0,0.0,0.0,35.47,29.87,48.45,0.0,0.0,0.0,0.0,0.0,0.0,0.0,0.0,0.0,0.0,0.0,0.0,0.0,0.0,0.0,0.0,0.0,0.0,0.0,0.0,0.0,0.0,0.0,0.0,235.75,10.14,237.77,10.09,235.21,10.18,-1.0,49.89
2026-10-06T22:20:01.702431+00:00,0.0,-38.78,18.78,20.0,25.0,65.0,0.0,19.4,23.6,0.0,0.0,2271.52,67825.86,74666.79,0.0,0.0,0.0,0.0,0.0,0.0,0.0,35.47,29.87,48.45,0.0,0.0,0.0,0.0,0.0,0.0,0.0,0.0,0.0,0.0,0.0,0.0,0.0,0.0,0.0,0.0,0.0,0.0,0.0,0.0,0.0,0.0,0.0,0.0,236.3,10.12,238.05,10.08,235.89,10.15,-1.0,49.98
2026-10-06T22:25:02.069814+00:00,0.0,-38.01,18.01,20.0,26.3,65.0,0.0,19.4,23.6,0.0,0.0,2271.52,67825.86,74666.79,0.0,0.0,0.0,0.0,0.0,0.0,0.0,35.47,29.87,48.45,0.0,0.0,0.0,0.0,0.0,0.0,0.0,0.0,0.0,0.0,0.0,0.0,0.0,0.0,0.0,0.0,0.0,0.0,0.0,0.0,0.0,0.0,0.0,0.0,236.09,10.13,237.97,10.08,235.42,10.17,-1.0,49.87
2026-10-06T22:30:01.770005+00:00,0.0,-39.42,19.42,20.0,27.6,76.0,0.0,19.4,23.0,0.0,0.0,2271.52,67825.86,74666.79,0.0,0.0,0.0,0.0,0.0,0.0,0.0,35.47,29.87,48.45,0.0,0.0,0.0,0.0,0.0,0.0,0.0,0.0,0.0,0.0,0.0,0.0,0.0,0.0,0.0,0.0,0.0,0.0,0.0,0.0,0.0,0.0,0.0,0.0,235.91,10.15,238.1,10.08,235.21,10.19,-0.999,49.83
2026-10-06T22:35:01.475595+00:00,0.0,-38.01,18.01,20.0,28.9,76.0,0.0,19.4,23.0,0.0,0.0,2271.52,67825.86,74666.79,0.0,0.0,0.0,0.0,0.0,0.0,0.0,35.47,29.87,48.45,0.0,0.0,0.0,0.0,0.0,0.0,0.0,0.0,0.0,0.0,0.0,0.0,0.0,0.0,0.0,0.0,0.0,0.0,0.0,0.0,0.0,0.0,0.0,0.0,235.97,10.13,237.86,10.08,235.48,10.17,-1.0,49.84
2026-10-06T22:40:01.796990+00:00,0.0,-39.6,19.6,20.0,30.1,76.0,0.0,19.4,23.0,0.0,0.0,2271.52,67825.86,74666.79,0.0,0.0,0.0,0.0,0.0,0.0,0.0,35.47,29.87,48.45,0.0,0.0,0.0,0.0,0.0,0.0,0.0,0.0,0.0,0.0,0.0,0.0,0.0,0.0,0.0,0.0,0.0,0.0,0.0,0.0,0.0,0.0,0.0,0.0,236.26,10.13,238.08,10.08,235.33,10.18,-1.0,49.85
2026-10-06T22:45:01.528475+00:00,0.0,-39.66,19.66,20.0,31.4,87.0,0.0,19.3,22.2,0.0,0.0,2271.52,67825.86,74666.79,0.0,0.0,0.0,0.0,0.0,0.0,0.0,35.47,29.87,48.45,0.0,0.0,0.0,0.0,0.0,0.0,0.0,0.0,0.0,0.0,0.0,0.0,0.0,0.0,0.0,0.0,0.0,0.0,0.0,0.0,0.0,0.0,0.0,0.0,236.7,10.11,238.17,10.07,235.7,10.16,-1.0,49.95
2026-10-06T22:50:01.547645+00:00,0.0,-37.59,17.69,19.9,32.7,87.0,0.0,19.3,22.2,0.0,0.0,2271.52,67825.86,74666.79,0.0,0.0,0.0,0.0,0.0,0.0,0.0,35.47,29.87,48.45,0.0,0.0,0.0,0.0,0.0,0.0,0.0,0.0,0.0,0.0,0.0,0.0,0.0,0.0,0.0,0.0,0.0,0.0,0.0,0.0,0.0,0.0,0.0,0.0,236.53,10.12,238.08,10.09,235.42,10.19,-1.0,49.89
2026-10-06T22:55:01.806608+00:00,0.0,-38.01,18.01,20.0,34.0,87.0,0.0,19.3,22.2,0.0,0.0,2271.52,67825.86,74666.79,0.0,0.0,0.0,0.0,0.0,0.0,0.0,35.47,29.87,48.45,0.0,0.0,0.0,0.0,0.0,0.0,0.0,0.0,0.0,0.0,0.0,0.0,0.0,0.0,0.0,0.0,0.0,0.0,0.0,0.0,0.0,0.0,0.0,0.0,236.63,10.12,238.44,10.07,235.86,10.17,-0.999,49.86
2026-10-06T23:00:01.276430+00:00,0.0,-37.98,17.98,20.0,35.3,95.0,0.0,19.3,21.6,0.0,0.0,2271.52,67825.86,74666.79,0.0,0.0,0.0,0.0,0.0,0.0,0.0,35.47,29.87,48.45,0.0,0.0,0.0,0.0,0.0,0.0,0.0,0.0,0.0,0.0,0.0,0.0,0.0,0.0,0.0,0.0,0.0,0.0,0.0,0.0,0.0,0.0,0.0,0.0,236.84,10.11,238.75,10.06,235.99,10.16,-1.0,49.94
2026-10-06T23:05:01.365841+00:00,0.0,-37.13,17.23,19.9,36.6,95.0,0.0,19.3,21.6,0.0,0.0,2271.52,67825.86,74666.79,0.0,0.0,0.0,0.0,0.0,0.0,0.0,35.47,29.87,48.45,0.0,0.0,0.0,0.0,0.0,0.0,0.0,0.0,0.0,0.0,0.0,0.0,0.0,0.0,0.0,0.0,0.0,0.0,0.0,0.0,0.0,0.0,0.0,0.0,237.03,10.12,239.0,10.06,235.91,10.18,-1.0,49.9
2026-10-06T23:10:01.638022+00:00,0.0,-38.99,18.99,20.0,37.8,95.0,0.0,19.3,21.6,0.0,0.0,2271.52,67825.86,74666.79,0.0,0.0,0.0,0.0,0.0,0.0,0.0,35.47,29.87,48.45,0.0,0.0,0.0,0.0,0.0,0.0,0.0,0.0,0.0,0.0,0.0,0.0,0.0,0.0,0.0,0.0,0.0,0.0,0.0,0.0,0.0,0.0,0.0,0.0,237.57,10.09,239.44,10.04,236.34,10.16,-1.0,50.02
2026-10-06T23:15:01.547209+00:00,0.0,-38.93,18.93,20.0,39.1,98.0,0.0,19.3,20.9,0.0,0.0,2271.52,67825.86,74666.79,0.0,0.0,0.0,0.0,0.0,0.0,0.0,35.47,29.87,48.45,0.0,0.0,0.0,0.0,0.0,0.0,0.0,0.0,0.0,0.0,0.0,0.0,0.0,0.0,0.0,0.0,0.0,0.0,0.0,0.0,0.0,0.0,0.0,0.0,236.12,10.14,237.72,10.1,235.49,10.18,-1.0,49.78
2026-10-06T23:20:01.314347+00:00,0.0,-38.94,19.04,19.9,40.4,98.0,0.0,19.3,20.9,0.0,0.0,2271.52,67825.86,74666.79,0.0,0.0,0.0,0.0,0.0,0.0,0.0,35.47,29.87,48.45,0.0,0.0,0.0,0.0,0.0,0.0,0.0,0.0,0.0,0.0,0.0,0.0,0.0,0.0,0.0,0.0,0.0,0.0,0.0,0.0,0.0,0.0,0.0,0.0,236.5,10.13,238.36,10.09,236.01,10.17,-1.0,49.81
2026-10-06T23:25:01.536253+00:00,0.0,-37.25,17.35,19.9,41.6,98.0,0.0,19.3,20.9,0.0,0.0,2271.52,67825.86,74666.79,0.0,0.0,0.0,0.0,0.0,0.0,0.0,35.47,29.87,48.45,0.0,0.0,0.0,0.0,0.0,0.0,0.0,0.0,0.0,0.0,0.0,0.0,0.0,0.0,0.0,0.0,0.0,0.0,0.0,0.0,0.0,0.0,0.0,0.0,236.45,10.13,238.14,10.09,235.71,10.18,-1.0,49.81
2026-10-06T23:30:01.219815+00:00,0.0,-37.35,17.45,19.9,42.9,98.0,0.0,19.3,20.2,0.0,0.0,2271.52,67825.86,74666.79,0.0,0.0,0.0,0.0,0.0,0.0,0.0,35.47,29.87,48.45,0.0,0.0,0.0,0.0,0.0,0.0,0.0,0.0,0.0,0.0,0.0,0.0,0.0,0.0,0.0,0.0,0.0,0.0,0.0,0.0,0.0,0.0,0.0,0.0,236.56,10.14,238.92,10.07,235.78,10.19,-1.0,49.8
2026-10-06T23:35:01.948052+00:00,0.0,-37.38,17.48,19.9,44.2,98.0,0.0,19.3,20.2,0.0,0.0,2271.52,67825.86,74666.79,0.0,0.0,0.0,0.0,0.0,0.0,0.0,35.47,29.87,48.45,0.0,0.0,0.0,0.0,0.0,0.0,0.0,0.0,0.0,0.0,0.0,0.0,0.0,0.0,0.0,0.0,0.0,0.0,0.0,0.0,0.0,0.0,0.0,0.0,236.83,10.11,238.53,10.07,236.04,10.16,-1.0,49.79
2026-10-06T23:40:01.971456+00:00,0.0,-37.43,17.53,19.9,45.4,98.0,0.0,19.3,20.2,0.0,0.0,2271.52,67825.86,74666.79,0.0,0.0,0.0,0.0,0.0,0.0,0.0,35.47,29.87,48.45,0.0,0.0,0.0,0.0,0.0,0.0,0.0,0.0,0.0,0.0,0.0,0.0,0.0,0.0,0.0,0.0,0.0,0.0,0.0,0.0,0.0,0.0,0.0,0.0,236.68,10.13,238.67,10.07,235.78,10.18,-1.0,49.8
2026-10-06T23:45:01.170281+00:00,0.0,-38.87,18.97,19.9,46.7,97.0,0.0,19.3,19.5,0.0,0.0,2271.52,67825.86,74666.79,0.0,0.0,0.0,0.0,0.0,0.0,0.0,35.47,29.87,48.45,0.0,0.0,0.0,0.0,0.0,0.0,0.0,0.0,0.0,0.0,0.0,0.0,0.0,0.0,0.0,0.0,0.0,0.0,0.0,0.0,0.0,0.0,0.0,0.0,236.96,10.12,238.59,10.08,236.19,10.17,-1.0,49.83
2026-10-06T23:50:01.612878+00:00,0.0,-38.56,18.66,19.9,48.0,97.0,0.0,19.3,19.5,0.0,0.0,2271.52,67825.86,74666.79,0.0,0.0,0.0,0.0,0.0,0.0,0.0,35.47,29.87,48.45,0.0,0.0,0.0,0.0,0.0,0.0,0.0,0.0,0.0,0.0,0.0,0.0,0.0,0.0,0.0,0.0,0.0,0.0,0.0,0.0,0.0,0.0,0.0,0.0,236.67,10.13,238.59,10.08,235.92,10.17,-1.0,49.81
2026-10-06T23:55:01.755924+00:00,0.0,-38.57,18.67,19.9,49.2,97.0,0.0,19.3,19.5,0.0,0.0,2271.52,67825.86,74666.79,0.0,0.0,0.0,0.0,0.0,0.0,0.0,35.47,29.87,48.45,0.0,0.0,0.0,0.0,0.0,0.0,0.0,0.0,0.0,0.0,0.0,0.0,0.0,0.0,0.0,0.0,0.0,0.0,0.0,0.0,0.0,0.0,0.0,0.0,236.5,10.15,238.2,10.1,236.27,10.17,-0.999,49.82
2026-10-07T00:00:01.161221+00:00,0.0,-36.87,16.97,19.9,50.5,97.0,0.0,19.3,19.2,0.0,0.0,2271.52,67825.86,74666.79,0.0,0.0,0.0,0.0,0.0,0.0,0.0,35.47,29.87,48.45,0.0,0.0,0.0,0.0,0.0,0.0,0.0,0.0,0.0,0.0,0.0,0.0,0.0,0.0,0.0,0.0,0.0,0.0,0.0,0.0,0.0,0.0,0.0,0.0,236.75,10.12,238.31,10.08,236.37,10.15,-1.0,49.82
2026-10-07T00:05:01.614617+00:00,0.0,-36.88,16.98,19.9,51.7,97.0,0.0,19.3,19.2,0.0,0.0,2271.52,67825.86,74666.79,0.0,0.0,0.0,0.0,0.0,0.0,0.0,35.47,29.87,48.45,0.0,0.0,0.0,0.0,0.0,0.0,0.0,0.0,0.0,0.0,0.0,0.0,0.0,0.0,0.0,0.0,0.0,0.0,0.0,0.0,0.0,0.0,0.0,0.0,236.66,10.13,238.52,10.08,236.45,10.15,-1.0,49.82
2026-10-07T00:10:01.781390+00:00,0.0,-37.07,17.07,20.0,53.0,97.0,0.0,19.3,19.2,0.0,0.0,2271.52,67825.86,74666.79,0.0,0.0,0.0,0.0,0.0,0.0,0.0,35.47,29.87,48.45,0.0,0.0,0.0,0.0,0.0,0.0,0.0,0.0,0.0,0.0,0.0,0.0,0.0,0.0,0.0,0.0,0.0,0.0,0.0,0.0,0.0,0.0,0.0,0.0,236.68,10.13,238.73,10.08,236.5,10.16,-1.0,49.81
2026-10-07T00:15:01.784165+00:00,0.0,-38.45,18.55,19.9,54.3,100.0,0.0,18.8,19.3,0.0,0.0,2271.52,67825.86,74666.79,0.0,0.0,0.0,0.0,0.0,0.0,0.0,35.47,29.87,48.45,0.0,0.0,0.0,0.0,0.0,0.0,0.0,0.0,0.0,0.0,0.0,0.0,0.0,0.0,0.0,0.0,0.0,0.0,0.0,0.0,0.0,0.0,0.0,0.0,236.78,10.12,238.6,10.07,236.29,10.16,-1.0,49.82
2026-10-07T00:20:01.935502+00:00,0.0,-38.48,18.58,19.9,55.5,100.0,0.0,18.8,19.9,0.0,0.0,2271.52,67825.86,74666.79,0.0,0.0,0.0,0.0,0.0,0.0,0.0,35.47,29.87,48.45,0.0,0.0,0.0,0.0,0.0,0.0,0.0,0.0,0.0,0.0,0.0,0.0,0.0,0.0,0.0,0.0,0.0,0.0,0.0,0.0,0.0,0.0,0.0,0.0,237.27,10.11,238.57,10.08,236.52,10.15,-1.0,49.91
2026-10-07T00:25:01.624842+00:00,0.0,-38.51,18.61,19.9,56.8,100.0,0.0,18.8,19.9,0.0,0.0,2271.52,67825.86,74666.79,0.0,0.0,0.0,0.0,0.0,0.0,0.0,35.47,29.87,48.45,0.0,0.0,0.0,0.0,0.0,0.0,0.0,0.0,0.0,0.0,0.0,0.0,0.0,0.0,0.0,0.0,0.0,0.0,0.0,0.0,0.0,0.0,0.0,0.0,236.77,10.13,238.43,10.09,236.24,10.17,-1.0,49.85
2026-10-07T00:30:01.262773+00:00,0.0,-40.74,20.84,19.9,58.1,99.0,0.0,18.8,20.5,0.0,0.0,2271.52,67825.86,74666.79,0.0,0.0,0.0,0.0,0.0,0.0,0.0,35.47,29.87,48.45,0.0,0.0,0.0,0.0,0.0,0.0,0.0,0.0,0.0,0.0,0.0,0.0,0.0,0.0,0.0,0.0,0.0,0.0,0.0,0.0,0.0,0.0,0.0,0.0,236.86,10.13,238.52,10.09,236.33,10.17,-1.0,49.86
2026-10-07T00:35:01.268267+00:00,0.0,-36.89,16.89,20.0,59.3,99.0,0.0,18.8,20.5,0.0,0.0,2271.52,67825.86,74666.79,0.0,0.0,0.0,0.0,0.0,0.0,0.0,35.47,29.87,48.45,0.0,0.0,0.0,0.0,0.0,0.0,0.0,0.0,0.0,0.0,0.0,0.0,0.0,0.0,0.0,0.0,0.0,0.0,0.0,0.0,0.0,0.0,0.0,0.0,236.8,10.15,238.79,10.1,235.78,10.21,-1.0,49.86
2026-10-07T00:40:01.866043+00:00,0.0,-37.06,17.16,19.9,60.6,99.0,0.0,18.8,20.5,0.0,0.0,2271.52,67825.86,74666.79,0.0,0.0,0.0,0.0,0.0,0.0,0.0,35.47,29.87,48.45,0.0,0.0,0.0,0.0,0.0,0.0,0.0,0.0,0.0,0.0,0.0,0.0,0.0,0.0,0.0,0.0,0.0,0.0,0.0,0.0,0.0,0.0,0.0,0.0,237.09,10.13,238.79,10.09,236.08,10.19,-0.999,49.93
2026-10-07T00:45:01.188061+00:00,0.0,-38.61,18.71,19.9,61.8,96.0,0.0,18.7,21.3,0.0,0.0,2271.52,67825.86,74666.79,0.0,0.0,0.0,0.0,0.0,0.0,0.0,35.47,29.87,48.45,0.0,0.0,0.0,0.0,0.0,0.0,0.0,0.0,0.0,0.0,0.0,0.0,0.0,0.0,0.0,0.0,0.0,0.0,0.0,0.0,0.0,0.0,0.0,0.0,237.22,10.13,238.59,10.1,235.96,10.2,-1.0,49.88
2026-10-07T00:50:01.178658+00:00,0.0,-39.96,19.96,20.0,63.1,96.0,0.0,18.7,21.3,0.0,0.0,2271.52,67825.86,74666.79,0.0,0.0,0.0,0.0,0.0,0.0,0.0,35.47,29.87,48.45,0.0,0.0,0.0,0.0,0.0,0.0,0.0,0.0,0.0,0.0,0.0,0.0,0.0,0.0,0.0,0.0,0.0,0.0,0.0,0.0,0.0,0.0,0.0,0.0,237.19,10.12,238.45,10.1,235.99,10.19,-1.0,49.84
2026-10-07T00:55:01.993735+00:00,0.0,-38.41,18.41,20.0,64.3,96.0,0.0,18.7,21.3,0.0,0.0,2271.52,67825.86,74666.79,0.0,0.0,0.0,0.0,0.0,0.0,0.0,35.47,29.87,48.45,0.0,0.0,0.0,0.0,0.0,0.0,0.0,0.0,0.0,0.0,0.0,0.0,0.0,0.0,0.0,0.0,0.0,0.0,0.0,0.0,0.0,0.0,0.0,0.0,237.15,10.14,238.48,10.11,236.16,10.19,-1.0,49.84
2026-10-07T01:00:01.773189+00:00,0.0,-38.66,18.66,20.0,65.6,95.0,0.0,18.6,21.7,0.0,0.0,2271.52,67825.86,74666.79,0.0,0.0,0.0,0.0,0.0,0.0,0.0,35.47,29.87,48.45,0.0,0.0,0.0,0.0,0.0,0.0,0.0,0.0,0.0,0.0,0.0,0.0,0.0,0.0,0.0,0.0,0.0,0.0,0.0,0.0,0.0,0.0,0.0,0.0,236.74,10.15,238.14,10.12,235.87,10.2,-1.0,49.81
2026-10-07T01:05:01.172588+00:00,0.0,-36.95,16.95,20.0,66.8,95.0,0.0,18.6,21.7,0.0,0.0,2271.52,67825.86,74666.79,0.0,0.0,0.0,0.0,0.0,0.0,0.0,35.47,29.87,48.45,0.0,0.0,0.0,0.0,0.0,0.0,0.0,0.0,0.0,0.0,0.0,0.0,0.0,0.0,0.0,0.0,0.0,0.0,0.0,0.0,0.0,0.0,0.0,0.0,236.96,10.14,238.0,10.12,235.73,10.21,-1.0,49.84
2026-10-07T01:10:01.567773+00:00,0.0,-36.92,16.92,20.0,68.1,95.0,0.0,18.6,21.7,0.0,0.0,2271.52,67825.86,74666.79,0.0,0.0,0.0,0.0,0.0,0.0,0.0,35.47,29.87,48.45,0.0,0.0,0.0,0.0,0.0,0.0,0.0,0.0,0.0,0.0,0.0,0.0,0.0,0.0,0.0,0.0,0.0,0.0,0.0,0.0,0.0,0.0,0.0,0.0,236.58,10.16,238.41,10.12,235.89,10.21,-1.0,49.82
2026-10-07T01:15:01.529937+00:00,0.0,-37.09,16.99,20.1,69.4,96.0,0.0,18.6,21.8,0.0,0.0,2271.52,67825.86,74666.79,0.0,0.0,0.0,0.0,0.0,0.0,0.0,35.47,29.87,48.45,0.0,0.0,0.0,0.0,0.0,0.0,0.0,0.0,0.0,0.0,0.0,0.0,0.0,0.0,0.0,0.0,0.0,0.0,0.0,0.0,0.0,0.0,0.0,0.0,237.2,10.12,238.8,10.08,236.4,10.17,-1.0,49.98
2026-10-07T01:20:01.177567+00:00,0.0,-38.49,18.49,20.0,70.6,96.0,0.0,18.6,21.8,0.0,0.0,2271.52,67825.86,74666.79,0.0,0.0,0.0,0.0,0.0,0.0,0.0,35.47,29.87,48.45,0.0,0.0,0.0,0.0,0.0,0.0,0.0,0.0,0.0,0.0,0.0,0.0,0.0,0.0,0.0,0.0,0.0,0.0,0.0,0.0,0.0,0.0,0.0,0.0,237.35,10.13,239.13,10.08,236.44,10.18,-1.0,50.05
2026-10-07T01:25:01.908901+00:00,0.0,-38.51,18.41,20.1,71.9,96.0,0.0,18.6,21.8,0.0,0.0,2271.52,67825.86,74666.79,0.0,0.0,0.0,0.0,0.0,0.0,0.0,35.47,29.87,48.45,0.0,0.0,0.0,0.0,0.0,0.0,0.0,0.0,0.0,0.0,0.0,0.0,0.0,0.0,0.0,0.0,0.0,0.0,0.0,0.0,0.0,0.0,0.0,0.0,237.89,10.09,239.24,10.06,236.92,10.15,-1.0,50.1
2026-10-07T01:30:02.089031+00:00,0.0,-38.55,18.45,20.1,73.2,97.0,0.0,18.5,21.7,0.0,0.0,2271.52,67825.86,74666.79,0.0,0.0,0.0,0.0,0.0,0.0,0.0,35.47,29.87,48.45,0.0,0.0,0.0,0.0,0.0,0.0,0.0,0.0,0.0,0.0,0.0,0.0,0.0,0.0,0.0,0.0,0.0,0.0,0.0,0.0,0.0,0.0,0.0,0.0,237.0,10.14,238.77,10.1,236.53,10.18,-1.0,50.01
2026-10-07T01:35:01.362770+00:00,0.0,-38.53,18.43,20.1,74.4,97.0,0.0,18.5,21.7,0.0,0.0,2271.52,67825.86,74666.79,0.0,0.0,0.0,0.0,0.0,0.0,0.0,35.47,29.87,48.45,0.0,0.0,0.0,0.0,0.0,0.0,0.0,0.0,0.0,0.0,0.0,0.0,0.0,0.0,0.0,0.0,0.0,0.0,0.0,0.0,0.0,0.0,0.0,0.0,237.43,10.12,239.45,10.06,237.2,10.15,-1.0,50.12
2026-10-07T01:40:01.615961+00:00,0.0,-36.99,16.89,20.1,75.6,97.0,0.0,18.5,21.7,0.0,0.0,2271.52,67825.86,74666.79,0.0,0.0,0.0,0.0,0.0,0.0,0.0,35.47,29.87,48.45,0.0,0.0,0.0,0.0,0.0,0.0,0.0,0.0,0.0,0.0,0.0,0.0,0.0,0.0,0.0,0.0,0.0,0.0,0.0,0.0,0.0,0.0,0.0,0.0,236.9,10.15,239.05,10.08,236.67,10.17,-1.0,49.95
2026-10-07T01:45:01.713174+00:00,0.0,-37.37,17.27,20.1,76.9,99.0,0.0,18.4,21.5,0.0,0.0,2271.52,67825.86,74666.79,0.0,0.0,0.0,0.0,0.0,0.0,0.0,35.47,29.87,48.45,0.0,0.0,0.0,0.0,0.0,0.0,0.0,0.0,0.0,0.0,0.0,0.0,0.0,0.0,0.0,0.0,0.0,0.0,0.0,0.0,0.0,0.0,0.0,0.0,237.48,10.12,239.38,10.07,236.95,10.16,-1.0,49.99
2026-10-07T01:50:01.493180+00:00,0.0,-38.72,18.62,20.1,78.2,99.0,0.0,18.4,21.5,0.0,0.0,2271.52,67825.86,74666.79,0.0,0.0,0.0,0.0,0.0,0.0,0.0,35.47,29.87,48.45,0.0,0.0,0.0,0.0,0.0,0.0,0.0,0.0,0.0,0.0,0.0,0.0,0.0,0.0,0.0,0.0,0.0,0.0,0.0,0.0,0.0,0.0,0.0,0.0,238.6,10.08,240.82,10.01,238.23,10.11,-1.0,50.16
2026-10-07T01:55:01.875553+00:00,0.0,-42.67,22.57,20.1,79.4,99.0,0.0,18.4,21.5,0.0,0.0,2271.52,67825.86,74666.79,0.0,0.0,0.0,0.0,0.0,0.0,0.0,35.47,29.87,48.45,0.0,0.0,0.0,0.0,0.0,0.0,0.0,0.0,0.0,0.0,0.0,0.0,0.0,0.0,0.0,0.0,0.0,0.0,0.0,0.0,0.0,0.0,0.0,0.0,238.11,10.11,240.18,10.05,237.54,10.15,-1.0,50.13
2026-10-07T02:00:01.414249+00:00,0.0,-38.39,18.29,20.1,80.7,100.0,0.0,18.4,21.4,0.0,0.0,2271.52,67825.86,74666.79,0.0,0.0,0.0,0.0,0.0,0.0,0.0,35.47,29.87,48.45,0.0,0.0,0.0,0.0,0.0,0.0,0.0,0.0,0.0,0.0,0.0,0.0,0.0,0.0,0.0,0.0,0.0,0.0,0.0,0.0,0.0,0.0,0.0,0.0,237.98,10.11,239.89,10.06,237.21,10.16,-0.999,50.11
2026-10-07T02:05:01.791934+00:00,0.0,-38.34,18.24,20.1,81.9,100.0,0.0,18.4,21.4,0.0,0.0,2271.52,67825.86,74666.79,0.0,0.0,0.0,0.0,0.0,0.0,0.0,35.47,29.87,48.45,0.0,0.0,0.0,0.0,0.0,0.0,0.0,0.0,0.0,0.0,0.0,0.0,0.0,0.0,0.0,0.0,0.0,0.0,0.0,0.0,0.0,0.0,0.0,0.0,237.86,10.1,239.87,10.05,237.13,10.15,-0.999,50.03
2026-10-07T02:10:01.914665+00:00,0.0,-37.09,16.99,20.1,83.2,100.0,0.0,18.4,21.4,0.0,0.0,2271.52,67825.86,74666.79,0.0,0.0,0.0,0.0,0.0,0.0,0.0,35.47,29.87,48.45,0.0,0.0,0.0,0.0,0.0,0.0,0.0,0.0,0.0,0.0,0.0,0.0,0.0,0.0,0.0,0.0,0.0,0.0,0.0,0.0,0.0,0.0,0.0,0.0,236.34,10.18,238.66,10.11,235.61,10.23,-1.0,49.85
2026-10-07T02:15:01.709160+00:00,0.0,-37.08,16.98,20.1,84.4,100.0,0.0,18.3,21.2,0.0,0.0,2271.52,67825.86,74666.79,0.0,0.0,0.0,0.0,0.0,0.0,0.0,35.47,29.87,48.45,0.0,0.0,0.0,0.0,0.0,0.0,0.0,0.0,0.0,0.0,0.0,0.0,0.0,0.0,0.0,0.0,0.0,0.0,0.0,0.0,0.0,0.0,0.0,0.0,236.49,10.16,238.87,10.09,235.72,10.21,-0.999,49.97
2026-10-07T02:20:01.157072+00:00,0.0,-36.98,16.88,20.1,85.6,100.0,0.0,18.3,21.2,0.0,0.0,2271.52,67825.86,74666.79,0.0,0.0,0.0,0.0,0.0,0.0,0.0,35.47,29.87,48.45,0.0,0.0,0.0,0.0,0.0,0.0,0.0,0.0,0.0,0.0,0.0,0.0,0.0,0.0,0.0,0.0,0.0,0.0,0.0,0.0,0.0,0.0,0.0,0.0,237.05,10.15,238.6,10.12,235.57,10.23,-1.0,50.07
2026-10-07T02:25:01.906549+00:00,0.0,-37.12,17.02,20.1,86.9,100.0,0.0,18.3,21.2,0.0,0.0,2271.52,67825.86,74666.79,0.0,0.0,0.0,0.0,0.0,0.0,0.0,35.47,29.87,48.45,0.0,0.0,0.0,0.0,0.0,0.0,0.0,0.0,0.0,0.0,0.0,0.0,0.0,0.0,0.0,0.0,0.0,0.0,0.0,0.0,0.0,0.0,0.0,0.0,236.53,10.18,238.49,10.12,235.5,10.23,-0.999,49.95
2026-10-07T02:30:01.427142+00:00,0.0,-40.4,20.3,20.1,88.1,100.0,0.0,18.3,20.9,0.0,0.0,2271.52,67825.86,74666.79,0.0,0.0,0.0,0.0,0.0,0.0,0.0,35.47,29.87,48.45,0.0,0.0,0.0,0.0,0.0,0.0,0.0,0.0,0.0,0.0,0.0,0.0,0.0,0.0,0.0,0.0,0.0,0.0,0.0,0.0,0.0,0.0,0.0,0.0,237.33,10.14,238.97,10.1,236.07,10.21,-1.0,50.1
2026-10-07T02:35:02.031336+00:00,0.0,-38.63,18.63,20.0,89.3,100.0,0.0,18.3,20.9,0.0,0.0,2271.52,67825.86,74666.79,0.0,0.0,0.0,0.0,0.0,0.0,0.0,35.47,29.87,48.45,0.0,0.0,0.0,0.0,0.0,0.0,0.0,0.0,0.0,0.0,0.0,0.0,0.0,0.0,0.0,0.0,0.0,0.0,0.0,0.0,0.0,0.0,0.0,0.0,237.15,10.16,238.95,10.11,235.99,10.22,-1.0,49.99
2026-10-07T02:40:01.679893+00:00,0.0,-37.01,17.01,20.0,90.6,100.0,0.0,18.3,20.9,0.0,0.0,2271.52,67825.86,74666.79,0.0,0.0,0.0,0.0,0.0,0.0,0.0,35.47,29.87,48.45,0.0,0.0,0.0,0.0,0.0,0.0,0.0,0.0,0.0,0.0,0.0,0.0,0.0,0.0,0.0,0.0,0.0,0.0,0.0,0.0,0.0,0.0,0.0,0.0,235.58,10.24,237.35,10.19,234.66,10.29,-1.0,49.81
2026-10-07T02:45:02.145733+00:00,0.0,-36.87,16.87,20.0,91.8,99.0,0.0,18.3,20.8,0.0,0.0,2271.52,67825.86,74666.79,0.0,0.0,0.0,0.0,0.0,0.0,0.0,35.47,29.87,48.45,0.0,0.0,0.0,0.0,0.0,0.0,0.0,0.0,0.0,0.0,0.0,0.0,0.0,0.0,0.0,0.0,0.0,0.0,0.0,0.0,0.0,0.0,0.0,0.0,235.67,10.22,237.48,10.18,234.23,10.3,-1.0,49.84
2026-10-07T02:50:01.614425+00:00,0.0,-36.81,16.81,20.0,93.1,99.0,0.0,18.3,20.8,0.0,0.0,2271.52,67825.86,74666.79,0.0,0.0,0.0,0.0,0.0,0.0,0.0,35.47,29.87,48.45,0.0,0.0,0.0,0.0,0.0,0.0,0.0,0.0,0.0,0.0,0.0,0.0,0.0,0.0,0.0,0.0,0.0,0.0,0.0,0.0,0.0,0.0,0.0,0.0,235.64,10.25,237.66,10.19,234.42,10.32,-1.0,49.94
2026-10-07T02:55:01.257756+00:00,0.0,-38.26,18.26,20.0,94.4,99.0,0.0,18.3,20.8,0.0,0.0,2271.52,67825.86,74666.79,0.0,0.0,0.0,0.0,0.0,0.0,0.0,35.47,29.87,48.45,0.0,0.0,0.0,0.0,0.0,0.0,0.0,0.0,0.0,0.0,0.0,0.0,0.0,0.0,0.0,0.0,0.0,0.0,0.0,0.0,0.0,0.0,0.0,0.0,235.07,10.27,236.82,10.23,233.87,10.34,-0.999,49.81
2026-10-07T03:00:01.362838+00:00,0.0,-38.41,18.41,20.0,95.6,98.0,0.0,18.2,20.6,0.0,0.0,2271.52,67825.86,74666.79,0.0,0.0,0.0,0.0,0.0,0.0,0.0,35.47,29.87,48.45,0.0,0.0,0.0,0.0,0.0,0.0,0.0,0.0,0.0,0.0,0.0,0.0,0.0,0.0,0.0,0.0,0.0,0.0,0.0,0.0,0.0,0.0,0.0,0.0,236.24,10.23,237.56,10.2,234.89,10.3,-1.0,50.13
2026-10-07T03:05:01.814370+00:00,0.0,-38.25,18.25,20.0,96.8,98.0,0.0,18.2,20.6,0.0,0.0,2271.52,67825.86,74666.79,0.0,0.0,0.0,0.0,0.0,0.0,0.0,35.47,29.87,48.45,0.0,0.0,0.0,0.0,0.0,0.0,0.0,0.0,0.0,0.0,0.0,0.0,0.0,0.0,0.0,0.0,0.0,0.0,0.0,0.0,0.0,0.0,0.0,0.0,235.98,10.27,237.96,10.21,234.53,10.34,-1.0,50.08
2026-10-07T03:10:01.522010+00:00,0.0,-36.73,16.73,20.0,98.1,98.0,0.0,18.2,20.6,0.0,0.0,2271.52,67825.86,74666.79,0.0,0.0,0.0,0.0,0.0,0.0,0.0,35.47,29.87,48.45,0.0,0.0,0.0,0.0,0.0,0.0,0.0,0.0,0.0,0.0,0.0,0.0,0.0,0.0,0.0,0.0,0.0,0.0,0.0,0.0,0.0,0.0,0.0,0.0,234.81,10.31,236.54,10.27,233.36,10.39,-1.0,49.85
2026-10-07T03:15:01.557912+00:00,0.0,-37.01,17.11,19.9,99.3,97.0,0.0,18.2,20.5,0.0,0.0,2271.52,67825.86,74666.79,0.0,0.0,0.0,0.0,0.0,0.0,0.0,35.47,29.87,48.45,0.0,0.0,0.0,0.0,0.0,0.0,0.0,0.0,0.0,0.0,0.0,0.0,0.0,0.0,0.0,0.0,0.0,0.0,0.0,0.0,0.0,0.0,0.0,0.0,235.0,10.32,236.87,10.27,233.65,10.4,-1.0,50.15
2026-10-07T03:20:01.169501+00:00,0.0,-36.14,16.94,19.2,99.9,97.0,0.0,18.2,20.5,0.0,0.0,2271.52,67825.86,74666.79,0.0,0.0,0.0,0.0,0.0,0.0,0.0,35.47,29.87,48.45,199.0,0.0,190.6,0.01,193.3,0.02,0.0,0.0,200.6,0.01,0.0,0.0,197.0,0.01,189.6,0.02,216.6,0.02,203.3,0.01,215.7,0.01,0.0,0.0,232.71,11.12,234.79,11.05,231.68,11.18,-1.0,49.85
2026-10-07T03:25:01.982337+00:00,0.0,-18.34,17.74,0.0,100.0,97.0,0.0,18.2,20.5,0.0,0.0,2271.52,67825.86,74666.79,0.0,0.0,0.0,0.0,0.0,0.0,0.0,35.47,29.87,48.45,186.4,0.01,176.1,0.03,177.8,0.02,0.0,0.0,168.1,0.0,0.0,0.0,217.4,0.02,172.2,0.04,219.9,0.02,200.8,0.02,182.5,0.03,0.0,0.0,235.08,9.92,237.12,9.87,234.16,9.98,-0.524,49.91
2026-10-07T03:30:01.403011+00:00,0.0,-18.32,17.72,0.0,100.0,96.0,0.0,18.2,20.5,0.0,0.0,2271.52,67825.86,74666.79,0.0,0.0,0.0,0.0,0.0,0.0,0.0,35.47,29.87,48.45,183.8,0.02,200.3,0.06,176.2,0.05,0.0,0.0,168.3,-0.02,0.0,0.0,235.6,0.04,172.8,0.09,220.5,0.04,227.4,0.03,177.7,0.05,0.0,0.0,237.96,0.71,239.76,0.72,236.67,0.71,-0.85,50.04
2026-10-07T03:35:02.108362+00:00,0.0,-16.9,16.3,0.0,100.0,96.0,0.0,18.2,20.5,0.0,0.0,2271.52,67825.86,74666.79,0.0,0.0,0.0,0.0,0.0,0.0,0.0,35.47,29.87,48.45,167.1,-0.01,208.9,0.08,169.1,0.07,0.0,0.0,173.9,-0.03,0.0,0.0,284.7,0.05,172.0,0.09,224.0,0.04,239.8,0.06,166.3,0.07,0.0,0.0,239.71,0.61,241.56,0.62,238.34,0.62,-0.888,49.98
2026-10-07T03:40:01.972145+00:00,0.0,-16.77,16.17,0.0,100.0,96.0,0.0,18.2,20.5,0.0,0.0,2271.52,67825.86,74666.79,0.0,0.0,0.0,0.0,0.0,0.0,0.0,35.47,29.87,48.45,167.9,-0.04,228.2,0.07,167.9,0.02,0.0,0.0,181.5,-0.03,0.0,0.0,330.3,0.07,192.1,0.07,188.0,-0.05,262.5,0.1,179.1,0.04,0.0,0.0,238.09,0.59,240.21,0.61,236.52,0.6,-0.689,49.83
2026-10-07T03:45:01.717991+00:00,0.0,-16.79,16.19,0.0,100.0,95.0,0.0,18.1,20.3,0.0,0.0,2271.52,67825.86,74666.79,0.0,0.0,0.0,0.0,0.0,0.0,0.0,35.47,29.87,48.45,167.6,0.01,266.3,0.1,216.3,0.03,0.0,0.0,170.7,0.06,0.0,0.0,362.8,0.09,225.8,0.06,169.7,-0.01,322.3,0.13,223.5,0.08,0.0,0.0,237.96,0.69,240.15,0.7,236.33,0.7,-0.584,49.9
2026-10-07T03:50:01.442053+00:00,0.0,-17.73,17.33,0.0,100.0,95.0,0.0,18.1,20.3,0.0,0.0,2271.52,67825.86,74666.79,0.0,0.0,0.0,0.0,0.0,0.0,0.0,35.47,29.87,48.45,209.5,-0.04,329.1,0.15,264.1,0.1,0.0,0.0,199.3,0.02,0.0,0.0,370.1,0.11,249.3,0.09,173.4,0.01,377.9,0.14,276.5,0.14,0.0,0.0,238.31,0.68,240.31,0.7,236.75,0.71,-0.666,50.09
2026-10-07T03:55:01.747885+00:00,0.0,-19.38,19.38,0.0,100.0,95.0,0.0,18.1,20.3,0.0,0.0,2271.52,67825.86,74666.79,0.0,0.0,0.0,0.0,0.0,0.0,0.0,35.47,29.87,48.45,212.9,-0.03,362.1,0.16,294.3,0.12,0.0,0.0,317.9,-0.04,0.0,0.0,367.3,0.14,275.0,0.11,183.7,0.01,377.6,0.15,257.0,0.12,0.0,0.0,238.31,0.62,240.36,0.64,236.53,0.63,-0.719,50.01
2026-10-07T04:00:01.412609+00:00,0.0,-22.33,22.33,0.0,100.0,95.0,4.0,18.1,20.3,0.0,0.0,2271.52,67825.86,74666.79,0.0,0.0,0.0,0.0,0.0,0.0,0.0,35.47,29.87,48.45,248.1,-0.04,376.5,0.15,305.9,0.11,0.0,0.0,429.2,-0.04,0.0,0.0,382.9,0.16,328.9,0.14,234.7,-0.04,379.3,0.14,270.1,0.12,0.0,0.0,237.84,0.54,239.72,0.57,236.09,0.55,-0.404,49.96
2026-10-07T04:05:02.026767+00:00,0.0,-16.67,16.67,0.0,100.0,95.0,4.0,18.1,20.3,0.0,0.0,2271.52,67825.86,74666.79,0.0,0.0,0.0,0.0,0.0,0.0,0.0,35.47,29.87,48.45,275.7,-0.03,409.6,0.12,381.5,0.14,0.0,0.0,477.4,-0.03,0.0,0.0,390.3,0.16,450.0,0.16,243.8,-0.02,433.4,0.12,290.7,0.12,0.0,0.0,237.68,0.53,239.98,0.55,236.4,0.54,-0.538,50.15
2026-10-07T04:10:01.837010+00:00,0.0,-16.61,16.61,0.0,100.0,95.0,4.0,18.1,20.3,0.0,0.0,2271.52,67825.86,74666.79,0.0,0.0,0.0,0.0,0.0,0.0,0.0,35.47,29.87,48.45,317.7,-0.02,435.7,0.09,377.2,0.11,0.0,0.0,491.1,-0.03,0.0,0.0,407.7,0.14,479.6,0.14,265.4,-0.01,468.2,0.1,338.9,0.14,0.0,0.0,236.74,0.52,239.15,0.56,235.57,0.54,-0.604,50.04
2026-10-07T04:15:01.594761+00:00,0.0,-17.21,17.21,0.0,100.0,96.0,4.0,18.2,20.3,0.0,0.0,2271.52,67825.86,74666.79,0.0,0.0,0.0,0.0,0.0,0.0,0.0,35.47,29.87,48.45,340.8,0.0,426.2,0.06,393.2,0.08,0.0,0.0,453.7,0.04,0.0,0.0,448.2,0.11,496.6,0.12,307.5,0.01,498.4,0.1,393.1,0.13,0.0,0.0,237.45,0.52,239.26,0.53,235.92,0.51,-0.779,50.11
2026-10-07T04:20:01.909158+00:00,0.0,-17.01,17.01,0.0,100.0,96.0,4.0,18.2,20.3,0.0,0.0,2271.52,67825.86,74666.79,0.0,0.0,0.0,0.0,0.0,0.0,0.01,35.47,29.87,48.45,396.4,0.06,433.8,0.07,436.6,0.08,0.0,0.0,440.0,0.14,0.0,0.0,448.1,0.1,457.7,0.08,358.8,0.06,472.1,0.07,427.0,0.12,0.0,0.0,236.74,0.55,239.0,0.57,235.44,0.56,-0.345,50.05
2026-10-07T04:25:02.035117+00:00,0.0,-18.55,18.55,0.0,100.0,96.0,4.0,18.2,20.3,0.0,0.0,2271.52,67825.86,74666.79,0.0,0.0,0.0,0.0,0.0,0.0,0.01,35.47,29.87,48.45,401.8,0.13,469.1,0.09,458.9,0.08,0.0,0.0,460.2,0.2,0.0,0.0,444.9,0.11,455.7,0.08,406.6,0.12,443.4,0.08,445.1,0.12,0.0,0.0,239.39,0.49,241.49,0.52,238.15,0.51,-0.026,50.15
2026-10-07T04:30:01.737500+00:00,0.0,-18.36,18.36,0.0,100.0,97.0,4.0,18.2,20.2,0.0,0.0,2271.52,67825.86,74666.79,0.0,0.0,0.0,0.0,0.02,0.0,0.01,35.47,29.87,48.45,408.6,0.17,469.7,0.1,458.0,0.09,0.0,0.0,443.0,0.25,0.0,0.0,461.3,0.12,456.9,0.09,411.7,0.16,448.1,0.1,465.7,0.13,0.0,0.0,239.58,0.57,241.6,0.56,238.48,0.58,0.21,50.19
2026-10-07T04:35:01.452539+00:00,0.0,-17.39,17.39,0.0,100.0,97.0,4.0,18.2,20.2,0.0,0.02,2271.54,67825.88,74666.81,0.0,0.0,0.0,0.06,0.11,0.08,0.01,35.47,29.87,48.45,436.9,0.33,467.7,0.25,459.3,0.21,0.0,0.0,462.5,0.31,0.0,0.0,459.5,0.24,467.4,0.27,498.9,0.28,471.5,0.23,454.4,0.23,0.0,0.0,240.25,0.52,242.11,0.55,238.52,0.54,0.378,50.19
2026-10-07T04:40:01.622676+00:00,1.0,-15.1,16.1,0.0,100.0,97.0,4.0,18.2,20.2,0.0,0.05,2271.57,67825.91,74666.84,0.0,0.0,0.0,0.16,0.17,0.16,0.01,35.47,29.87,48.45,471.9,0.35,471.3,0.35,473.6,0.31,0.0,0.0,476.7,0.29,0.0,0.0,470.8,0.33,470.8,0.38,470.5,0.36,474.4,0.33,460.7,0.32,0.0,0.0,239.29,0.6,241.78,0.61,238.22,0.62,0.799,49.97
2026-10-07T04:45:01.598511+00:00,1.3,-14.8,16.1,0.0,100.0,99.0,4.0,18.3,20.1,0.0,0.12,2271.64,67825.98,74666.91,0.0,0.0,0.0,0.33,0.37,0.33,0.01,35.47,29.87,48.45,475.3,0.35,472.0,0.41,482.1,0.41,0.0,0.0,470.1,0.3,0.0,0.0,504.4,0.39,480.1,0.45,474.4,0.36,482.3,0.39,489.0,0.42,0.0,0.0,240.53,0.7,242.81,0.71,239.07,0.7,0.825,50.14
2026-10-07T04:50:01.531778+00:00,1.8,-18.58,20.38,0.0,100.0,99.0,4.0,18.3,20.1,0.0,0.2,2271.72,67826.06,74666.99,0.0,0.0,0.0,0.43,0.46,0.41,0.01,35.47,29.87,48.45,482.6,0.37,482.0,0.42,484.7,0.43,0.0,0.0,485.0,0.37,0.0,0.0,488.3,0.45,492.9,0.45,485.5,0.37,488.5,0.4,513.0,0.45,0.0,0.0,240.85,0.74,243.38,0.75,239.77,0.76,0.843,50.15
2026-10-07T04:55:01.978447+00:00,2.4,-19.35,21.75,0.0,100.0,99.0,4.0,18.3,20.1,0.0,0.33,2271.85,67826.19,74667.12,0.0,0.0,0.0,0.62,0.62,0.62,0.01,35.47,29.87,48.45,486.6,0.5,501.9,0.46,497.6,0.45,0.0,0.0,514.8,0.52,0.0,0.0,490.1,0.49,512.9,0.44,481.2,0.51,500.0,0.44,496.0,0.5,0.0,0.0,240.9,1.02,243.46,1.03,240.28,1.03,0.932,50.16
2026-10-07T05:00:01.228286+00:00,2.1,-15.87,17.97,0.0,100.0,100.0,57.0,18.4,20.0,0.0,0.51,2272.03,67826.37,74667.3,0.0,0.0,0.0,0.77,0.81,0.78,0.01,35.47,29.87,48.45,499.0,0.72,501.6,0.63,500.5,0.58,0.0,0.0,493.6,0.72,0.0,0.0,500.2,0.62,498.9,0.62,516.3,0.69,505.9,0.6,499.0,0.62,0.0,0.0,240.49,1.18,242.61,1.18,239.41,1.19,0.98,49.96
2026-10-07T05:05:01.611201+00:00,2.4,42.64,19.76,-60.0,96.0,100.0,57.0,18.4,20.0,0.0,0.71,2272.23,67826.57,74667.5,0.0,0.0,0.0,0.7,0.74,0.71,1.75,35.47,29.87,48.45,502.5,0.78,499.3,0.76,501.6,0.71,0.0,0.0,496.4,0.76,0.0,0.0,506.2,0.73,500.1,0.75,495.6,0.81,501.8,0.73,497.0,0.73,0.0,0.0,241.3,1.12,243.48,1.11,240.49,1.13,1.0,50.17
2026-10-07T05:10:01.300648+00:00,2.6,40.05,23.45,-60.9,91.9,100.0,57.0,18.4,20.0,0.0,0.92,2272.44,67826.78,74667.71,0.0,0.0,0.0,0.0,0.0,0.0,3.53,35.47,29.87,48.45,493.8,0.68,498.3,0.66,495.1,0.61,0.0,0.0,492.6,0.65,0.0,0.0,490.5,0.65,493.7,0.65,497.7,0.69,492.1,0.64,493.7,0.62,0.0,0.0,244.35,37.12,245.41,27.42,241.95,27.13,1.0,50.15
2026-10-07T05:15:01.366719+00:00,3.9,39.93,22.37,-58.4,87.9,100.0,57.0,18.4,19.5,0.0,1.13,2272.65,67826.99,74667.92,0.0,0.0,0.0,0.0,0.0,0.0,5.31,35.47,29.87,48.45,494.4,0.64,506.0,0.6,494.6,0.56,0.0,0.0,487.5,0.64,0.0,0.0,492.1,0.6,480.4,0.61,482.5,0.68,493.4,0.59,493.4,0.58,0.0,0.0,243.23,37.94,243.94,27.76,241.15,27.46,1.0,49.94
2026-10-07T05:20:01.536711+00:00,3.0,40.31,22.59,-59.9,83.5,100.0,57.0,18.4,19.5,0.0,1.41,2272.93,67827.27,74668.2,0.0,0.0,0.0,0.0,0.05,0.0,7.23,35.47,29.87,48.45,498.5,0.79,502.7,0.8,503.4,0.77,0.0,0.0,496.8,0.8,0.0,0.0,497.9,0.83,498.3,0.81,501.1,0.79,494.5,0.8,500.0,0.82,0.0,0.0,244.15,40.81,244.46,25.39,241.3,25.47,1.0,50.15
2026-10-07T05:25:01.463352+00:00,2.5,37.49,27.51,-62.5,79.0,100.0,57.0,18.4,19.5,0.0,1.69,2273.21,67827.55,74668.48,0.0,0.0,0.0,0.0,0.0,0.0,9.19,35.47,29.87,48.45,499.4,0.78,501.9,0.81,503.5,0.78,0.0,0.0,500.8,0.79,0.0,0.0,505.0,0.83,498.3,0.82,494.1,0.8,502.0,0.79,498.7,0.84,0.0,0.0,244.0,41.46,244.25,25.46,241.45,25.39,1.0,50.13
2026-10-07T05:30:02.097851+00:00,3.4,39.28,20.42,-56.3,74.5,100.0,57.0,18.5,18.9,0.0,1.91,2273.43,67827.77,74668.7,0.0,0.0,0.0,0.0,0.0,0.0,11.16,35.47,29.87,48.45,492.9,0.68,493.3,0.7,499.7,0.63,0.0,0.0,493.6,0.64,0.0,0.0,500.4,0.68,495.3,0.69,498.0,0.68,501.0,0.66,494.1,0.66,0.0,0.0,244.01,40.24,244.83,27.84,241.7,27.44,1.0,50.22
2026-10-07T05:35:01.263453+00:00,4.5,38.21,19.69,-53.4,70.3,100.0,57.0,18.5,18.9,0.0,2.15,2273.67,67828.01,74668.94,0.0,0.0,0.0,0.0,0.0,0.0,12.98,35.47,29.87,48.45,496.8,0.7,499.1,0.73,495.0,0.69,0.0,0.0,489.8,0.68,0.0,0.0,495.4,0.75,494.0,0.74,500.0,0.7,495.0,0.71,493.3,0.73,0.0,0.0,244.02,38.08,243.98,25.39,241.35,24.85,1.0,50.21
2026-10-07T05:40:02.130549+00:00,6.0,39.12,20.58,-53.7,66.2,100.0,57.0,18.5,18.9,0.0,2.48,2274.0,67828.34,74669.27,0.0,0.0,0.0,0.0,0.49,0.15,14.79,35.47,29.87,48.45,504.4,0.92,505.3,0.89,498.9,0.86,0.0,0.0,510.4,0.95,0.0,0.0,504.8,0.92,502.5,0.89,502.7,0.93,502.7,0.87,503.5,0.92,0.0,0.0,243.46,38.32,243.42,23.92,240.52,23.58,1.0,50.26
2026-10-07T05:45:01.966795+00:00,5.7,40.02,21.48,-55.8,62.1,100.0,57.0,18.5,18.2,0.0,2.9,2274.42,67828.76,74669.69,0.0,0.0,0.0,0.53,0.89,0.67,16.58,35.47,29.87,48.45,509.8,1.22,512.5,1.2,511.0,1.13,0.0,0.0,510.3,1.19,0.0,0.0,512.6,1.2,506.6,1.18,512.9,1.23,507.9,1.19,507.2,1.2,0.0,0.0,241.75,38.03,241.71,25.43,238.84,25.14,1.0,50.01
2026-10-07T05:50:02.031518+00:00,5.3,40.05,18.75,-53.5,58.2,100.0,57.0,18.5,18.2,0.0,3.37,2274.89,67829.23,74670.16,0.0,0.0,0.0,0.43,0.59,0.53,18.29,35.47,29.87,48.45,510.0,1.31,515.3,1.31,518.1,1.25,0.0,0.0,504.1,1.28,0.0,0.0,511.6,1.35,511.0,1.32,509.3,1.33,509.7,1.3,510.6,1.34,0.0,0.0,243.72,39.67,243.63,25.41,240.91,25.26,1.0,50.03
2026-10-07T05:55:01.978364+00:00,3.0,41.58,20.42,-59.0,54.2,100.0,57.0,18.5,18.2,0.0,3.87,2275.39,67829.73,74670.66,0.0,0.0,0.0,0.49,0.65,0.44,20.04,35.47,29.87,48.45,512.0,1.37,513.3,1.39,517.5,1.32,0.0,0.0,513.5,1.37,0.0,0.0,514.2,1.42,514.1,1.38,505.5,1.4,514.2,1.36,511.1,1.43,0.0,0.0,242.71,38.5,242.56,23.83,239.56,23.67,1.0,49.77
2026-10-07T06:00:01.654160+00:00,2.7,40.0,16.8,-54.1,50.3,100.0,101.0,18.6,17.7,0.0,4.22,2275.74,67830.08,74671.01,0.0,0.0,0.0,0.0,0.0,0.0,21.77,35.47,29.87,48.45,506.5,1.0,508.7,0.98,508.3,0.94,0.0,0.0,503.0,1.01,0.0,0.0,505.6,0.99,507.2,0.96,499.5,1.02,505.5,0.96,503.5,0.99,0.0,0.0,244.2,39.89,243.77,26.29,241.02,25.8,1.0,49.84
2026-10-07T06:05:01.572720+00:00,2.4,39.86,15.64,-53.1,46.3,100.0,101.0,18.6,17.7,0.0,4.45,2275.97,67830.31,74671.24,0.0,0.0,0.0,0.0,0.0,0.0,23.51,35.47,29.87,48.45,495.4,0.69,498.0,0.73,498.4,0.7,0.0,0.0,490.9,0.66,0.0,0.0,495.4,0.74,494.6,0.73,490.2,0.71,492.8,0.72,493.3,0.73,0.0,0.0,243.64,37.16,243.99,23.74,241.29,23.33,1.0,49.9
2026-10-07T06:10:01.739613+00:00,2.1,39.95,21.35,-59.2,42.1,100.0,101.0,18.6,17.7,0.0,4.67,2276.19,67830.53,74671.46,0.0,0.0,0.0,0.0,0.0,0.0,25.36,35.47,29.87,48.45,490.7,0.67,496.3,0.68,494.7,0.64,0.0,0.0,494.7,0.63,0.0,0.0,492.1,0.68,490.0,0.67,498.3,0.67,492.4,0.65,497.0,0.65,0.0,0.0,244.38,34.74,245.04,23.66,241.83,23.22,1.0,50.07
2026-10-07T06:15:01.332410+00:00,2.6,40.47,21.93,-59.8,37.8,100.0,101.0,18.7,17.2,0.0,4.85,2276.37,67830.71,74671.64,0.0,0.0,0.0,0.0,0.0,0.0,27.24,35.47,29.87,48.45,493.0,0.62,498.7,0.57,490.1,0.52,0.0,0.0,492.3,0.6,0.0,0.0,492.6,0.56,487.3,0.56,478.3,0.64,490.9,0.55,488.8,0.54,0.0,0.0,243.57,39.29,243.75,25.77,240.61,25.25,1.0,49.9
2026-10-07T06:20:01.206198+00:00,3.0,35.25,27.65,-59.9,33.4,100.0,101.0,18.7,17.2,0.0,5.06,2276.58,67830.92,74671.85,0.0,0.0,0.0,0.0,0.0,0.0,29.13,35.47,29.87,48.46,485.4,0.65,490.5,0.63,495.5,0.58,0.0,0.0,488.2,0.63,0.0,0.0,488.2,0.63,486.1,0.62,495.1,0.64,496.1,0.61,488.6,0.62,0.0,0.0,243.95,45.13,243.25,23.9,240.15,23.47,1.0,49.89
2026-10-07T06:25:01.991475+00:00,3.3,37.68,23.72,-58.1,29.1,100.0,101.0,18.7,17.2,0.0,5.3,2276.82,67831.16,74672.09,0.0,0.0,0.0,0.0,0.0,0.0,31.02,35.47,29.87,48.46,499.2,0.69,496.6,0.73,499.9,0.68,0.0,0.0,496.1,0.67,0.0,0.0,491.4,0.75,492.2,0.74,498.5,0.7,494.4,0.71,494.9,0.74,0.0,0.0,243.19,34.2,244.32,29.18,241.17,28.64,1.0,50.03
2026-10-07T06:30:01.992084+00:00,3.8,39.56,21.34,-57.1,24.8,100.0,101.0,18.8,16.6,0.0,5.55,2277.07,67831.41,74672.34,0.0,0.0,0.0,0.0,0.0,0.0,32.87,35.47,29.87,48.46,501.3,0.69,494.0,0.76,502.4,0.72,0.0,0.0,497.6,0.68,0.0,0.0,491.7,0.79,497.8,0.76,494.0,0.73,493.8,0.74,498.2,0.78,0.0,0.0,242.85,33.37,244.12,29.11,240.68,28.98,1.0,49.94
2026-10-07T06:35:01.649870+00:00,4.4,36.66,23.04,-55.3,20.6,100.0,101.0,18.8,16.6,0.0,5.85,2277.37,67831.71,74672.64,0.0,0.0,0.0,0.0,0.0,0.0,34.68,35.47,29.87,48.46,503.1,0.81,504.3,0.82,500.9,0.8,0.0,0.0,502.7,0.86,0.0,0.0,499.9,0.86,503.9,0.82,494.7,0.83,500.8,0.81,502.5,0.86,0.0,0.0,244.21,38.07,243.97,26.05,240.77,25.8,1.0,50.12
2026-10-07T06:40:01.462691+00:00,3.8,-22.67,26.47,0.0,19.9,100.0,101.0,18.9,16.8,0.0,6.18,2277.7,67832.04,74672.97,0.0,0.0,0.0,0.0,0.09,0.33,35.02,35.47,29.87,48.46,505.3,0.95,505.3,0.91,507.0,0.86,0.0,0.0,503.8,0.99,0.0,0.0,503.2,0.92,503.9,0.89,498.8,0.96,506.3,0.88,502.6,0.92,0.0,0.0,244.3,42.56,244.05,23.38,240.85,22.95,0.997,50.16
2026-10-07T06:45:01.753917+00:00,3.3,-22.38,25.68,0.0,19.9,100.0,105.0,19.0,16.4,0.0,6.51,2278.03,67832.37,74673.3,0.0,0.0,0.0,1.19,1.27,1.27,35.03,35.47,29.87,48.46,505.6,1.03,517.3,0.96,509.5,0.92,0.0,0.0,503.2,1.07,0.0,0.0,509.7,0.98,506.6,0.95,499.4,1.05,504.7,0.95,506.2,0.98,0.0,0.0,239.91,1.86,242.84,1.84,239.69,1.87,1.0,50.15
2026-10-07T06:50:01.393167+00:00,3.3,-21.51,24.81,0.0,19.9,100.0,105.0,19.0,16.4,0.0,6.8,2278.32,67832.66,74673.59,0.0,0.0,0.0,1.07,1.14,1.13,35.05,35.47,29.87,48.46,501.7,0.89,507.6,0.89,502.2,0.88,0.0,0.0,503.9,0.93,0.0,0.0,505.1,0.93,502.9,0.91,498.1,0.9,503.4,0.89,502.8,0.94,0.0,0.0,238.78,1.65,242.07,1.63,238.51,1.66,0.995,50.09
2026-10-07T06:55:01.573397+00:00,4.7,-16.09,20.79,0.0,19.9,100.0,105.0,19.0,16.4,0.0,7.08,2278.6,67832.94,74673.87,0.0,0.0,0.0,1.02,1.11,1.09,35.06,35.47,29.87,48.46,501.5,0.87,505.9,0.88,505.0,0.87,0.0,0.0,511.3,0.89,0.0,0.0,504.0,0.93,504.3,0.9,499.7,0.88,496.7,0.89,502.5,0.94,0.0,0.0,238.59,1.76,241.72,1.74,238.04,1.77,0.993,50.06
2026-10-07T07:00:01.196406+00:00,3.7,-17.02,20.72,0.0,19.9,100.0,145.0,19.1,15.6,0.0,7.4,2278.92,67833.26,74674.19,0.0,0.0,0.0,1.51,1.59,1.56,35.07,35.47,29.87,48.46,505.0,1.02,508.8,0.99,508.0,0.95,0.0,0.0,512.4,1.02,0.0,0.0,508.0,1.0,510.0,0.98,510.6,1.0,506.0,0.98,506.5,1.01,0.0,0.0,238.94,2.29,241.76,2.27,238.22,2.31,-1.0,50.07
2026-10-07T07:05:01.338211+00:00,4.5,-59.07,19.07,44.5,22.6,100.0,145.0,19.1,15.6,0.0,7.73,2279.25,67833.59,74674.52,0.0,0.0,0.0,1.2,1.25,0.85,35.07,35.47,29.87,48.46,506.0,1.05,513.4,0.99,510.8,0.94,0.0,0.0,502.4,1.1,0.0,0.0,510.0,1.01,500.6,1.0,499.2,1.05,506.1,0.98,505.9,1.02,0.0,0.0,238.67,1.75,241.27,1.74,238.13,1.77,-1.0,50.01
2026-10-07T07:10:01.205299+00:00,5.8,-65.07,25.07,45.8,25.5,100.0,145.0,19.1,15.6,0.0,8.09,2279.61,67833.95,74674.88,0.0,0.0,0.0,0.82,1.0,0.77,35.07,35.47,29.87,48.46,503.8,0.95,500.2,0.92,508.1,0.88,0.0,0.0,507.6,0.98,0.0,0.0,504.2,0.95,508.7,0.92,501.4,0.94,510.2,0.89,502.8,0.96,0.0,0.0,237.05,20.37,240.27,20.14,236.93,20.4,-1.0,50.06
2026-10-07T07:15:02.051535+00:00,6.0,-67.4,27.4,46.0,28.3,100.0,145.0,19.3,15.9,0.0,8.52,2280.04,67834.38,74675.31,0.0,0.0,0.0,1.22,1.42,1.18,35.07,35.47,29.87,48.46,510.7,1.23,514.6,1.17,510.3,1.1,0.0,0.0,509.0,1.22,0.0,0.0,509.4,1.18,511.4,1.17,515.2,1.22,511.0,1.16,509.1,1.17,0.0,0.0,236.65,20.46,239.5,20.26,236.65,20.48,-1.0,50.01
2026-10-07T07:20:01.303912+00:00,7.2,-56.52,16.52,47.2,31.2,100.0,145.0,19.3,15.9,0.0,9.02,2280.54,67834.88,74675.81,0.0,0.0,0.0,1.28,1.48,1.23,35.07,35.47,29.87,48.46,510.8,1.39,512.4,1.38,512.3,1.32,0.0,0.0,519.3,1.31,0.0,0.0,512.7,1.41,513.0,1.4,508.5,1.41,507.1,1.39,512.5,1.4,0.0,0.0,237.15,20.43,240.36,20.21,237.07,20.46,-1.0,50.16
2026-10-07T07:25:01.237233+00:00,5.6,-62.54,22.64,45.5,34.1,100.0,145.0,19.3,15.9,0.0,9.57,2281.09,67835.43,74676.36,0.0,0.0,0.0,1.68,1.88,1.67,35.07,35.47,29.87,48.46,514.4,1.5,516.3,1.5,517.3,1.44,0.0,0.0,518.7,1.48,0.0,0.0,516.8,1.53,514.0,1.53,509.3,1.52,514.6,1.48,509.8,1.55,0.0,0.0,237.34,20.47,240.02,20.29,237.36,20.49,-1.0,50.15
2026-10-07T07:30:01.322756+00:00,7.5,-66.53,26.43,47.6,36.9,100.0,145.0,19.6,16.7,0.0,10.07,2281.59,67835.93,74676.86,0.0,0.0,0.0,1.13,1.33,1.11,35.07,35.47,29.87,48.46,513.4,1.38,513.3,1.36,513.9,1.29,0.0,0.0,510.5,1.37,0.0,0.0,510.4,1.39,512.2,1.38,506.1,1.42,508.6,1.36,510.4,1.39,0.0,0.0,236.25,20.52,239.69,20.27,236.68,20.5,-1.0,50.0
2026-10-07T07:35:01.324733+00:00,8.3,-64.02,23.92,48.4,39.9,100.0,145.0,19.6,16.7,0.0,10.63,2282.15,67836.49,74677.42,0.0,0.0,0.0,1.78,2.01,1.8,35.07,35.47,29.87,48.46,516.4,1.49,514.2,1.49,515.4,1.44,0.0,0.0,514.7,1.49,0.0,0.0,513.9,1.53,513.7,1.52,512.2,1.52,516.0,1.48,513.4,1.54,0.0,0.0,236.45,20.59,239.39,20.39,236.25,20.63,-1.0,49.96
2026-10-07T07:40:01.952480+00:00,8.6,-58.63,18.73,48.5,42.9,100.0,145.0,19.6,16.7,0.0,11.27,2282.79,67837.13,74678.06,0.0,0.0,0.0,2.05,2.28,2.05,35.07,35.47,29.87,48.46,517.4,1.7,520.3,1.65,519.4,1.59,0.0,0.0,517.3,1.74,0.0,0.0,517.2,1.71,517.0,1.69,514.5,1.73,514.9,1.65,517.1,1.72,0.0,0.0,237.48,20.54,240.77,20.31,237.02,20.6,-1.0,50.07
2026-10-07T07:45:01.991668+00:00,6.9,-60.14,20.04,47.0,45.8,100.0,145.0,19.8,17.5,0.0,11.98,2283.5,67837.84,74678.77,0.0,0.0,0.0,2.08,2.33,2.09,35.07,35.47,29.87,48.46,517.7,1.97,523.1,1.88,526.1,1.78,0.0,0.0,517.1,1.98,0.0,0.0,520.2,1.9,520.6,1.87,521.0,1.98,526.4,1.83,518.9,1.93,0.0,0.0,235.09,20.77,237.81,20.58,234.54,20.84,-1.0,50.07
2026-10-07T07:50:02.040840+00:00,5.9,-63.41,23.41,45.9,48.7,100.0,145.0,19.8,17.5,0.0,12.61,2284.13,67838.47,74679.4,0.0,0.0,0.0,1.59,1.8,1.58,35.07,35.47,29.87,48.46,516.0,1.68,516.2,1.66,521.3,1.57,0.0,0.0,514.5,1.71,0.0,0.0,517.2,1.69,515.3,1.67,507.8,1.73,515.0,1.64,515.4,1.72,0.0,0.0,234.46,20.75,237.12,20.57,234.18,20.8,-1.0,49.92
2026-10-07T07:55:01.553114+00:00,7.0,-55.36,15.36,47.0,51.6,100.0,145.0,19.8,17.5,0.0,13.16,2284.68,67839.02,74679.95,0.0,0.0,0.0,1.26,1.47,1.23,35.07,35.47,29.87,48.46,513.7,1.46,513.7,1.48,516.8,1.42,0.0,0.0,509.1,1.47,0.0,0.0,511.7,1.53,514.0,1.5,509.3,1.51,512.0,1.48,513.7,1.53,0.0,0.0,234.54,20.72,237.64,20.5,234.28,20.77,-1.0,49.98
2026-10-07T08:00:01.537517+00:00,7.6,-58.61,18.71,47.5,54.5,100.0,273.0,20.1,18.0,0.0,13.71,2285.23,67839.57,74680.5,0.0,0.0,0.0,1.6,1.82,1.6,35.07,35.47,29.87,48.46,512.0,1.5,513.4,1.51,518.2,1.44,0.0,0.0,515.4,1.48,0.0,0.0,515.4,1.54,515.7,1.53,511.6,1.53,513.9,1.5,513.0,1.56,0.0,0.0,235.19,20.72,237.82,20.54,234.89,20.77,-1.0,50.08
2026-10-07T08:05:01.252772+00:00,8.2,-60.81,20.91,48.1,57.5,100.0,273.0,20.1,18.0,0.0,14.31,2285.83,67840.17,74681.1,0.0,0.0,0.0,1.8,2.02,1.79,35.07,35.47,29.87,48.46,519.4,1.56,517.2,1.58,520.0,1.51,0.0,0.0,513.2,1.62,0.0,0.0,517.6,1.63,517.3,1.61,513.0,1.61,512.7,1.59,516.6,1.64,0.0,0.0,235.71,20.7,238.31,20.52,235.4,20.75,-1.0,50.14
2026-10-07T08:10:01.367120+00:00,7.3,-57.14,17.24,47.2,60.4,100.0,273.0,20.1,18.0,0.0,15.0,2286.52,67840.86,74681.79,0.0,0.0,0.0,1.98,2.23,1.97,35.07,35.47,29.87,48.46,514.6,1.88,517.6,1.81,523.3,1.7,0.0,0.0,518.2,1.89,0.0,0.0,516.8,1.84,522.2,1.8,511.6,1.91,516.9,1.78,518.1,1.84,0.0,0.0,236.07,20.69,238.8,20.5,235.79,20.74,-1.0,50.16
2026-10-07T08:15:01.699751+00:00,7.7,-63.86,24.06,47.5,63.3,100.0,273.0,20.3,17.6,0.0,15.62,2287.14,67841.48,74682.41,0.0,0.0,0.0,1.68,1.91,1.68,35.07,35.47,29.87,48.46,511.4,1.69,517.8,1.64,520.3,1.57,0.0,0.0,511.8,1.71,0.0,0.0,518.3,1.69,519.2,1.67,512.8,1.7,510.9,1.65,515.2,1.7,0.0,0.0,236.15,20.67,238.85,20.49,235.44,20.75,-1.0,50.15
2026-10-07T08:20:02.061926+00:00,7.4,-63.88,23.78,47.5,66.2,100.0,273.0,20.3,17.6,0.0,16.24,2287.76,67842.1,74683.03,0.0,0.0,0.0,1.81,2.03,1.79,35.07,35.47,29.87,48.46,515.2,1.61,515.5,1.61,518.3,1.55,0.0,0.0,510.4,1.66,0.0,0.0,518.8,1.65,516.0,1.64,512.7,1.64,514.4,1.61,515.8,1.67,0.0,0.0,234.48,20.82,237.66,20.59,234.0,20.89,-1.0,50.03
2026-10-07T08:25:01.822305+00:00,7.5,-58.42,18.42,47.5,69.1,100.0,273.0,20.3,17.6,0.0,16.86,2288.38,67842.72,74683.65,0.0,0.0,0.0,1.79,1.97,1.65,35.07,35.47,29.87,48.46,514.5,1.67,516.1,1.65,519.7,1.58,0.0,0.0,514.9,1.71,0.0,0.0,516.7,1.69,516.1,1.67,514.2,1.69,513.7,1.65,520.3,1.69,0.0,0.0,234.54,20.82,237.29,20.63,234.14,20.88,-1.0,50.06
2026-10-07T08:30:01.634271+00:00,7.9,-68.07,28.07,47.9,72.0,100.0,273.0,20.5,16.8,0.0,17.46,2288.98,67843.32,74684.25,0.0,0.0,0.0,1.77,1.99,1.77,35.07,35.48,29.87,48.46,513.9,1.6,516.6,1.6,518.4,1.55,0.0,0.0,513.4,1.61,0.0,0.0,516.7,1.64,515.4,1.63,509.5,1.63,514.5,1.59,513.2,1.67,0.0,0.0,233.85,20.91,236.55,20.72,233.45,20.97,-1.0,49.88
2026-10-07T08:35:01.878414+00:00,8.3,-61.38,21.38,48.3,75.0,100.0,273.0,20.5,16.8,0.0,18.12,2289.64,67843.98,74684.91,0.0,0.0,0.0,1.9,2.11,1.88,35.07,35.48,29.87,48.46,515.6,1.76,518.1,1.7,521.9,1.62,0.0,0.0,517.2,1.78,0.0,0.0,517.5,1.74,516.0,1.73,514.1,1.78,514.7,1.69,517.6,1.75,0.0,0.0,233.66,20.97,237.18,20.71,233.62,20.99,-1.0,49.99
2026-10-07T08:40:01.325900+00:00,8.3,-57.35,17.25,48.4,78.0,100.0,273.0,20.5,16.8,0.0,18.79,2290.31,67844.65,74685.58,0.0,0.0,0.0,2.0,2.26,2.03,35.07,35.48,29.87,48.46,518.2,1.83,517.1,1.76,519.8,1.68,0.0,0.0,519.2,1.86,0.0,0.0,516.9,1.8,515.1,1.79,510.9,1.87,516.3,1.75,514.2,1.82,0.0,0.0,234.08,20.97,237.15,20.75,233.61,21.03,-1.0,50.08
2026-10-07T08:45:01.928664+00:00,10.1,-66.44,26.34,50.2,81.0,100.0,273.0,20.6,16.1,0.0,19.5,2291.02,67845.36,74686.29,0.0,0.0,0.0,2.03,2.26,2.03,35.07,35.48,29.87,48.46,515.7,1.9,518.6,1.82,519.8,1.73,0.0,0.0,513.4,1.94,0.0,0.0,515.9,1.86,518.1,1.83,516.5,1.92,521.0,1.78,516.3,1.87,0.0,0.0,233.82,21.0,236.34,20.83,233.17,21.08,-1.0,49.95
2026-10-07T08:50:02.058497+00:00,11.9,-57.97,18.07,51.8,84.1,100.0,273.0,20.6,16.1,0.0,20.22,2291.74,67846.08,74687.01,0.0,0.0,0.0,2.6,2.88,2.61,35.07,35.48,29.87,48.46,519.2,1.97,520.2,1.9,521.8,1.8,0.0,0.0,515.8,2.0,0.0,0.0,518.5,1.95,520.3,1.92,512.5,2.02,516.5,1.89,518.7,1.96,0.0,0.0,233.71,21.12,236.73,20.9,233.46,21.17,-1.0,49.94
2026-10-07T08:55:01.992998+00:00,11.9,-64.96,25.06,51.8,87.3,100.0,273.0,20.6,16.1,0.0,21.14,2292.66,67847.0,74687.93,0.0,0.0,0.0,3.11,3.44,3.17,35.07,35.48,29.88,48.47,524.3,2.46,524.8,2.44,528.5,2.32,0.0,0.0,518.5,2.48,0.0,0.0,522.4,2.53,522.8,2.5,519.8,2.51,522.8,2.43,522.2,2.53,0.0,0.0,234.85,21.1,236.93,20.97,233.84,21.22,-1.0,50.06
2026-10-07T09:00:01.726342+00:00,14.1,-61.14,21.04,54.2,90.5,0.0,0.0,0.0,0.0,0.0,22.15,2293.67,67848.01,74688.94,0.0,0.0,0.0,3.13,3.43,3.17,35.07,35.48,29.88,48.47,523.7,2.68,524.7,2.64,528.6,2.52,0.0,0.0,521.6,2.71,0.0,0.0,523.0,2.72,524.2,2.7,519.6,2.74,518.6,2.64,522.4,2.74,0.0,0.0,233.88,21.2,236.41,21.03,233.56,21.26,-1.0,49.92
2026-10-07T09:05:01.707749+00:00,15.291,-51.71,22.31,44.691,93.7,100.0,378.0,20.8,15.3,0.0,23.2,2294.72,67849.06,74689.99,0.0,0.0,0.0,3.9,4.22,3.94,35.07,35.48,29.88,48.47,522.3,2.81,526.2,2.75,526.8,2.65,0.0,0.0,521.0,2.84,0.0,0.0,521.9,2.84,522.9,2.81,518.0,2.88,520.6,2.75,521.8,2.85,0.0,0.0,234.63,21.25,236.78,21.1,233.72,21.35,-1.0,49.94
2026-10-07T09:10:01.280228+00:00,15.753,-38.43,17.53,36.653,96.2,100.0,378.0,20.8,15.3,0.0,24.46,2295.98,67850.32,74691.25,0.0,0.0,0.0,5.0,5.27,5.07,35.07,35.48,29.88,48.47,523.3,3.43,525.9,3.38,530.2,3.22,0.0,0.0,522.7,3.41,0.0,0.0,524.8,3.46,525.2,3.42,522.1,3.48,525.9,3.34,523.3,3.48,0.0,0.0,234.41,16.17,236.69,16.06,233.74,16.23,-1.0,49.84
2026-10-07T09:15:01.345103+00:00,12.283,-36.98,22.28,26.983,98.3,97.0,378.0,21.0,14.5,0.0,25.84,2297.36,67851.7,74692.63,0.0,0.0,0.0,5.16,5.44,5.24,35.07,35.48,29.88,48.47,524.3,3.71,526.6,3.66,530.6,3.5,0.0,0.0,521.9,3.72,0.0,0.0,524.4,3.78,526.7,3.73,520.0,3.78,524.1,3.65,521.3,3.81,0.0,0.0,235.48,11.82,237.78,11.74,234.69,11.88,-1.0,50.06
2026-10-07T09:20:02.020021+00:00,13.68,-4.68,17.18,1.18,99.5,97.0,378.0,21.0,14.5,0.0,27.05,2298.57,67852.91,74693.84,0.0,0.0,0.0,4.01,4.24,4.08,35.07,35.48,29.88,48.47,519.3,3.32,522.6,3.26,526.6,3.12,0.0,0.0,520.7,3.3,0.0,0.0,521.9,3.33,520.3,3.3,515.4,3.38,518.2,3.25,520.1,3.36,0.0,0.0,235.8,8.52,238.42,8.46,235.12,8.56,0.999,50.08
2026-10-07T09:25:01.525078+00:00,13.0,-1.12,14.12,0.0,99.9,97.0,378.0,21.0,14.5,0.0,28.14,2299.66,67854.0,74694.93,0.0,0.0,0.0,4.45,4.67,4.58,35.07,35.48,29.88,48.47,518.5,3.07,520.7,3.01,524.7,2.87,0.0,0.0,520.2,3.09,0.0,0.0,519.6,3.11,521.1,3.06,516.1,3.13,516.2,3.02,522.4,3.09,0.0,0.0,236.69,6.34,238.77,6.3,235.85,6.37,0.999,49.96
2026-10-07T09:30:01.822085+00:00,13.7,-1.71,15.41,0.0,100.0,93.0,378.0,21.2,13.8,0.0,29.23,2300.75,67855.09,74696.02,0.0,0.0,0.0,4.23,4.42,4.36,35.08,35.48,29.88,48.47,519.1,3.04,520.6,2.99,524.4,2.86,0.0,0.0,516.1,3.09,0.0,0.0,521.0,3.08,520.5,3.04,515.7,3.11,515.3,3.0,519.8,3.09,0.0,0.0,237.18,6.02,239.57,5.98,236.33,6.05,1.0,50.08
2026-10-07T09:35:01.559614+00:00,17.4,-4.47,21.87,0.0,100.0,93.0,378.0,21.2,13.8,0.0,30.4,2301.92,67856.26,74697.19,0.0,0.0,0.0,4.44,4.63,4.59,35.08,35.48,29.88,48.47,521.9,3.25,522.9,3.18,526.6,3.04,0.0,0.0,521.2,3.28,0.0,0.0,524.1,3.26,521.9,3.23,519.0,3.32,520.8,3.17,522.1,3.28,0.0,0.0,237.43,6.34,239.81,6.29,236.45,6.37,1.0,50.05
2026-10-07T09:40:01.947705+00:00,17.3,-0.68,17.98,0.0,100.0,93.0,378.0,21.2,13.8,0.0,31.58,2303.1,67857.44,74698.37,0.0,0.0,0.0,5.72,5.96,5.87,35.08,35.48,29.88,48.47,521.5,3.29,522.2,3.24,525.7,3.11,0.0,0.0,521.0,3.32,0.0,0.0,522.3,3.35,522.7,3.3,519.3,3.34,518.7,3.24,524.2,3.31,0.0,0.0,236.82,8.13,239.85,8.05,236.2,8.16,1.0,49.93
2026-10-07T09:45:01.808612+00:00,27.4,2.59,24.81,0.0,100.0,88.0,378.0,21.3,13.1,0.0,33.03,2304.55,67858.89,74699.82,0.0,0.0,0.0,5.64,5.89,5.81,35.08,35.48,29.88,48.47,522.6,4.0,523.1,3.97,527.7,3.8,0.0,0.0,521.5,4.02,0.0,0.0,523.1,4.11,525.0,4.04,524.0,4.02,521.1,3.96,523.7,4.08,0.0,0.0,238.31,7.97,240.7,7.91,237.67,8.0,1.0,50.15
2026-10-07T09:50:01.875185+00:00,31.9,12.24,19.66,0.0,100.0,88.0,378.0,21.3,13.1,0.0,34.9,2306.42,67860.76,74701.69,0.0,0.0,0.0,9.01,9.23,9.19,35.08,35.48,29.88,48.47,522.8,5.08,525.4,4.99,526.9,4.84,0.0,0.0,522.4,5.08,0.0,0.0,523.4,5.16,525.2,5.08,518.3,5.17,521.7,5.03,524.3,5.13,0.0,0.0,238.09,12.68,241.09,12.56,237.9,12.71,1.0,50.13
2026-10-07T09:55:01.214001+00:00,35.4,10.55,24.85,0.0,100.0,88.0,378.0,21.3,13.1,0.0,37.37,2308.89,67863.23,74704.16,0.0,0.0,0.0,10.44,10.82,10.76,35.08,35.48,29.88,48.48,522.0,6.67,521.9,6.55,526.4,6.28,0.0,0.0,522.0,6.65,0.0,0.0,524.5,6.72,523.4,6.64,518.5,6.77,518.8,6.58,524.4,6.73,0.0,0.0,238.79,14.66,240.84,14.58,238.03,14.73,1.0,50.08
2026-10-07T10:00:02.054968+00:00,36.1,16.3,19.8,0.0,100.0,81.0,514.0,21.5,12.5,0.0,40.28,2311.8,67866.14,74707.07,0.0,0.0,0.0,11.6,11.92,11.9,35.08,35.49,29.88,48.48,517.6,8.01,517.2,7.88,523.9,7.46,0.0,0.0,518.3,7.88,0.0,0.0,518.3,8.04,517.7,7.94,514.5,8.08,513.8,7.86,518.3,8.05,0.0,0.0,238.73,16.32,240.84,16.24,237.98,16.41,1.0,50.01
2026-10-07T10:05:01.361696+00:00,31.4,8.69,22.71,0.0,100.0,81.0,514.0,21.5,12.5,0.0,43.2,2314.72,67869.06,74709.99,0.0,0.0,0.0,11.83,12.21,12.15,35.08,35.49,29.88,48.48,513.3,8.09,513.8,7.9,521.3,7.45,0.0,0.0,514.3,7.96,0.0,0.0,513.2,8.12,512.8,8.02,510.7,8.15,511.4,7.88,513.8,8.12,0.0,0.0,239.48,16.58,241.95,16.47,238.74,16.66,1.0,50.07
2026-10-07T10:10:02.149396+00:00,37.8,16.61,21.19,0.0,100.0,81.0,514.0,21.5,12.5,0.0,46.38,2317.9,67872.24,74713.17,0.0,0.0,0.0,10.44,10.67,10.87,35.08,35.49,29.89,48.48,513.3,8.8,509.3,8.67,519.8,8.07,0.0,0.0,509.8,8.72,0.0,0.0,511.4,8.87,510.3,8.77,509.6,8.92,508.9,8.58,508.8,8.96,0.0,0.0,239.33,14.43,241.86,14.32,238.84,14.48,1.0,50.15
2026-10-07T10:15:02.068369+00:00,40.4,17.19,23.21,0.0,100.0,70.0,514.0,21.8,11.8,0.0,48.85,2320.37,67874.71,74715.64,0.0,0.0,0.0,12.05,12.68,12.35,35.08,35.49,29.89,48.48,514.0,6.81,510.9,6.66,516.3,6.36,0.0,0.0,508.7,6.77,0.0,0.0,510.2,6.92,510.7,6.83,506.7,6.96,507.6,6.68,508.6,6.93,0.0,0.0,239.57,16.92,242.21,16.79,238.77,17.0,1.0,50.06
2026-10-07T10:20:01.298973+00:00,47.2,25.53,21.67,0.0,100.0,70.0,514.0,21.8,11.8,0.0,52.01,2323.53,67877.87,74718.8,0.0,0.0,0.0,13.11,13.66,13.57,35.08,35.49,29.89,48.49,508.3,8.89,509.6,8.63,517.1,8.13,0.0,0.0,506.0,8.7,0.0,0.0,510.9,8.83,508.2,8.77,502.5,8.95,506.4,8.64,508.4,8.87,0.0,0.0,240.41,18.29,242.68,18.18,239.48,18.39,1.0,50.15
2026-10-07T10:25:01.973453+00:00,36.2,19.25,16.95,0.0,100.0,70.0,514.0,21.8,11.8,0.0,56.21,2327.73,67882.07,74723.0,0.0,0.0,0.0,15.59,15.89,16.07,35.08,35.49,29.89,48.49,495.8,12.01,503.6,11.56,501.8,11.15,0.0,0.0,494.7,11.77,0.0,0.0,505.1,11.84,500.8,11.75,501.8,11.85,507.7,11.36,492.2,12.06,0.0,0.0,240.13,21.6,242.64,21.46,239.3,21.71,1.0,50.14
2026-10-07T10:30:01.564036+00:00,26.8,4.84,21.96,0.0,100.0,56.0,514.0,22.1,11.2,0.0,59.74,2331.26,67885.6,74726.53,0.0,0.0,0.0,11.74,12.25,12.17,35.08,35.5,29.89,48.49,499.3,10.05,495.2,9.88,505.9,9.24,0.0,0.0,495.4,9.92,0.0,0.0,496.8,10.11,496.4,10.0,497.8,10.1,495.7,9.79,499.3,10.08,0.0,0.0,239.46,16.47,241.54,16.39,238.83,16.55,1.0,50.05
2026-10-07T10:35:02.011449+00:00,25.1,8.55,16.55,0.0,100.0,56.0,514.0,22.1,11.2,0.0,62.48,2334.0,67888.34,74729.27,0.0,0.0,0.0,8.67,9.0,8.92,35.08,35.5,29.89,48.49,500.5,7.76,498.3,7.58,509.4,7.04,0.0,0.0,502.0,7.68,0.0,0.0,499.9,7.85,500.8,7.72,498.2,7.89,499.1,7.48,502.6,7.83,0.0,0.0,239.02,12.2,241.24,12.12,238.12,12.26,1.0,50.04
2026-10-07T10:40:01.755751+00:00,19.5,2.79,16.71,0.0,100.0,56.0,514.0,22.1,11.2,0.0,64.48,2336.0,67890.34,74731.27,0.0,0.0,0.0,8.36,8.41,8.47,35.09,35.5,29.89,48.49,503.3,5.7,500.9,5.6,509.9,5.24,0.0,0.0,502.9,5.66,0.0,0.0,504.5,5.75,502.4,5.68,501.2,5.79,502.5,5.5,504.4,5.74,0.0,0.0,238.39,11.5,240.61,11.43,237.42,11.57,1.0,49.93
2026-10-07T10:45:01.966975+00:00,21.2,5.35,15.85,0.0,100.0,45.0,514.0,22.4,10.9,0.0,66.42,2337.94,67892.28,74733.21,0.0,0.0,0.0,6.33,6.63,6.55,35.09,35.5,29.89,48.49,507.0,5.49,503.8,5.4,511.6,5.11,0.0,0.0,510.9,5.41,0.0,0.0,507.7,5.55,504.5,5.5,505.0,5.57,502.3,5.37,506.6,5.54,0.0,0.0,237.46,8.96,240.07,8.89,236.53,9.01,1.0,49.84
2026-10-07T10:50:02.047512+00:00,26.1,9.5,16.6,0.0,100.0,45.0,514.0,22.4,10.9,0.0,68.1,2339.62,67893.96,74734.89,0.0,0.0,0.0,6.9,7.22,7.11,35.09,35.5,29.89,48.5,506.7,4.74,506.4,4.65,512.5,4.41,0.0,0.0,507.6,4.76,0.0,0.0,509.3,4.84,507.8,4.79,506.2,4.81,505.4,4.63,508.6,4.8,0.0,0.0,237.98,9.73,240.46,9.65,237.11,9.78,1.0,49.93
2026-10-07T10:55:02.039986+00:00,56.4,38.9,17.5,0.0,100.0,45.0,514.0,22.4,10.9,0.0,70.14,2341.66,67896.0,74736.93,0.0,0.0,0.0,8.56,8.82,8.72,35.09,35.5,29.89,48.5,507.5,5.68,507.3,5.59,514.3,5.32,0.0,0.0,511.5,5.61,0.0,0.0,511.5,5.73,510.3,5.67,508.5,5.69,506.3,5.57,511.8,5.65,0.0,0.0,238.82,12.03,241.06,11.95,237.62,12.11,1.0,50.09
2026-10-07T11:00:02.103500+00:00,29.3,8.82,20.48,0.0,100.0,41.0,648.0,22.6,11.2,0.0,73.57,2345.09,67899.43,74740.36,0.0,0.0,0.0,19.56,19.31,18.44,35.09,35.5,29.9,48.5,508.4,9.73,509.2,9.62,519.1,9.12,0.0,0.0,519.7,8.87,0.0,0.0,508.8,9.56,518.5,9.35,506.7,9.38,516.3,9.33,512.2,9.22,0.0,0.0,240.85,36.43,241.49,23.33,238.32,22.85,1.0,50.03
2026-10-07T11:05:01.398515+00:00,37.0,18.82,18.18,0.0,100.0,41.0,648.0,22.6,11.2,0.0,76.75,2348.27,67902.61,74743.54,0.0,0.0,0.0,9.62,9.91,9.82,35.09,35.5,29.9,48.5,492.1,9.19,499.5,8.99,508.3,8.42,0.0,0.0,505.9,8.8,0.0,0.0,505.8,9.08,507.9,8.87,493.2,9.1,503.9,8.72,498.9,9.03,0.0,0.0,238.56,13.53,240.75,13.45,237.56,13.61,1.0,49.92
2026-10-07T11:10:01.307916+00:00,31.9,11.64,20.26,0.0,100.0,41.0,648.0,22.6,11.2,0.0,78.96,2350.48,67904.82,74745.75,0.0,0.0,0.0,12.69,11.8,12.59,35.09,35.5,29.9,48.5,501.0,6.27,502.3,6.12,509.6,5.78,0.0,0.0,504.1,6.18,0.0,0.0,505.8,6.33,502.9,6.28,497.3,6.39,501.0,6.09,502.5,6.3,0.0,0.0,238.41,17.34,241.09,17.2,237.71,17.42,1.0,49.92
2026-10-07T11:15:01.433404+00:00,31.8,7.34,24.46,0.0,100.0,51.0,648.0,22.7,12.1,0.0,81.36,2352.88,67907.22,74748.15,0.0,0.0,0.0,10.38,10.98,10.74,35.09,35.51,29.9,48.5,503.1,6.83,504.9,6.62,509.4,6.25,0.0,0.0,506.5,6.73,0.0,0.0,508.9,6.83,508.4,6.74,502.2,6.85,503.6,6.6,506.1,6.81,0.0,0.0,238.91,14.53,240.79,14.46,237.98,14.61,1.0,50.08
2026-10-07T11:20:01.466489+00:00,40.8,21.86,18.94,0.0,100.0,51.0,648.0,22.7,12.1,0.0,84.29,2355.81,67910.15,74751.08,0.0,0.0,0.0,10.29,11.01,10.7,35.09,35.51,29.9,48.51,502.0,8.18,505.7,7.99,514.6,7.44,0.0,0.0,507.1,8.11,0.0,0.0,509.0,8.29,508.0,8.16,501.4,8.24,502.3,7.97,504.6,8.2,0.0,0.0,238.56,14.45,240.77,14.36,237.62,14.53,1.0,49.98
2026-10-07T11:25:02.124767+00:00,42.5,21.72,20.78,0.0,100.0,51.0,648.0,22.7,12.1,0.0,87.39,2358.91,67913.25,74754.18,0.0,0.0,0.0,13.81,13.64,13.57,35.09,35.51,29.9,48.51,501.7,8.87,510.5,8.5,512.1,8.13,0.0,0.0,512.2,8.35,0.0,0.0,507.0,8.75,512.6,8.55,500.2,8.73,500.0,8.69,504.1,8.62,0.0,0.0,239.15,19.22,241.55,19.09,238.35,19.32,1.0,50.02
2026-10-07T11:30:01.424523+00:00,31.8,10.24,21.56,0.0,100.0,69.0,648.0,22.9,13.6,0.0,91.22,2362.74,67917.08,74758.01,0.0,0.0,0.0,13.96,14.81,14.07,35.09,35.51,29.9,48.51,496.6,10.75,500.9,10.71,507.4,10.12,0.0,0.0,504.5,10.51,0.0,0.0,506.6,10.89,508.2,10.75,498.2,10.73,498.3,10.57,500.6,10.7,0.0,0.0,239.01,19.5,241.66,19.36,238.36,19.59,1.0,50.02
2026-10-07T11:35:01.167639+00:00,31.0,13.76,17.24,0.0,100.0,69.0,648.0,22.9,13.6,0.0,94.38,2365.9,67920.24,74761.17,0.0,0.0,0.0,10.3,10.92,10.6,35.09,35.51,29.9,48.51,499.1,8.84,504.9,8.65,508.8,8.15,0.0,0.0,502.7,8.95,0.0,0.0,506.5,9.15,505.3,9.0,498.1,8.95,498.0,8.66,501.4,8.92,0.0,0.0,239.04,14.48,241.5,14.38,238.28,14.55,1.0,50.05
2026-10-07T11:40:01.695807+00:00,32.7,12.83,19.87,0.0,100.0,69.0,648.0,22.9,13.6,0.0,96.98,2368.5,67922.84,74763.77,0.0,0.0,0.0,10.12,10.62,10.34,35.09,35.51,29.91,48.51,500.1,7.33,507.0,7.12,511.1,6.74,0.0,0.0,506.4,7.22,0.0,0.0,509.0,7.42,508.8,7.33,500.4,7.33,503.4,7.08,502.4,7.29,0.0,0.0,238.27,14.25,240.89,14.14,237.63,14.32,1.0,49.9
2026-10-07T11:45:01.389470+00:00,30.9,10.63,20.27,0.0,100.0,88.0,648.0,23.0,15.0,0.0,99.72,2371.24,67925.58,74766.51,0.0,0.0,0.0,10.62,11.22,10.89,35.1,35.51,29.91,48.52,501.5,7.73,509.6,7.5,514.9,7.07,0.0,0.0,508.9,7.59,0.0,0.0,509.4,7.86,510.0,7.75,501.2,7.72,505.0,7.48,504.9,7.66,0.0,0.0,237.77,15.01,240.38,14.9,237.34,15.06,1.0,49.81
2026-10-07T11:50:01.496550+00:00,30.3,6.47,23.83,0.0,100.0,88.0,648.0,23.0,15.0,0.0,102.37,2373.89,67928.23,74769.16,0.0,0.0,0.0,9.99,10.61,10.28,35.1,35.52,29.91,48.52,505.0,7.42,509.8,7.19,515.5,6.76,0.0,0.0,509.6,7.34,0.0,0.0,510.6,7.57,509.8,7.47,504.4,7.43,506.8,7.17,506.1,7.4,0.0,0.0,238.24,14.07,241.3,13.94,237.64,14.13,1.0,49.97
2026-10-07T11:55:01.595183+00:00,29.6,8.29,21.31,0.0,100.0,88.0,648.0,23.0,15.0,0.0,104.92,2376.44,67930.78,74771.71,0.0,0.0,0.0,9.83,10.38,10.04,35.1,35.52,29.91,48.52,508.7,7.13,513.9,6.9,517.9,6.51,0.0,0.0,512.2,7.04,0.0,0.0,513.9,7.27,513.8,7.18,507.0,7.13,511.1,6.87,508.4,7.11,0.0,0.0,237.79,13.89,240.5,13.78,237.44,13.93,1.0,49.92
2026-10-07T12:00:01.957560+00:00,30.3,10.25,20.05,0.0,100.0,99.0,771.0,22.9,16.4,0.0,107.38,2378.9,67933.24,74774.17,0.0,0.0,0.0,9.56,10.16,9.82,35.1,35.52,29.91,48.52,509.2,6.82,513.1,6.62,519.1,6.21,0.0,0.0,514.0,6.74,0.0,0.0,515.5,6.97,513.8,6.9,508.3,6.82,511.2,6.57,509.8,6.79,0.0,0.0,237.56,13.5,240.25,13.4,237.2,13.55,1.0,49.93
2026-10-07T12:05:01.485700+00:00,26.5,2.62,23.88,0.0,100.0,99.0,771.0,22.9,16.4,0.0,109.86,2381.38,67935.72,74776.65,0.0,0.0,0.0,9.8,10.42,10.05,35.1,35.52,29.91,48.52,508.0,6.93,514.4,6.74,518.6,6.37,0.0,0.0,513.2,6.81,0.0,0.0,515.2,7.07,514.7,6.99,507.7,6.89,509.0,6.74,509.9,6.86,0.0,0.0,238.03,13.84,240.18,13.76,237.7,13.88,1.0,49.97
2026-10-07T12:10:01.413936+00:00,27.6,12.7,14.9,0.0,100.0,99.0,771.0,22.9,16.4,0.0,112.32,2383.84,67938.18,74779.11,0.0,0.0,0.0,8.68,8.98,8.71,35.1,35.52,29.91,48.52,504.9,6.95,513.3,6.72,516.0,6.38,0.0,0.0,512.4,6.71,0.0,0.0,514.7,6.98,512.8,6.91,505.9,6.82,507.6,6.73,507.9,6.78,0.0,0.0,237.85,12.36,239.6,12.31,237.14,12.42,1.0,49.84
2026-10-07T12:15:02.162825+00:00,27.3,11.43,15.87,0.0,100.0,99.0,764.0,22.8,14.9,0.0,114.45,2385.97,67940.31,74781.24,0.0,0.0,0.0,9.03,9.49,9.12,35.1,35.52,29.91,48.53,507.7,6.01,512.8,5.82,517.2,5.54,0.0,0.0,513.2,5.83,0.0,0.0,514.4,6.12,513.0,6.07,505.6,5.91,510.1,5.82,508.5,5.86,0.0,0.0,238.15,12.71,240.08,12.65,237.42,12.77,1.0,49.83
2026-10-07T12:20:02.000664+00:00,27.3,12.52,14.78,0.0,100.0,99.0,764.0,22.8,14.9,0.0,116.94,2388.46,67942.8,74783.73,0.0,0.0,0.0,8.9,9.34,8.99,35.1,35.52,29.91,48.53,509.9,6.87,516.5,6.83,519.3,6.43,0.0,0.0,518.5,6.69,0.0,0.0,517.4,7.19,515.7,7.11,509.7,6.71,514.1,6.7,514.1,6.65,0.0,0.0,238.84,12.51,241.05,12.43,237.75,12.59,1.0,49.92
2026-10-07T12:25:01.876596+00:00,28.1,11.3,16.8,0.0,100.0,99.0,764.0,22.8,14.9,0.0,119.28,2390.8,67945.14,74786.07,0.0,0.0,0.0,8.98,9.3,9.0,35.1,35.52,29.91,48.53,510.0,6.55,514.8,6.32,519.9,5.97,0.0,0.0,515.1,6.34,0.0,0.0,516.1,6.63,514.5,6.58,507.9,6.41,511.4,6.35,510.0,6.37,0.0,0.0,238.2,12.63,240.63,12.54,237.28,12.7,1.0,49.92
2026-10-07T12:30:01.722281+00:00,37.1,19.51,17.59,0.0,100.0,100.0,764.0,22.5,15.5,0.0,121.7,2393.22,67947.56,74788.49,0.0,0.0,0.0,9.01,9.79,9.27,35.1,35.52,29.92,48.53,509.6,6.8,515.6,6.53,518.9,6.23,0.0,0.0,514.5,6.64,0.0,0.0,518.3,6.91,515.6,6.86,510.3,6.65,511.9,6.59,511.5,6.64,0.0,0.0,237.52,12.73,239.95,12.64,236.69,12.8,1.0,49.84
2026-10-07T12:35:01.829686+00:00,26.9,9.64,17.26,0.0,100.0,100.0,764.0,22.5,15.5,0.0,124.29,2395.81,67950.15,74791.08,0.0,0.0,0.0,11.91,12.95,12.07,35.1,35.53,29.92,48.53,511.6,7.31,515.5,7.17,518.6,6.87,0.0,0.0,514.7,6.81,0.0,0.0,516.7,7.41,515.7,7.39,510.8,6.84,510.0,7.23,511.2,6.8,0.0,0.0,238.21,16.85,240.38,16.76,237.36,16.94,1.0,49.92
2026-10-07T12:40:01.985372+00:00,25.1,6.22,18.88,0.0,100.0,100.0,764.0,22.5,15.5,0.0,127.21,2398.73,67953.07,74794.0,0.0,0.0,0.0,8.68,9.34,8.83,35.1,35.53,29.92,48.53,508.6,8.05,513.7,7.59,515.2,7.38,0.0,0.0,515.0,8.14,0.0,0.0,517.2,8.32,514.0,8.21,510.4,8.02,511.5,7.76,513.1,8.06,0.0,0.0,237.24,12.26,239.47,12.19,236.48,12.32,1.0,49.82
2026-10-07T12:45:01.224956+00:00,26.7,9.16,17.54,0.0,100.0,97.0,764.0,22.1,16.1,0.0,129.53,2401.05,67955.39,74796.32,0.0,0.0,0.0,8.13,8.74,8.21,35.1,35.53,29.92,48.54,508.8,6.5,516.4,6.27,520.1,6.04,0.0,0.0,514.7,6.3,0.0,0.0,517.6,6.73,513.2,6.71,507.1,6.24,513.8,6.31,510.3,6.2,0.0,0.0,238.05,11.47,240.35,11.39,237.46,11.52,1.0,49.9
2026-10-07T12:50:01.725024+00:00,22.2,6.49,15.71,0.0,100.0,97.0,764.0,22.1,16.1,0.0,131.65,2403.17,67957.51,74798.44,0.0,0.0,0.0,8.53,9.37,8.68,35.1,35.53,29.92,48.54,509.0,5.98,520.5,5.68,522.1,5.48,0.0,0.0,516.6,5.73,0.0,0.0,518.2,6.16,518.0,6.11,509.9,5.71,514.7,5.78,510.9,5.68,0.0,0.0,238.2,12.06,240.44,11.98,237.51,12.12,1.0,50.06
2026-10-07T12:55:02.086293+00:00,22.4,7.2,15.2,0.0,100.0,97.0,764.0,22.1,16.1,0.0,133.63,2405.15,67959.49,74800.42,0.0,0.0,0.0,7.26,7.66,7.23,35.1,35.53,29.92,48.54,509.9,5.55,521.2,5.27,523.2,5.08,0.0,0.0,518.1,5.42,0.0,0.0,518.9,5.78,519.3,5.72,511.3,5.36,515.3,5.36,514.0,5.34,0.0,0.0,237.08,10.3,239.64,10.22,236.38,10.35,1.0,49.93
2026-10-07T13:00:02.118227+00:00,23.5,4.31,19.19,0.0,100.0,92.0,529.0,21.8,16.3,0.0,135.48,2407.0,67961.34,74802.27,0.0,0.0,0.0,7.29,7.76,7.28,35.1,35.53,29.92,48.54,512.9,5.19,520.9,5.01,522.5,4.79,0.0,0.0,515.9,5.06,0.0,0.0,521.6,5.36,518.2,5.34,512.0,5.02,516.6,5.03,513.0,5.0,0.0,0.0,237.53,10.31,239.98,10.23,236.8,10.36,1.0,50.01
2026-10-07T13:05:01.400615+00:00,20.0,1.12,18.88,0.0,100.0,92.0,529.0,21.8,16.3,0.0,137.45,2408.97,67963.31,74804.24,0.0,0.0,0.0,7.6,8.19,7.76,35.1,35.53,29.92,48.54,513.7,5.5,521.7,5.3,522.9,5.1,0.0,0.0,519.0,5.26,0.0,0.0,522.9,5.61,520.4,5.6,515.4,5.22,515.8,5.36,517.1,5.19,0.0,0.0,237.28,10.75,240.24,10.65,236.58,10.8,0.999,50.16
2026-10-07T13:10:01.999073+00:00,21.8,-0.81,22.61,0.0,100.0,92.0,529.0,21.8,16.3,0.0,139.25,2410.77,67965.11,74806.04,0.0,0.0,0.0,6.67,6.96,6.59,35.1,35.53,29.92,48.54,513.2,5.08,521.8,4.86,525.4,4.65,0.0,0.0,517.4,5.02,0.0,0.0,521.3,5.29,522.4,5.22,511.8,4.95,517.6,4.92,514.4,4.94,0.0,0.0,238.51,17.69,238.62,5.21,235.78,5.27,0.999,50.1
2026-10-07T13:15:01.444916+00:00,29.0,11.51,17.49,0.0,100.0,79.0,529.0,21.6,16.3,0.0,141.21,2412.73,67967.07,74808.0,0.0,0.0,0.0,6.93,7.69,7.15,35.1,35.53,29.92,48.54,516.1,5.53,523.4,5.32,523.9,5.15,0.0,0.0,521.2,5.33,0.0,0.0,523.0,5.73,522.4,5.69,516.0,5.27,517.5,5.41,514.6,5.27,0.0,0.0,237.71,19.68,238.05,4.63,234.94,5.17,1.0,49.93
2026-10-07T13:20:01.782190+00:00,19.8,-4.4,24.2,0.0,100.0,79.0,529.0,21.6,16.3,0.0,143.27,2414.79,67969.13,74810.06,0.0,0.0,0.0,10.4,9.41,9.59,35.1,35.53,29.92,48.54,514.4,5.76,521.5,5.52,523.8,5.34,0.0,0.0,519.2,5.5,0.0,0.0,520.7,5.87,520.3,5.83,514.1,5.43,518.5,5.58,514.8,5.41,0.0,0.0,236.44,14.53,238.35,14.46,235.55,14.61,1.0,49.96
2026-10-07T13:25:01.470545+00:00,20.4,-0.54,20.94,0.0,100.0,79.0,529.0,21.6,16.3,0.0,145.24,2416.76,67971.1,74812.03,0.0,0.0,0.0,6.39,6.84,6.44,35.1,35.54,29.92,48.55,512.7,5.55,519.0,5.34,521.0,5.16,0.0,0.0,518.4,5.48,0.0,0.0,518.6,5.79,519.6,5.72,514.0,5.38,517.2,5.36,513.1,5.41,0.0,0.0,236.18,16.83,236.8,4.92,233.67,5.59,0.999,49.91
2026-10-07T13:30:01.964706+00:00,21.2,0.21,20.99,0.0,100.0,60.0,529.0,21.4,16.0,0.0,146.82,2418.34,67972.68,74813.61,0.0,0.0,0.0,6.7,7.0,6.7,35.1,35.54,29.93,48.55,513.7,4.44,519.3,4.3,520.4,4.14,0.0,0.0,517.2,4.39,0.0,0.0,518.4,4.61,516.9,4.58,512.3,4.37,517.2,4.31,514.0,4.39,0.0,0.0,235.89,17.9,236.34,3.93,233.55,6.8,1.0,49.82
2026-10-07T13:35:01.366170+00:00,17.6,-7.61,25.21,0.0,100.0,60.0,529.0,21.4,16.0,0.0,148.65,2420.17,67974.51,74815.44,0.0,0.0,0.0,6.78,7.4,6.93,35.1,35.54,29.93,48.55,516.0,5.05,519.8,4.92,521.2,4.77,0.0,0.0,519.7,5.02,0.0,0.0,520.5,5.26,519.8,5.21,514.4,4.94,519.0,4.92,515.9,4.94,0.0,0.0,236.99,18.17,237.44,3.94,234.67,6.82,1.0,49.94
2026-10-07T13:40:01.729134+00:00,15.8,-9.91,25.71,0.0,100.0,60.0,529.0,21.4,16.0,0.0,150.28,2421.8,67976.14,74817.07,0.0,0.0,0.0,5.73,6.1,5.77,35.1,35.54,29.93,48.55,515.9,4.6,520.6,4.46,521.1,4.34,0.0,0.0,520.8,4.53,0.0,0.0,521.3,4.79,520.3,4.74,512.9,4.5,516.8,4.5,515.0,4.5,0.0,0.0,236.14,10.13,237.83,5.81,235.03,8.62,0.999,50.04
2026-10-07T13:45:01.713251+00:00,12.1,-15.88,27.98,0.0,100.0,43.0,529.0,21.2,15.7,0.0,151.68,2423.2,67977.54,74818.47,0.0,0.0,0.0,5.08,5.46,5.18,35.11,35.54,29.93,48.55,516.2,3.93,519.1,3.86,521.8,3.71,0.0,0.0,519.7,3.86,0.0,0.0,519.9,4.11,520.0,4.07,511.6,3.89,517.1,3.87,516.2,3.87,0.0,0.0,235.48,9.94,237.34,6.12,234.27,5.74,0.998,49.95
2026-10-07T13:50:01.414214+00:00,9.6,-24.53,34.13,0.0,100.0,43.0,529.0,21.2,15.7,0.0,152.84,2424.36,67978.7,74819.63,0.0,0.0,0.0,3.95,4.18,4.02,35.11,35.54,29.93,48.55,514.5,3.28,516.6,3.21,519.3,3.06,0.0,0.0,516.9,3.29,0.0,0.0,519.5,3.38,517.6,3.35,510.9,3.26,514.7,3.2,513.5,3.24,0.0,0.0,234.04,5.7,237.25,5.64,233.75,5.71,0.999,49.82
2026-10-07T13:55:01.385619+00:00,8.5,-24.29,32.79,0.0,100.0,43.0,529.0,21.2,15.7,0.0,153.76,2425.28,67979.62,74820.55,0.0,0.0,0.0,3.08,3.25,3.15,35.11,35.54,29.93,48.55,510.7,2.65,513.1,2.62,515.6,2.49,0.0,0.0,513.3,2.63,0.0,0.0,515.8,2.72,516.8,2.68,510.2,2.66,512.0,2.59,511.6,2.66,0.0,0.0,234.18,4.45,237.55,4.4,233.95,4.46,0.999,49.96
2026-10-07T14:00:01.294787+00:00,9.2,-22.29,31.49,0.0,100.0,36.0,312.0,21.0,15.3,0.0,154.47,2425.99,67980.33,74821.26,0.0,0.0,0.0,2.75,2.9,2.84,35.11,35.54,29.93,48.55,510.2,2.07,511.5,2.01,514.7,1.9,0.0,0.0,510.6,2.13,0.0,0.0,515.5,2.07,513.4,2.04,507.7,2.1,506.9,2.0,510.0,2.06,0.0,0.0,234.28,3.98,237.98,3.93,234.05,3.99,1.0,49.9
2026-10-07T14:05:01.892620+00:00,8.9,-11.72,20.62,0.0,100.0,36.0,312.0,21.0,15.3,0.0,155.21,2426.73,67981.07,74822.0,0.0,0.0,0.0,2.99,3.09,3.05,35.11,35.54,29.93,48.55,512.9,2.18,516.3,2.11,516.8,2.0,0.0,0.0,512.1,2.22,0.0,0.0,516.1,2.14,512.4,2.12,509.5,2.22,511.6,2.09,514.4,2.13,0.0,0.0,234.72,4.3,238.2,4.25,234.53,4.31,0.993,50.02
2026-10-07T14:10:01.277329+00:00,8.9,-20.01,28.91,0.0,100.0,36.0,312.0,21.0,15.3,0.0,155.96,2427.48,67981.82,74822.75,0.0,0.0,0.0,2.92,3.05,3.0,35.11,35.54,29.93,48.55,515.2,2.18,516.0,2.12,518.9,2.01,0.0,0.0,512.4,2.22,0.0,0.0,518.0,2.14,512.6,2.12,510.2,2.22,513.5,2.1,518.8,2.11,0.0,0.0,234.52,4.26,237.68,4.16,233.79,4.28,0.993,50.04
2026-10-07T14:15:02.028905+00:00,6.8,-20.26,27.06,0.0,100.0,44.0,312.0,20.9,14.9,0.0,156.69,2428.21,67982.55,74823.48,0.0,0.0,0.0,2.9,3.0,2.96,35.11,35.54,29.93,48.55,512.9,2.15,518.1,2.06,519.9,1.95,0.0,0.0,511.4,2.18,0.0,0.0,515.9,2.1,514.1,2.07,510.8,2.16,514.1,2.05,513.3,2.09,0.0,0.0,234.03,4.18,237.46,4.14,233.5,4.21,0.998,49.92
2026-10-07T14:20:01.937022+00:00,6.8,-14.58,21.38,0.0,100.0,44.0,312.0,20.9,14.9,0.0,157.34,2428.86,67983.2,74824.13,0.0,0.0,0.0,2.2,2.27,2.26,35.11,35.54,29.93,48.55,510.1,1.9,515.2,1.87,517.0,1.79,0.0,0.0,513.4,1.91,0.0,0.0,514.2,1.91,513.6,1.89,508.5,1.91,510.0,1.86,512.1,1.91,0.0,0.0,233.67,3.2,236.69,3.17,233.29,3.22,0.997,49.91
2026-10-07T14:25:01.421088+00:00,5.7,-24.81,30.51,0.0,100.0,44.0,312.0,20.9,14.9,0.0,157.87,2429.39,67983.73,74824.66,0.0,0.0,0.0,2.22,2.31,2.28,35.11,35.54,29.93,48.55,514.9,1.61,512.2,1.62,515.3,1.54,0.0,0.0,508.6,1.57,0.0,0.0,511.3,1.65,512.7,1.63,509.5,1.64,504.7,1.63,507.3,1.66,0.0,0.0,233.74,3.21,236.78,3.19,233.54,3.23,0.997,49.85
2026-10-07T14:30:01.373873+00:00,4.8,-16.51,21.31,0.0,100.0,62.0,312.0,20.7,14.4,0.0,158.42,2429.94,67984.28,74825.21,0.0,0.0,0.0,1.85,1.94,1.92,35.11,35.54,29.93,48.55,509.4,1.66,514.5,1.65,516.7,1.58,0.0,0.0,504.1,1.64,0.0,0.0,511.6,1.71,511.7,1.68,505.5,1.69,511.0,1.65,511.4,1.69,0.0,0.0,233.63,2.71,237.23,2.69,233.46,2.73,0.987,49.93
2026-10-07T14:35:01.929730+00:00,5.1,-21.64,26.74,0.0,100.0,62.0,312.0,20.7,14.4,0.0,158.84,2430.36,67984.7,74825.63,0.0,0.0,0.0,1.55,1.63,1.61,35.11,35.54,29.93,48.55,505.5,1.36,506.3,1.28,505.6,1.18,0.0,0.0,504.9,1.37,0.0,0.0,507.7,1.27,505.4,1.25,500.5,1.39,506.0,1.25,505.9,1.27,0.0,0.0,235.04,2.29,238.24,2.27,234.77,2.31,0.998,49.93
2026-10-07T14:40:01.661058+00:00,4.2,-18.53,22.73,0.0,100.0,62.0,312.0,20.7,14.4,0.0,159.26,2430.78,67985.12,74826.05,0.0,0.0,0.0,1.66,1.72,1.7,35.11,35.54,29.93,48.56,507.9,1.33,510.8,1.24,513.9,1.13,0.0,0.0,505.1,1.34,0.0,0.0,506.7,1.24,508.6,1.21,503.6,1.35,507.4,1.21,514.6,1.2,0.0,0.0,235.57,2.42,239.03,2.39,235.01,2.43,0.999,50.15
2026-10-07T14:45:01.494188+00:00,3.6,-27.1,30.7,0.0,100.0,82.0,312.0,20.6,13.9,0.0,159.65,2431.17,67985.51,74826.44,0.0,0.0,0.0,1.39,1.45,1.43,35.11,35.54,29.93,48.56,504.3,1.24,507.3,1.17,509.3,1.08,0.0,0.0,499.5,1.29,0.0,0.0,507.2,1.17,505.0,1.15,501.3,1.26,506.4,1.14,509.2,1.17,0.0,0.0,235.53,2.04,237.85,2.03,234.57,2.05,0.994,49.91
2026-10-07T14:50:01.166228+00:00,2.7,-25.68,28.38,0.0,100.0,82.0,312.0,20.6,13.9,0.0,159.97,2431.49,67985.83,74826.76,0.0,0.0,0.0,1.16,1.22,1.2,35.11,35.54,29.93,48.56,502.9,1.01,498.1,1.02,504.7,0.99,0.0,0.0,505.1,1.06,0.0,0.0,500.1,1.06,501.5,1.02,499.3,1.04,500.9,1.01,504.0,1.07,0.0,0.0,235.41,1.72,238.3,1.71,234.87,1.74,0.97,50.16
2026-10-07T14:55:02.066897+00:00,2.4,-22.01,24.41,0.0,100.0,82.0,312.0,20.6,13.9,0.0,160.23,2431.75,67986.09,74827.02,0.0,0.0,0.0,0.85,0.9,0.88,35.11,35.54,29.93,48.56,494.6,0.88,503.0,0.9,501.6,0.88,0.0,0.0,491.0,0.85,0.0,0.0,497.1,0.93,493.7,0.93,493.7,0.92,498.7,0.9,497.7,0.94,0.0,0.0,235.43,1.32,238.9,1.31,235.35,1.33,0.951,50.15
2026-10-07T15:00:01.760589+00:00,1.7,-26.64,28.34,0.0,100.0,0.0,0.0,0.0,0.0,0.0,160.45,2431.97,67986.31,74827.24,0.0,0.0,0.0,0.79,0.82,0.81,35.11,35.54,29.93,48.56,494.4,0.83,499.5,0.81,497.8,0.75,0.0,0.0,496.2,0.77,0.0,0.0,496.5,0.8,494.5,0.8,492.5,0.85,499.3,0.79,494.5,0.79,0.0,0.0,235.48,1.26,238.76,1.25,234.92,1.27,0.992,50.11
2026-10-07T15:05:01.770639+00:00,1.3,-31.66,32.96,0.0,100.0,96.0,192.0,20.5,13.7,0.0,160.62,2432.14,67986.48,74827.41,0.0,0.0,0.0,0.53,0.56,0.55,35.11,35.54,29.93,48.56,492.4,0.71,492.0,0.64,492.1,0.58,0.0,0.0,492.2,0.71,0.0,0.0,490.2,0.62,494.7,0.61,488.8,0.73,489.8,0.62,489.0,0.62,0.0,0.0,234.98,0.91,238.74,0.92,234.65,0.93,0.86,50.06
2026-10-07T15:10:01.993177+00:00,0.9,-31.26,32.16,0.0,100.0,96.0,192.0,20.5,13.7,0.0,160.74,2432.26,67986.6,74827.53,0.0,0.0,0.0,0.41,0.44,0.42,35.12,35.54,29.93,48.56,476.1,0.46,478.8,0.46,485.9,0.44,0.0,0.0,486.1,0.53,0.0,0.0,481.8,0.48,480.5,0.46,476.9,0.47,491.2,0.44,483.3,0.5,0.0,0.0,235.11,0.78,238.35,0.77,234.88,0.8,0.855,49.9
2026-10-07T15:15:01.859893+00:00,0.6,-26.14,26.74,0.0,100.0,100.0,192.0,20.3,13.6,0.0,160.82,2432.34,67986.68,74827.61,0.0,0.0,0.0,0.25,0.28,0.27,35.12,35.54,29.93,48.56,479.8,0.36,480.8,0.42,472.7,0.44,0.0,0.0,469.6,0.37,0.0,0.0,477.4,0.46,472.3,0.47,480.5,0.38,483.6,0.41,479.4,0.48,0.0,0.0,235.11,0.6,238.0,0.61,234.54,0.62,0.847,49.85
2026-10-07T15:20:01.586495+00:00,0.0,-25.37,25.37,0.0,100.0,100.0,192.0,20.3,13.6,0.0,160.89,2432.41,67986.75,74827.68,0.0,0.0,0.0,0.2,0.22,0.21,35.12,35.54,29.93,48.56,466.8,0.34,469.4,0.42,477.1,0.42,0.0,0.0,474.3,0.29,0.0,0.0,474.3,0.44,475.6,0.46,474.2,0.36,481.2,0.4,466.8,0.45,0.0,0.0,235.39,0.56,237.61,0.56,234.25,0.57,0.431,49.92
2026-10-07T15:25:01.685475+00:00,0.0,-28.87,28.87,0.0,100.0,100.0,192.0,20.3,13.6,0.0,160.92,2432.44,67986.78,74827.71,0.0,0.0,0.0,0.08,0.1,0.08,35.12,35.54,29.93,48.56,463.0,0.34,466.6,0.37,475.0,0.34,0.0,0.0,470.3,0.29,0.0,0.0,477.4,0.34,461.4,0.39,467.1,0.36,478.0,0.35,467.2,0.34,0.0,0.0,235.18,0.49,237.97,0.49,233.91,0.5,-0.08,49.95
2026-10-07T15:30:01.367268+00:00,0.0,-24.77,24.77,0.0,100.0,100.0,192.0,20.1,13.7,0.0,160.93,2432.45,67986.79,74827.72,0.0,0.0,0.0,0.0,0.01,0.0,35.12,35.54,29.93,48.56,462.2,0.3,461.6,0.24,457.2,0.19,0.0,0.0,457.2,0.31,0.0,0.0,461.9,0.21,461.0,0.22,460.3,0.3,469.2,0.21,459.5,0.2,0.0,0.0,234.39,0.54,237.79,0.55,233.51,0.58,-0.173,49.88
2026-10-07T15:35:01.638454+00:00,0.0,-31.16,31.16,0.0,100.0,100.0,192.0,20.1,13.7,0.0,160.93,2432.45,67986.79,74827.72,0.0,0.0,0.0,0.0,0.0,0.0,35.12,35.54,29.93,48.56,453.0,0.21,469.6,0.13,441.0,0.11,0.0,0.0,459.5,0.26,0.0,0.0,461.9,0.12,429.4,0.1,452.8,0.18,464.5,0.12,459.1,0.13,0.0,0.0,237.89,0.67,240.91,0.67,236.4,0.69,-0.504,50.16
2026-10-07T15:40:01.680767+00:00,0.0,-30.4,30.4,0.0,100.0,100.0,192.0,20.1,13.7,0.0,160.93,2432.45,67986.79,74827.72,0.0,0.0,0.0,0.0,0.0,0.0,35.12,35.54,29.93,48.56,441.5,0.12,454.2,0.09,433.6,0.08,0.0,0.0,450.7,0.18,0.0,0.0,461.0,0.1,450.1,0.07,436.6,0.1,463.3,0.07,455.3,0.12,0.0,0.0,237.65,0.5,240.63,0.51,236.67,0.53,-0.593,50.16
2026-10-07T15:45:01.749673+00:00,0.0,-37.82,37.82,0.0,100.0,100.0,192.0,19.9,13.6,0.0,160.93,2432.45,67986.79,74827.72,0.0,0.0,0.0,0.0,0.0,0.0,35.12,35.54,29.93,48.56,410.6,0.02,457.2,0.07,433.1,0.08,0.0,0.0,444.3,0.05,0.0,0.0,451.7,0.11,436.8,0.09,429.6,0.01,434.6,0.06,438.1,0.13,0.0,0.0,238.04,0.56,240.92,0.56,237.25,0.58,-0.982,50.07
2026-10-07T15:50:01.419890+00:00,0.0,-34.9,34.9,0.0,100.0,100.0,192.0,19.9,13.6,0.0,160.93,2432.45,67986.79,74827.72,0.0,0.0,0.0,0.0,0.0,0.0,35.12,35.54,29.93,48.56,383.0,-0.02,423.9,0.08,434.1,0.12,0.0,0.0,444.4,-0.01,0.0,0.0,434.4,0.13,417.8,0.12,395.0,-0.02,425.8,0.08,421.1,0.16,0.0,0.0,237.8,0.59,241.11,0.58,237.3,0.6,-0.409,50.07
2026-10-07T15:55:01.264998+00:00,0.0,-37.85,37.25,0.0,100.0,100.0,192.0,19.9,13.6,0.0,160.93,2432.45,67986.79,74827.72,0.0,0.0,0.0,0.0,0.0,0.0,35.12,35.54,29.93,48.56,379.6,-0.02,404.4,0.12,438.3,0.16,0.0,0.0,459.9,-0.04,0.0,0.0,401.0,0.16,445.6,0.16,405.3,-0.01,448.0,0.13,439.0,0.15,0.0,0.0,237.34,0.57,241.22,0.57,237.18,0.57,-0.652,49.94
2026-10-07T16:00:02.065978+00:00,0.0,-32.78,32.18,0.0,100.0,100.0,39.0,19.8,13.4,0.0,160.93,2432.45,67986.79,74827.72,0.0,0.0,0.0,0.0,0.0,0.0,35.12,35.54,29.93,48.56,393.4,0.02,397.9,0.15,396.6,0.16,0.0,0.0,439.2,-0.02,0.0,0.0,403.4,0.13,396.1,0.19,391.8,0.06,402.5,0.14,428.9,0.11,0.0,0.0,237.39,0.66,240.95,0.67,237.08,0.68,1.0,49.93
2026-10-07T16:05:01.802374+00:00,0.0,32.99,29.51,-62.5,95.4,100.0,39.0,19.8,13.4,0.0,160.93,2432.45,67986.79,74827.72,0.0,0.0,0.0,0.0,0.0,0.0,37.11,35.54,29.93,48.56,356.5,0.04,426.1,0.08,370.5,0.13,0.0,0.0,414.1,-0.02,0.0,0.0,366.9,0.12,377.5,0.18,379.5,0.11,390.4,0.11,412.0,0.07,0.0,0.0,237.84,0.71,241.87,0.71,237.28,0.71,1.0,50.05
2026-10-07T16:10:01.280054+00:00,0.0,34.23,28.17,-62.4,90.8,100.0,39.0,19.8,13.4,0.0,160.94,2432.46,67986.8,74827.73,0.0,0.0,0.0,0.0,0.0,0.0,39.11,35.54,29.93,48.56,326.5,0.04,405.4,0.03,344.3,0.06,0.0,0.0,381.7,-0.03,0.0,0.0,367.0,0.06,327.8,0.12,375.3,0.04,388.8,0.03,402.0,0.02,0.0,0.0,241.83,39.08,243.34,27.17,239.28,26.72,1.0,50.11
2026-10-07T16:15:01.864886+00:00,0.0,24.97,37.53,-62.5,86.2,100.0,39.0,19.7,12.8,0.0,160.94,2432.46,67986.8,74827.73,0.0,0.0,0.0,0.0,0.0,0.0,41.11,35.54,29.93,48.56,276.8,0.02,384.8,0.01,337.7,0.02,0.0,0.0,370.5,-0.01,0.0,0.0,372.6,0.01,286.3,0.06,325.7,0.02,347.1,0.01,384.5,-0.01,0.0,0.0,240.42,36.71,242.29,28.69,238.29,28.04,1.0,49.97
2026-10-07T16:20:01.285418+00:00,0.0,29.78,32.62,-62.4,81.6,100.0,39.0,19.7,12.8,0.0,160.94,2432.46,67986.8,74827.73,0.0,0.0,0.0,0.0,0.0,0.0,43.1,35.54,29.93,48.56,250.3,0.0,323.5,0.01,302.0,0.0,0.0,0.0,323.6,-0.01,0.0,0.0,324.6,-0.01,274.0,0.0,283.7,0.0,323.6,-0.01,318.1,-0.01,0.0,0.0,238.45,31.31,241.85,31.03,237.8,31.49,1.0,49.84
2026-10-07T16:25:01.701785+00:00,0.0,32.48,29.82,-62.3,77.0,100.0,39.0,19.7,12.8,0.0,160.94,2432.46,67986.8,74827.73,0.0,0.0,0.0,0.0,0.0,0.0,45.09,35.54,29.93,48.56,225.1,0.0,236.6,0.01,235.3,-0.01,0.0,0.0,239.2,0.0,0.0,0.0,238.1,-0.01,237.1,-0.02,240.1,-0.01,237.0,-0.01,238.1,-0.01,0.0,0.0,238.61,31.32,241.63,31.02,237.76,31.48,1.0,49.82
2026-10-07T16:30:01.308778+00:00,0.0,27.33,35.17,-62.5,72.4,100.0,39.0,19.6,11.9,0.0,160.94,2432.46,67986.8,74827.73,0.0,0.0,0.0,0.0,0.0,0.0,47.07,35.54,29.93,48.56,0.0,0.0,0.0,0.0,0.0,0.0,0.0,0.0,0.0,0.0,0.0,0.0,0.0,0.0,0.0,0.0,0.0,0.0,0.0,0.0,0.0,0.0,0.0,0.0,238.13,31.35,241.07,31.11,237.14,31.57,1.0,49.79
2026-10-07T16:35:02.034305+00:00,0.0,31.83,30.57,-62.4,67.8,100.0,39.0,19.6,11.9,0.0,160.94,2432.46,67986.8,74827.73,0.0,0.0,0.0,0.0,0.0,0.0,49.08,35.54,29.93,48.56,0.0,0.0,0.0,0.0,0.0,0.0,0.0,0.0,0.0,0.0,0.0,0.0,0.0,0.0,0.0,0.0,0.0,0.0,0.0,0.0,0.0,0.0,0.0,0.0,237.52,31.43,241.09,31.07,236.73,31.61,1.0,49.8
2026-10-07T16:40:01.267115+00:00,0.0,34.12,28.08,-62.2,63.2,100.0,39.0,19.6,11.9,0.0,160.94,2432.46,67986.8,74827.73,0.0,0.0,0.0,0.0,0.0,0.0,51.06,35.54,29.93,48.56,0.0,0.0,0.0,0.0,0.0,0.0,0.0,0.0,0.0,0.0,0.0,0.0,0.0,0.0,0.0,0.0,0.0,0.0,0.0,0.0,0.0,0.0,0.0,0.0,238.09,31.34,240.69,31.11,236.97,31.54,1.0,49.83
2026-10-07T16:45:01.871322+00:00,0.0,32.1,29.8,-61.9,58.6,100.0,39.0,19.5,11.0,0.0,160.94,2432.46,67986.8,74827.73,0.0,0.0,0.0,0.0,0.0,0.0,53.03,35.54,29.93,48.56,0.0,0.0,0.0,0.0,0.0,0.0,0.0,0.0,0.0,0.0,0.0,0.0,0.0,0.0,0.0,0.0,0.0,0.0,0.0,0.0,0.0,0.0,0.0,0.0,238.78,31.16,241.31,30.96,237.14,31.44,1.0,49.8
2026-10-07T16:50:01.740235+00:00,0.0,36.39,24.61,-61.0,54.0,100.0,39.0,19.5,11.0,0.0,160.94,2432.46,67986.8,74827.73,0.0,0.0,0.0,0.0,0.0,0.0,54.98,35.54,29.93,48.56,0.0,0.0,0.0,0.0,0.0,0.0,0.0,0.0,0.0,0.0,0.0,0.0,0.0,0.0,0.0,0.0,0.0,0.0,0.0,0.0,0.0,0.0,0.0,0.0,238.75,30.84,241.1,30.69,237.63,31.09,1.0,49.78
2026-10-07T16:55:01.758106+00:00,0.0,28.71,31.59,-60.3,49.5,100.0,39.0,19.5,11.0,0.0,160.94,2432.46,67986.8,74827.73,0.0,0.0,0.0,0.0,0.0,0.0,56.9,35.54,29.93,48.56,0.0,0.0,0.0,0.0,0.0,0.0,0.0,0.0,0.0,0.0,0.0,0.0,0.0,0.0,0.0,0.0,0.0,0.0,0.0,0.0,0.0,0.0,0.0,0.0,240.58,30.29,242.82,30.12,239.32,30.51,1.0,50.02
2026-10-07T17:00:01.757157+00:00,0.0,33.52,25.88,-59.4,45.1,100.0,0.0,19.4,10.1,0.0,160.94,2432.46,67986.8,74827.73,0.0,0.0,0.0,0.0,0.0,0.0,58.82,35.54,29.93,48.56,0.0,0.0,0.0,0.0,0.0,0.0,0.0,0.0,0.0,0.0,0.0,0.0,0.0,0.0,0.0,0.0,0.0,0.0,0.0,0.0,0.0,0.0,0.0,0.0,240.53,29.72,243.19,28.33,239.0,29.99,1.0,50.01
2026-10-07T17:05:02.161933+00:00,0.0,32.72,26.58,-59.3,40.7,100.0,0.0,19.4,10.1,0.0,160.94,2432.46,67986.8,74827.73,0.0,0.0,0.0,0.0,0.0,0.0,60.7,35.54,29.93,48.56,0.0,0.0,0.0,0.0,0.0,0.0,0.0,0.0,0.0,0.0,0.0,0.0,0.0,0.0,0.0,0.0,0.0,0.0,0.0,0.0,0.0,0.0,0.0,0.0,241.59,29.78,243.73,29.62,239.92,30.05,1.0,50.1
2026-10-07T17:10:01.988787+00:00,0.0,33.89,24.61,-58.5,36.4,100.0,0.0,19.4,10.1,0.0,160.94,2432.46,67986.8,74827.73,0.0,0.0,0.0,0.0,0.0,0.0,62.57,35.54,29.93,48.56,0.0,0.0,0.0,0.0,0.0,0.0,0.0,0.0,0.0,0.0,0.0,0.0,0.0,0.0,0.0,0.0,0.0,0.0,0.0,0.0,0.0,0.0,0.0,0.0,241.38,29.2,243.99,28.98,239.95,29.43,1.0,50.1
2026-10-07T17:15:01.243111+00:00,0.0,34.43,23.37,-57.8,32.1,100.0,0.0,19.3,9.2,0.0,160.94,2432.46,67986.8,74827.73,0.0,0.0,0.0,0.0,0.0,0.0,64.42,35.54,29.93,48.56,0.0,0.0,0.0,0.0,0.0,0.0,0.0,0.0,0.0,0.0,0.0,0.0,0.0,0.0,0.0,0.0,0.0,0.0,0.0,0.0,0.0,0.0,0.0,0.0,241.26,28.74,243.96,28.55,240.0,28.96,1.0,50.12
2026-10-07T17:20:02.115568+00:00,0.0,28.07,29.33,-57.4,27.8,100.0,0.0,19.3,9.2,0.0,160.94,2432.46,67986.8,74827.73,0.0,0.0,0.0,0.0,0.0,0.0,66.26,35.54,29.93,48.56,0.0,0.0,0.0,0.0,0.0,0.0,0.0,0.0,0.0,0.0,0.0,0.0,0.0,0.0,0.0,0.0,0.0,0.0,0.0,0.0,0.0,0.0,0.0,0.0,242.82,28.34,245.5,28.15,241.76,28.54,1.0,50.13
2026-10-07T17:25:01.984242+00:00,0.0,27.51,29.29,-56.8,23.6,100.0,0.0,19.3,9.2,0.0,160.94,2432.46,67986.8,74827.73,0.0,0.0,0.0,0.0,0.0,0.0,68.08,35.54,29.93,48.56,0.0,0.0,0.0,0.0,0.0,0.0,0.0,0.0,0.0,0.0,0.0,0.0,0.0,0.0,0.0,0.0,0.0,0.0,0.0,0.0,0.0,0.0,0.0,0.0,243.68,28.29,246.28,28.1,242.74,28.46,1.0,50.15
2026-10-07T17:30:01.845929+00:00,0.0,-21.49,41.59,-20.1,20.0,99.0,0.0,19.2,8.1,0.0,160.94,2432.46,67986.8,74827.73,0.0,0.0,0.0,0.0,0.0,0.0,69.83,35.54,29.93,48.56,0.0,0.0,0.0,0.0,0.0,0.0,0.0,0.0,0.0,0.0,0.0,0.0,0.0,0.0,0.0,0.0,0.0,0.0,0.0,0.0,0.0,0.0,0.0,0.0,244.41,29.2,246.54,26.79,242.55,27.37,0.999,50.17
2026-10-07T17:35:02.107983+00:00,0.0,-25.41,25.01,0.4,20.0,99.0,0.0,19.2,8.1,0.0,160.94,2432.46,67986.8,74827.73,0.0,0.0,0.0,0.0,0.0,0.0,69.86,35.54,29.93,48.56,0.0,0.0,0.0,0.0,0.0,0.0,0.0,0.0,0.0,0.0,0.0,0.0,0.0,0.0,0.0,0.0,0.0,0.0,0.0,0.0,0.0,0.0,0.0,0.0,242.81,14.37,245.74,14.26,241.96,14.44,-0.951,50.06
2026-10-07T17:40:01.754635+00:00,0.0,-26.38,25.98,0.4,20.0,99.0,0.0,19.2,8.1,0.0,160.94,2432.46,67986.8,74827.73,0.0,0.0,0.0,0.0,0.0,0.0,69.86,35.54,29.93,48.56,0.0,0.0,0.0,0.0,0.0,0.0,0.0,0.0,0.0,0.0,0.0,0.0,0.0,0.0,0.0,0.0,0.0,0.0,0.0,0.0,0.0,0.0,0.0,0.0,240.26,0.67,242.57,0.66,239.05,0.67,-0.692,50.16
2026-10-07T17:45:01.536524+00:00,0.0,-30.72,30.32,0.4,20.0,99.0,0.0,19.1,7.2,0.0,160.94,2432.46,67986.8,74827.73,0.0,0.0,0.0,0.0,0.0,0.0,69.86,35.54,29.93,48.56,0.0,0.0,0.0,0.0,0.0,0.0,0.0,0.0,0.0,0.0,0.0,0.0,0.0,0.0,0.0,0.0,0.0,0.0,0.0,0.0,0.0,0.0,0.0,0.0,240.77,0.52,243.12,0.52,239.89,0.53,-0.806,50.15
2026-10-07T17:50:01.843019+00:00,0.0,-26.16,25.56,0.6,20.0,99.0,0.0,19.1,7.2,0.0,160.94,2432.46,67986.8,74827.73,0.0,0.0,0.0,0.0,0.0,0.0,69.86,35.54,29.93,48.56,0.0,0.0,0.0,0.0,0.0,0.0,0.0,0.0,0.0,0.0,0.0,0.0,0.0,0.0,0.0,0.0,0.0,0.0,0.0,0.0,0.0,0.0,0.0,0.0,237.17,0.52,239.76,0.53,236.38,0.53,-0.85,50.12
2026-10-07T17:55:01.743336+00:00,0.0,-32.17,31.57,0.2,20.0,99.0,0.0,19.1,7.2,0.0,160.94,2432.46,67986.8,74827.73,0.0,0.0,0.0,0.0,0.0,0.0,69.86,35.54,29.93,48.56,0.0,0.0,0.0,0.0,0.0,0.0,0.0,0.0,0.0,0.0,0.0,0.0,0.0,0.0,0.0,0.0,0.0,0.0,0.0,0.0,0.0,0.0,0.0,0.0,237.19,0.62,240.57,0.6,236.45,0.62,-0.624,50.13
2026-10-07T18:00:01.650545+00:00,0.0,-31.71,31.21,0.5,20.0,99.0,0.0,19.0,6.4,0.0,160.94,2432.46,67986.8,74827.73,0.0,0.0,0.0,0.0,0.0,0.0,69.86,35.54,29.93,48.56,0.0,0.0,0.0,0.0,0.0,0.0,0.0,0.0,0.0,0.0,0.0,0.0,0.0,0.0,0.0,0.0,0.0,0.0,0.0,0.0,0.0,0.0,0.0,0.0,236.92,0.56,239.96,0.57,236.22,0.57,-0.897,49.95
2026-10-07T18:05:01.527552+00:00,0.0,-30.3,29.6,0.5,20.0,99.0,0.0,19.0,6.4,0.0,160.94,2432.46,67986.8,74827.73,0.0,0.0,0.0,0.0,0.0,0.0,69.86,35.54,29.93,48.56,0.0,0.0,0.0,0.0,0.0,0.0,0.0,0.0,0.0,0.0,0.0,0.0,0.0,0.0,0.0,0.0,0.0,0.0,0.0,0.0,0.0,0.0,0.0,0.0,237.72,0.57,240.46,0.57,236.74,0.57,-0.505,50.01
2026-10-07T18:10:01.485166+00:00,0.0,-25.34,24.64,0.7,20.0,99.0,0.0,19.0,6.4,0.0,160.94,2432.46,67986.8,74827.73,0.0,0.0,0.0,0.0,0.0,0.0,69.86,35.54,29.93,48.56,0.0,0.0,0.0,0.0,0.0,0.0,0.0,0.0,0.0,0.0,0.0,0.0,0.0,0.0,0.0,0.0,0.0,0.0,0.0,0.0,0.0,0.0,0.0,0.0,236.94,0.57,239.97,0.57,236.83,0.59,-0.708,49.85
2026-10-07T18:15:01.269780+00:00,0.0,-26.53,25.93,0.6,20.0,99.0,0.0,18.9,5.9,0.0,160.94,2432.46,67986.8,74827.73,0.0,0.0,0.0,0.0,0.0,0.0,69.86,35.54,29.93,48.56,0.0,0.0,0.0,0.0,0.0,0.0,0.0,0.0,0.0,0.0,0.0,0.0,0.0,0.0,0.0,0.0,0.0,0.0,0.0,0.0,0.0,0.0,0.0,0.0,237.38,0.61,240.46,0.59,237.26,0.61,-0.767,49.83
2026-10-07T18:20:01.406171+00:00,0.0,-25.0,24.4,0.6,20.0,99.0,0.0,18.9,5.9,0.0,160.94,2432.46,67986.8,74827.73,0.0,0.0,0.0,0.0,0.0,0.0,69.86,35.54,29.93,48.56,0.0,0.0,0.0,0.0,0.0,0.0,0.0,0.0,0.0,0.0,0.0,0.0,0.0,0.0,0.0,0.0,0.0,0.0,0.0,0.0,0.0,0.0,0.0,0.0,237.14,0.54,239.94,0.53,237.16,0.53,-0.785,49.84
2026-10-07T18:25:01.538481+00:00,0.0,-30.0,29.4,0.4,20.0,99.0,0.0,18.9,5.9,0.0,160.94,2432.46,67986.8,74827.73,0.0,0.0,0.0,0.0,0.0,0.0,69.86,35.54,29.93,48.56,0.0,0.0,0.0,0.0,0.0,0.0,0.0,0.0,0.0,0.0,0.0,0.0,0.0,0.0,0.0,0.0,0.0,0.0,0.0,0.0,0.0,0.0,0.0,0.0,237.66,0.53,240.54,0.54,237.18,0.55,-0.93,49.81
2026-10-07T18:30:01.418127+00:00,0.0,-24.63,24.23,0.2,20.0,99.0,0.0,18.8,5.7,0.0,160.94,2432.46,67986.8,74827.73,0.0,0.0,0.0,0.0,0.0,0.0,69.86,35.54,29.93,48.56,0.0,0.0,0.0,0.0,0.0,0.0,0.0,0.0,0.0,0.0,0.0,0.0,0.0,0.0,0.0,0.0,0.0,0.0,0.0,0.0,0.0,0.0,0.0,0.0,237.99,0.56,240.92,0.56,237.69,0.56,-0.756,49.85
2026-10-07T18:35:01.521803+00:00,0.0,-23.59,23.19,0.4,20.0,99.0,0.0,18.8,5.7,0.0,160.94,2432.46,67986.8,74827.73,0.0,0.0,0.0,0.0,0.0,0.0,69.86,35.54,29.93,48.56,0.0,0.0,0.0,0.0,0.0,0.0,0.0,0.0,0.0,0.0,0.0,0.0,0.0,0.0,0.0,0.0,0.0,0.0,0.0,0.0,0.0,0.0,0.0,0.0,239.35,0.55,242.07,0.54,238.96,0.55,-0.799,50.0
2026-10-07T18:40:01.299910+00:00,0.0,-23.39,22.79,0.4,20.0,99.0,0.0,18.8,5.7,0.0,160.94,2432.46,67986.8,74827.73,0.0,0.0,0.0,0.0,0.0,0.0,69.87,35.54,29.93,48.56,0.0,0.0,0.0,0.0,0.0,0.0,0.0,0.0,0.0,0.0,0.0,0.0,0.0,0.0,0.0,0.0,0.0,0.0,0.0,0.0,0.0,0.0,0.0,0.0,239.03,0.57,241.86,0.56,238.7,0.58,-0.805,49.81
2026-10-07T18:45:01.841864+00:00,0.0,-23.91,23.31,0.4,20.0,100.0,0.0,18.8,6.1,0.0,160.94,2432.46,67986.8,74827.73,0.0,0.0,0.0,0.0,0.0,0.0,69.87,35.54,29.93,48.56,0.0,0.0,0.0,0.0,0.0,0.0,0.0,0.0,0.0,0.0,0.0,0.0,0.0,0.0,0.0,0.0,0.0,0.0,0.0,0.0,0.0,0.0,0.0,0.0,238.03,0.62,240.58,0.63,237.51,0.63,-0.721,49.84
2026-10-07T18:50:02.141899+00:00,0.0,-24.03,23.63,0.4,20.0,100.0,0.0,18.8,6.1,0.0,160.94,2432.46,67986.8,74827.73,0.0,0.0,0.0,0.0,0.0,0.0,69.87,35.54,29.93,48.56,0.0,0.0,0.0,0.0,0.0,0.0,0.0,0.0,0.0,0.0,0.0,0.0,0.0,0.0,0.0,0.0,0.0,0.0,0.0,0.0,0.0,0.0,0.0,0.0,238.84,0.62,241.16,0.63,238.11,0.64,-0.567,49.89
2026-10-07T18:55:01.794739+00:00,0.0,-25.85,25.25,0.6,20.0,97.0,0.0,18.8,6.1,0.0,160.94,2432.46,67986.8,74827.73,0.0,0.0,0.0,0.0,0.0,0.0,69.87,35.54,29.93,48.56,0.0,0.0,0.0,0.0,0.0,0.0,0.0,0.0,0.0,0.0,0.0,0.0,0.0,0.0,0.0,0.0,0.0,0.0,0.0,0.0,0.0,0.0,0.0,0.0,239.71,0.69,242.29,0.67,239.07,0.69,-0.652,50.07
2026-10-07T19:00:01.812391+00:00,0.0,-26.59,25.99,0.6,20.0,95.0,0.0,18.7,5.0,0.0,160.94,2432.46,67986.8,74827.73,0.0,0.0,0.0,0.0,0.0,0.0,69.87,35.54,29.93,48.56,0.0,0.0,0.0,0.0,0.0,0.0,0.0,0.0,0.0,0.0,0.0,0.0,0.0,0.0,0.0,0.0,0.0,0.0,0.0,0.0,0.0,0.0,0.0,0.0,237.91,0.55,240.33,0.56,237.4,0.56,-0.995,50.11
2026-10-07T19:05:01.727533+00:00,0.0,-22.34,22.14,0.2,20.0,95.0,0.0,19.0,8.2,0.0,160.94,2432.46,67986.8,74827.73,0.0,0.0,0.0,0.0,0.0,0.0,69.87,35.54,29.93,48.56,0.0,0.0,0.0,0.0,0.0,0.0,0.0,0.0,0.0,0.0,0.0,0.0,0.0,0.0,0.0,0.0,0.0,0.0,0.0,0.0,0.0,0.0,0.0,0.0,237.43,0.53,240.0,0.55,236.57,0.54,-0.66,49.97
2026-10-07T19:10:02.133513+00:00,0.0,-21.97,21.97,0.0,20.0,95.0,0.0,19.0,8.2,0.0,160.94,2432.46,67986.8,74827.73,0.0,0.0,0.0,0.0,0.0,0.0,69.87,35.54,29.93,48.56,0.0,0.0,0.0,0.0,0.0,0.0,0.0,0.0,0.0,0.0,0.0,0.0,0.0,0.0,0.0,0.0,0.0,0.0,0.0,0.0,0.0,0.0,0.0,0.0,237.04,0.57,239.28,0.57,236.82,0.57,-0.725,49.85
2026-10-07T19:15:01.575844+00:00,0.0,-29.6,29.4,0.2,20.0,92.0,0.0,18.9,8.0,0.0,160.94,2432.46,67986.8,74827.73,0.0,0.0,0.0,0.0,0.0,0.0,69.87,35.54,29.93,48.56,0.0,0.0,0.0,0.0,0.0,0.0,0.0,0.0,0.0,0.0,0.0,0.0,0.0,0.0,0.0,0.0,0.0,0.0,0.0,0.0,0.0,0.0,0.0,0.0,237.58,0.51,239.94,0.52,236.94,0.52,-0.903,49.85
2026-10-07T19:20:01.625079+00:00,0.0,-23.33,22.93,0.4,20.0,92.0,0.0,18.9,8.0,0.0,160.94,2432.46,67986.8,74827.73,0.0,0.0,0.0,0.0,0.0,0.0,69.87,35.54,29.93,48.56,0.0,0.0,0.0,0.0,0.0,0.0,0.0,0.0,0.0,0.0,0.0,0.0,0.0,0.0,0.0,0.0,0.0,0.0,0.0,0.0,0.0,0.0,0.0,0.0,237.49,0.53,239.48,0.54,237.14,0.54,-0.721,49.97
2026-10-07T19:25:01.170645+00:00,0.0,-21.77,21.17,0.4,20.0,92.0,0.0,18.9,8.0,0.0,160.94,2432.46,67986.8,74827.73,0.0,0.0,0.0,0.0,0.0,0.0,69.87,35.54,29.93,48.56,0.0,0.0,0.0,0.0,0.0,0.0,0.0,0.0,0.0,0.0,0.0,0.0,0.0,0.0,0.0,0.0,0.0,0.0,0.0,0.0,0.0,0.0,0.0,0.0,238.11,0.54,239.83,0.55,237.14,0.56,-0.808,49.94
2026-10-07T19:30:01.868851+00:00,0.0,-26.66,26.06,0.6,20.0,89.0,0.0,18.9,7.6,0.0,160.94,2432.46,67986.8,74827.73,0.0,0.0,0.0,0.0,0.0,0.0,69.87,35.54,29.93,48.56,0.0,0.0,0.0,0.0,0.0,0.0,0.0,0.0,0.0,0.0,0.0,0.0,0.0,0.0,0.0,0.0,0.0,0.0,0.0,0.0,0.0,0.0,0.0,0.0,237.56,0.53,239.93,0.54,236.84,0.54,-0.655,49.84
2026-10-07T19:35:01.248354+00:00,0.0,-21.99,21.39,0.6,20.0,89.0,0.0,18.9,7.6,0.0,160.94,2432.46,67986.8,74827.73,0.0,0.0,0.0,0.0,0.0,0.0,69.87,35.54,29.93,48.56,0.0,0.0,0.0,0.0,0.0,0.0,0.0,0.0,0.0,0.0,0.0,0.0,0.0,0.0,0.0,0.0,0.0,0.0,0.0,0.0,0.0,0.0,0.0,0.0,238.43,0.56,240.3,0.58,237.52,0.58,-0.662,49.96
2026-10-07T19:40:01.700341+00:00,0.0,-20.98,20.38,0.6,20.0,89.0,0.0,18.9,7.6,0.0,160.94,2432.46,67986.8,74827.73,0.0,0.0,0.0,0.0,0.0,0.0,69.87,35.54,29.93,48.56,0.0,0.0,0.0,0.0,0.0,0.0,0.0,0.0,0.0,0.0,0.0,0.0,0.0,0.0,0.0,0.0,0.0,0.0,0.0,0.0,0.0,0.0,0.0,0.0,238.28,0.58,240.44,0.59,237.58,0.59,-0.66,49.91
2026-10-07T19:45:01.643371+00:00,0.0,-26.35,25.95,0.2,20.0,86.0,0.0,18.9,7.3,0.0,160.94,2432.46,67986.8,74827.73,0.0,0.0,0.0,0.0,0.0,0.0,69.88,35.54,29.93,48.56,0.0,0.0,0.0,0.0,0.0,0.0,0.0,0.0,0.0,0.0,0.0,0.0,0.0,0.0,0.0,0.0,0.0,0.0,0.0,0.0,0.0,0.0,0.0,0.0,239.32,0.54,241.58,0.54,238.62,0.56,-0.685,50.07
2026-10-07T19:50:01.276380+00:00,0.0,-26.83,26.23,0.6,20.0,86.0,0.0,18.9,7.3,0.0,160.94,2432.46,67986.8,74827.73,0.0,0.0,0.0,0.0,0.0,0.0,69.88,35.54,29.93,48.56,0.0,0.0,0.0,0.0,0.0,0.0,0.0,0.0,0.0,0.0,0.0,0.0,0.0,0.0,0.0,0.0,0.0,0.0,0.0,0.0,0.0,0.0,0.0,0.0,239.88,0.65,242.01,0.63,239.28,0.65,-0.931,50.1
2026-10-07T19:55:01.751233+00:00,0.0,-20.8,20.4,0.4,20.0,86.0,0.0,18.9,7.3,0.0,160.94,2432.46,67986.8,74827.73,0.0,0.0,0.0,0.0,0.0,0.0,69.88,35.54,29.93,48.56,0.0,0.0,0.0,0.0,0.0,0.0,0.0,0.0,0.0,0.0,0.0,0.0,0.0,0.0,0.0,0.0,0.0,0.0,0.0,0.0,0.0,0.0,0.0,0.0,239.54,0.61,241.0,0.62,238.69,0.64,-0.691,49.93
2026-10-07T20:00:01.985509+00:00,0.0,-20.84,20.24,0.4,20.0,83.0,0.0,18.8,7.0,0.0,160.94,2432.46,67986.8,74827.73,0.0,0.0,0.0,0.0,0.0,0.0,69.88,35.54,29.93,48.56,0.0,0.0,0.0,0.0,0.0,0.0,0.0,0.0,0.0,0.0,0.0,0.0,0.0,0.0,0.0,0.0,0.0,0.0,0.0,0.0,0.0,0.0,0.0,0.0,237.62,0.63,240.02,0.63,237.36,0.64,-0.919,50.01
2026-10-07T20:05:01.211636+00:00,0.0,-21.21,20.61,0.4,20.0,83.0,0.0,18.8,7.0,0.0,160.94,2432.46,67986.8,74827.73,0.0,0.0,0.0,0.0,0.0,0.0,69.88,35.54,29.93,48.56,0.0,0.0,0.0,0.0,0.0,0.0,0.0,0.0,0.0,0.0,0.0,0.0,0.0,0.0,0.0,0.0,0.0,0.0,0.0,0.0,0.0,0.0,0.0,0.0,238.22,0.53,239.86,0.55,237.37,0.55,-0.82,49.95
2026-10-07T20:10:01.693949+00:00,0.0,-21.29,20.69,0.6,20.0,83.0,0.0,18.8,7.0,0.0,160.94,2432.46,67986.8,74827.73,0.0,0.0,0.0,0.0,0.0,0.0,69.88,35.54,29.93,48.56,0.0,0.0,0.0,0.0,0.0,0.0,0.0,0.0,0.0,0.0,0.0,0.0,0.0,0.0,0.0,0.0,0.0,0.0,0.0,0.0,0.0,0.0,0.0,0.0,236.36,0.53,238.11,0.55,235.4,0.54,-0.809,50.04
2026-10-07T20:15:01.789269+00:00,0.0,-21.68,21.28,0.0,20.0,80.0,0.0,18.8,6.7,0.0,160.94,2432.46,67986.8,74827.73,0.0,0.0,0.0,0.0,0.0,0.0,69.88,35.54,29.93,48.56,0.0,0.0,0.0,0.0,0.0,0.0,0.0,0.0,0.0,0.0,0.0,0.0,0.0,0.0,0.0,0.0,0.0,0.0,0.0,0.0,0.0,0.0,0.0,0.0,235.48,0.54,237.29,0.55,234.74,0.55,-0.556,50.11
2026-10-07T20:20:01.723912+00:00,0.0,-19.55,19.15,0.4,20.0,80.0,0.0,18.8,6.7,0.0,160.94,2432.46,67986.8,74827.73,0.0,0.0,0.0,0.0,0.0,0.0,69.88,35.54,29.93,48.56,0.0,0.0,0.0,0.0,0.0,0.0,0.0,0.0,0.0,0.0,0.0,0.0,0.0,0.0,0.0,0.0,0.0,0.0,0.0,0.0,0.0,0.0,0.0,0.0,234.78,0.52,236.57,0.54,233.88,0.52,-0.969,49.84
2026-10-07T20:25:01.533454+00:00,0.0,-21.06,20.66,0.4,20.0,80.0,0.0,18.8,6.7,0.0,160.94,2432.46,67986.8,74827.73,0.0,0.0,0.0,0.0,0.0,0.0,69.88,35.54,29.93,48.56,0.0,0.0,0.0,0.0,0.0,0.0,0.0,0.0,0.0,0.0,0.0,0.0,0.0,0.0,0.0,0.0,0.0,0.0,0.0,0.0,0.0,0.0,0.0,0.0,234.97,0.52,236.62,0.54,234.54,0.53,-0.807,49.92
2026-10-07T20:30:01.401548+00:00,0.0,-16.9,16.5,0.4,20.0,78.0,0.0,18.7,6.5,0.0,160.94,2432.46,67986.8,74827.73,0.0,0.0,0.0,0.0,0.0,0.0,69.88,35.54,29.93,48.56,0.0,0.0,0.0,0.0,0.0,0.0,0.0,0.0,0.0,0.0,0.0,0.0,0.0,0.0,0.0,0.0,0.0,0.0,0.0,0.0,0.0,0.0,0.0,0.0,236.0,0.54,237.54,0.55,235.38,0.56,-0.917,50.08
2026-10-07T20:35:01.355331+00:00,0.0,-17.74,17.34,0.4,20.0,78.0,0.0,18.7,6.5,0.0,160.94,2432.46,67986.8,74827.73,0.0,0.0,0.0,0.0,0.0,0.0,69.88,35.54,29.93,48.56,0.0,0.0,0.0,0.0,0.0,0.0,0.0,0.0,0.0,0.0,0.0,0.0,0.0,0.0,0.0,0.0,0.0,0.0,0.0,0.0,0.0,0.0,0.0,0.0,235.34,0.56,237.67,0.58,234.9,0.57,-0.984,49.94
2026-10-07T20:40:01.987648+00:00,0.0,-17.94,17.54,0.4,20.0,78.0,0.0,18.7,6.5,0.0,160.94,2432.46,67986.8,74827.73,0.0,0.0,0.0,0.0,0.0,0.0,69.88,35.54,29.93,48.56,0.0,0.0,0.0,0.0,0.0,0.0,0.0,0.0,0.0,0.0,0.0,0.0,0.0,0.0,0.0,0.0,0.0,0.0,0.0,0.0,0.0,0.0,0.0,0.0,235.35,0.59,237.45,0.59,234.69,0.61,-0.946,49.92
2026-10-07T20:45:01.147385+00:00,0.0,-19.09,18.69,0.4,19.9,76.0,0.0,18.7,6.1,0.0,160.94,2432.46,67986.8,74827.73,0.0,0.0,0.0,0.0,0.0,0.0,69.88,35.54,29.93,48.56,0.0,0.0,0.0,0.0,0.0,0.0,0.0,0.0,0.0,0.0,0.0,0.0,0.0,0.0,0.0,0.0,0.0,0.0,0.0,0.0,0.0,0.0,0.0,0.0,235.38,0.52,237.6,0.53,234.95,0.54,-0.988,49.9
2026-10-07T20:50:01.328876+00:00,0.0,-19.44,18.84,0.6,19.9,76.0,0.0,18.7,6.1,0.0,160.94,2432.46,67986.8,74827.73,0.0,0.0,0.0,0.0,0.0,0.0,69.88,35.54,29.93,48.56,0.0,0.0,0.0,0.0,0.0,0.0,0.0,0.0,0.0,0.0,0.0,0.0,0.0,0.0,0.0,0.0,0.0,0.0,0.0,0.0,0.0,0.0,0.0,0.0,235.55,0.6,237.43,0.6,235.13,0.61,-0.785,49.98
2026-10-07T20:55:02.032709+00:00,0.0,-19.18,18.78,0.4,19.9,76.0,0.0,18.7,6.1,0.0,160.94,2432.46,67986.8,74827.73,0.0,0.0,0.0,0.0,0.0,0.0,69.88,35.54,29.93,48.56,0.0,0.0,0.0,0.0,0.0,0.0,0.0,0.0,0.0,0.0,0.0,0.0,0.0,0.0,0.0,0.0,0.0,0.0,0.0,0.0,0.0,0.0,0.0,0.0,235.78,0.52,237.5,0.54,235.44,0.55,-0.945,49.83
2026-10-07T21:00:01.731918+00:00,0.0,-17.66,17.06,0.4,19.9,77.0,0.0,18.6,5.6,0.0,160.94,2432.46,67986.8,74827.73,0.0,0.0,0.0,0.0,0.0,0.0,69.88,35.54,29.93,48.56,0.0,0.0,0.0,0.0,0.0,0.0,0.0,0.0,0.0,0.0,0.0,0.0,0.0,0.0,0.0,0.0,0.0,0.0,0.0,0.0,0.0,0.0,0.0,0.0,237.13,0.55,238.63,0.55,236.38,0.55,-0.875,49.89
2026-10-07T21:05:02.156109+00:00,0.0,-16.55,16.15,0.4,19.9,77.0,0.0,18.6,5.6,0.0,160.94,2432.46,67986.8,74827.73,0.0,0.0,0.0,0.0,0.0,0.0,69.88,35.54,29.93,48.56,0.0,0.0,0.0,0.0,0.0,0.0,0.0,0.0,0.0,0.0,0.0,0.0,0.0,0.0,0.0,0.0,0.0,0.0,0.0,0.0,0.0,0.0,0.0,0.0,238.51,0.55,240.33,0.55,238.11,0.55,-0.909,50.14
2026-10-07T21:10:02.064982+00:00,0.0,-21.76,21.16,0.4,19.9,77.0,0.0,18.6,5.6,0.0,160.94,2432.46,67986.8,74827.73,0.0,0.0,0.0,0.0,0.0,0.0,69.88,35.54,29.93,48.56,0.0,0.0,0.0,0.0,0.0,0.0,0.0,0.0,0.0,0.0,0.0,0.0,0.0,0.0,0.0,0.0,0.0,0.0,0.0,0.0,0.0,0.0,0.0,0.0,238.31,0.57,239.74,0.58,237.21,0.58,-0.726,49.95
2026-10-07T21:15:01.665379+00:00,0.0,-17.78,17.18,0.6,19.9,81.0,0.0,18.6,4.9,0.0,160.94,2432.46,67986.8,74827.73,0.0,0.0,0.0,0.0,0.0,0.0,69.88,35.54,29.93,48.56,0.0,0.0,0.0,0.0,0.0,0.0,0.0,0.0,0.0,0.0,0.0,0.0,0.0,0.0,0.0,0.0,0.0,0.0,0.0,0.0,0.0,0.0,0.0,0.0,238.04,0.65,239.97,0.64,237.17,0.65,-0.916,49.98
2026-10-07T21:20:01.864709+00:00,0.0,-19.5,18.9,0.2,19.9,0.0,0.0,0.0,0.0,0.0,160.94,2432.46,67986.8,74827.73,0.0,0.0,0.0,0.0,0.0,0.0,69.88,35.54,29.93,48.56,0.0,0.0,0.0,0.0,0.0,0.0,0.0,0.0,0.0,0.0,0.0,0.0,0.0,0.0,0.0,0.0,0.0,0.0,0.0,0.0,0.0,0.0,0.0,0.0,236.98,0.57,238.83,0.57,236.34,0.58,-0.878,49.83
2026-10-07T21:25:01.411302+00:00,0.0,-19.22,18.62,0.6,19.9,81.0,0.0,18.6,4.9,0.0,160.94,2432.46,67986.8,74827.73,0.0,0.0,0.0,0.0,0.0,0.0,69.88,35.54,29.93,48.56,0.0,0.0,0.0,0.0,0.0,0.0,0.0,0.0,0.0,0.0,0.0,0.0,0.0,0.0,0.0,0.0,0.0,0.0,0.0,0.0,0.0,0.0,0.0,0.0,237.26,0.55,239.04,0.55,236.6,0.56,-0.868,49.89
2026-10-07T21:30:01.267060+00:00,0.0,-17.45,17.05,0.4,19.9,88.0,0.0,18.5,4.2,0.0,160.94,2432.46,67986.8,74827.73,0.0,0.0,0.0,0.0,0.0,0.0,69.88,35.54,29.93,48.56,0.0,0.0,0.0,0.0,0.0,0.0,0.0,0.0,0.0,0.0,0.0,0.0,0.0,0.0,0.0,0.0,0.0,0.0,0.0,0.0,0.0,0.0,0.0,0.0,237.38,0.54,239.0,0.54,236.35,0.54,-0.843,49.85
2026-10-07T21:35:01.964125+00:00,0.0,-17.79,17.19,0.6,19.9,88.0,0.0,18.5,4.2,0.0,160.94,2432.46,67986.8,74827.73,0.0,0.0,0.0,0.0,0.0,0.0,69.88,35.54,29.93,48.56,0.0,0.0,0.0,0.0,0.0,0.0,0.0,0.0,0.0,0.0,0.0,0.0,0.0,0.0,0.0,0.0,0.0,0.0,0.0,0.0,0.0,0.0,0.0,0.0,237.6,0.53,239.31,0.54,236.57,0.55,-0.875,49.86
2026-10-07T21:40:02.034136+00:00,0.0,-19.75,19.15,0.6,19.9,88.0,0.0,18.5,4.2,0.0,160.94,2432.46,67986.8,74827.73,0.0,0.0,0.0,0.0,0.0,0.0,69.88,35.54,29.93,48.56,0.0,0.0,0.0,0.0,0.0,0.0,0.0,0.0,0.0,0.0,0.0,0.0,0.0,0.0,0.0,0.0,0.0,0.0,0.0,0.0,0.0,0.0,0.0,0.0,237.85,0.62,239.84,0.62,237.02,0.63,-0.87,49.96
2026-10-07T21:45:01.599472+00:00,0.0,-17.6,17.0,0.4,19.9,94.0,0.0,18.4,4.0,0.0,160.94,2432.46,67986.8,74827.73,0.0,0.0,0.0,0.0,0.0,0.0,69.88,35.54,29.93,48.56,0.0,0.0,0.0,0.0,0.0,0.0,0.0,0.0,0.0,0.0,0.0,0.0,0.0,0.0,0.0,0.0,0.0,0.0,0.0,0.0,0.0,0.0,0.0,0.0,237.7,0.62,239.49,0.62,236.68,0.64,-0.815,49.85
2026-10-07T21:50:01.463037+00:00,0.0,-17.05,16.65,0.2,19.9,94.0,0.0,18.4,4.0,0.0,160.94,2432.46,67986.8,74827.73,0.0,0.0,0.0,0.0,0.0,0.0,69.88,35.54,29.93,48.56,0.0,0.0,0.0,0.0,0.0,0.0,0.0,0.0,0.0,0.0,0.0,0.0,0.0,0.0,0.0,0.0,0.0,0.0,0.0,0.0,0.0,0.0,0.0,0.0,237.99,0.61,239.71,0.6,236.84,0.62,-0.876,49.86
2026-10-07T21:55:01.421235+00:00,0.0,-19.33,18.93,0.4,19.9,94.0,0.0,18.4,4.0,0.0,160.94,2432.46,67986.8,74827.73,0.0,0.0,0.0,0.0,0.0,0.0,69.88,35.54,29.93,48.56,0.0,0.0,0.0,0.0,0.0,0.0,0.0,0.0,0.0,0.0,0.0,0.0,0.0,0.0,0.0,0.0,0.0,0.0,0.0,0.0,0.0,0.0,0.0,0.0,238.05,0.62,239.77,0.61,237.15,0.63,-0.823,49.85
2026-10-07T22:00:01.974350+00:00,0.0,-15.52,14.92,0.6,19.9,99.0,0.0,18.4,4.1,0.0,160.94,2432.46,67986.8,74827.73,0.0,0.0,0.0,0.0,0.0,0.0,0.0,35.54,29.93,48.56,0.0,0.0,0.0,0.0,0.0,0.0,0.0,0.0,0.0,0.0,0.0,0.0,0.0,0.0,0.0,0.0,0.0,0.0,0.0,0.0,0.0,0.0,0.0,0.0,238.19,0.57,239.7,0.58,237.29,0.59,-0.71,49.89
2026-10-07T22:05:01.222508+00:00,0.0,-37.13,17.13,20.0,21.2,99.0,0.0,18.4,4.1,0.0,0.0,2432.46,67986.8,74827.73,0.0,0.0,0.0,0.0,0.0,0.0,0.0,35.54,29.93,48.56,0.0,0.0,0.0,0.0,0.0,0.0,0.0,0.0,0.0,0.0,0.0,0.0,0.0,0.0,0.0,0.0,0.0,0.0,0.0,0.0,0.0,0.0,0.0,0.0,239.13,0.59,240.69,0.59,238.22,0.61,-1.0,50.09
2026-10-07T22:10:01.525182+00:00,0.0,-36.96,16.96,20.0,22.5,99.0,0.0,18.4,4.1,0.0,0.0,2432.46,67986.8,74827.73,0.0,0.0,0.0,0.0,0.0,0.0,0.0,35.54,29.93,48.56,0.0,0.0,0.0,0.0,0.0,0.0,0.0,0.0,0.0,0.0,0.0,0.0,0.0,0.0,0.0,0.0,0.0,0.0,0.0,0.0,0.0,0.0,0.0,0.0,237.05,10.1,238.81,10.05,236.19,10.15,-1.0,49.85
2026-10-07T22:15:01.603319+00:00,0.0,-36.92,16.92,20.0,23.7,100.0,0.0,18.3,4.7,0.0,0.0,2432.46,67986.8,74827.73,0.0,0.0,0.0,0.0,0.0,0.0,0.0,35.54,29.93,48.56,0.0,0.0,0.0,0.0,0.0,0.0,0.0,0.0,0.0,0.0,0.0,0.0,0.0,0.0,0.0,0.0,0.0,0.0,0.0,0.0,0.0,0.0,0.0,0.0,236.16,10.12,237.75,10.09,235.06,10.19,-0.999,50.0
2026-10-07T22:20:02.008662+00:00,0.0,-38.57,18.57,20.0,25.0,100.0,0.0,18.3,4.7,0.0,0.0,2432.46,67986.8,74827.73,0.0,0.0,0.0,0.0,0.0,0.0,0.0,35.54,29.93,48.56,0.0,0.0,0.0,0.0,0.0,0.0,0.0,0.0,0.0,0.0,0.0,0.0,0.0,0.0,0.0,0.0,0.0,0.0,0.0,0.0,0.0,0.0,0.0,0.0,236.0,10.15,237.77,10.1,235.24,10.19,-1.0,50.08
2026-10-07T22:25:01.856583+00:00,0.0,-38.69,18.69,20.0,26.3,100.0,0.0,18.3,4.7,0.0,0.0,2432.46,67986.8,74827.73,0.0,0.0,0.0,0.0,0.0,0.0,0.0,35.54,29.93,48.56,0.0,0.0,0.0,0.0,0.0,0.0,0.0,0.0,0.0,0.0,0.0,0.0,0.0,0.0,0.0,0.0,0.0,0.0,0.0,0.0,0.0,0.0,0.0,0.0,236.28,10.13,237.79,10.09,235.45,10.18,-0.999,50.14
2026-10-07T22:30:01.409503+00:00,0.0,-37.07,17.07,20.0,27.6,100.0,0.0,18.3,5.4,0.0,0.0,2432.46,67986.8,74827.73,0.0,0.0,0.0,0.0,0.0,0.0,0.0,35.54,29.93,48.56,0.0,0.0,0.0,0.0,0.0,0.0,0.0,0.0,0.0,0.0,0.0,0.0,0.0,0.0,0.0,0.0,0.0,0.0,0.0,0.0,0.0,0.0,0.0,0.0,236.08,10.13,237.52,10.1,235.22,10.18,-1.0,50.08
2026-10-07T22:35:01.382864+00:00,0.0,-36.91,16.91,20.0,28.9,100.0,0.0,18.3,5.4,0.0,0.0,2432.46,67986.8,74827.73,0.0,0.0,0.0,0.0,0.0,0.0,0.0,35.54,29.93,48.56,0.0,0.0,0.0,0.0,0.0,0.0,0.0,0.0,0.0,0.0,0.0,0.0,0.0,0.0,0.0,0.0,0.0,0.0,0.0,0.0,0.0,0.0,0.0,0.0,236.65,10.11,237.96,10.08,235.61,10.17,-1.0,50.14
2026-10-07T22:40:01.158084+00:00,0.0,-40.84,20.84,20.0,30.1,100.0,0.0,18.3,5.4,0.0,0.0,2432.46,67986.8,74827.73,0.0,0.0,0.0,0.0,0.0,0.0,0.0,35.54,29.93,48.56,0.0,0.0,0.0,0.0,0.0,0.0,0.0,0.0,0.0,0.0,0.0,0.0,0.0,0.0,0.0,0.0,0.0,0.0,0.0,0.0,0.0,0.0,0.0,0.0,235.36,10.18,237.01,10.14,234.38,10.24,-1.0,49.9
2026-10-07T22:45:01.156278+00:00,0.0,-40.71,20.71,20.0,31.4,100.0,0.0,18.3,5.9,0.0,0.0,2432.46,67986.8,74827.73,0.0,0.0,0.0,0.0,0.0,0.0,0.0,35.54,29.93,48.56,0.0,0.0,0.0,0.0,0.0,0.0,0.0,0.0,0.0,0.0,0.0,0.0,0.0,0.0,0.0,0.0,0.0,0.0,0.0,0.0,0.0,0.0,0.0,0.0,235.93,10.15,237.51,10.11,234.91,10.21,-1.0,50.15
2026-10-07T22:50:01.333508+00:00,0.0,-38.42,18.42,20.0,32.7,100.0,0.0,18.3,5.9,0.0,0.0,2432.46,67986.8,74827.73,0.0,0.0,0.0,0.0,0.0,0.0,0.0,35.54,29.93,48.56,0.0,0.0,0.0,0.0,0.0,0.0,0.0,0.0,0.0,0.0,0.0,0.0,0.0,0.0,0.0,0.0,0.0,0.0,0.0,0.0,0.0,0.0,0.0,0.0,235.35,10.18,236.85,10.14,234.52,10.23,-1.0,49.93
2026-10-07T22:55:01.883209+00:00,0.0,-38.29,18.39,19.9,34.0,100.0,0.0,18.3,5.9,0.0,0.0,2432.46,67986.8,74827.73,0.0,0.0,0.0,0.0,0.0,0.0,0.0,35.54,29.93,48.56,0.0,0.0,0.0,0.0,0.0,0.0,0.0,0.0,0.0,0.0,0.0,0.0,0.0,0.0,0.0,0.0,0.0,0.0,0.0,0.0,0.0,0.0,0.0,0.0,236.1,10.14,237.54,10.11,234.74,10.21,-1.0,50.11
2026-10-07T23:00:02.151735+00:00,0.0,-38.38,18.48,19.9,35.2,100.0,0.0,18.2,6.2,0.0,0.0,2432.46,67986.8,74827.73,0.0,0.0,0.0,0.0,0.0,0.0,0.0,35.54,29.93,48.56,0.0,0.0,0.0,0.0,0.0,0.0,0.0,0.0,0.0,0.0,0.0,0.0,0.0,0.0,0.0,0.0,0.0,0.0,0.0,0.0,0.0,0.0,0.0,0.0,236.01,10.14,237.63,10.1,235.01,10.2,-1.0,50.1
2026-10-07T23:05:02.135901+00:00,0.0,-36.85,16.85,20.0,36.5,100.0,0.0,18.2,6.2,0.0,0.0,2432.46,67986.8,74827.73,0.0,0.0,0.0,0.0,0.0,0.0,0.0,35.54,29.93,48.56,0.0,0.0,0.0,0.0,0.0,0.0,0.0,0.0,0.0,0.0,0.0,0.0,0.0,0.0,0.0,0.0,0.0,0.0,0.0,0.0,0.0,0.0,0.0,0.0,236.23,10.13,237.82,10.1,235.08,10.2,-0.999,50.08
2026-10-07T23:10:01.942969+00:00,0.0,-36.74,16.74,20.0,37.8,100.0,0.0,18.2,6.2,0.0,0.0,2432.46,67986.8,74827.73,0.0,0.0,0.0,0.0,0.0,0.0,0.0,35.54,29.93,48.56,0.0,0.0,0.0,0.0,0.0,0.0,0.0,0.0,0.0,0.0,0.0,0.0,0.0,0.0,0.0,0.0,0.0,0.0,0.0,0.0,0.0,0.0,0.0,0.0,236.17,10.15,237.95,10.11,234.81,10.23,-1.0,50.05
2026-10-07T23:15:01.654886+00:00,0.0,-36.9,16.9,20.0,39.1,91.0,0.0,18.2,6.1,0.0,0.0,2432.46,67986.8,74827.73,0.0,0.0,0.0,0.0,0.0,0.0,0.0,35.54,29.93,48.56,0.0,0.0,0.0,0.0,0.0,0.0,0.0,0.0,0.0,0.0,0.0,0.0,0.0,0.0,0.0,0.0,0.0,0.0,0.0,0.0,0.0,0.0,0.0,0.0,234.74,10.2,236.58,10.15,233.64,10.26,-1.0,49.84
2026-10-07T23:20:02.009001+00:00,0.0,-36.81,16.91,19.9,40.3,91.0,0.0,18.2,6.1,0.0,0.0,2432.46,67986.8,74827.73,0.0,0.0,0.0,0.0,0.0,0.0,0.0,35.54,29.93,48.56,0.0,0.0,0.0,0.0,0.0,0.0,0.0,0.0,0.0,0.0,0.0,0.0,0.0,0.0,0.0,0.0,0.0,0.0,0.0,0.0,0.0,0.0,0.0,0.0,234.31,10.22,236.68,10.15,233.7,10.27,-1.0,49.84
2026-10-07T23:25:02.062352+00:00,0.0,-38.43,18.53,19.9,41.6,91.0,0.0,18.2,6.1,0.0,0.0,2432.46,67986.8,74827.73,0.0,0.0,0.0,0.0,0.0,0.0,0.0,35.54,29.93,48.56,0.0,0.0,0.0,0.0,0.0,0.0,0.0,0.0,0.0,0.0,0.0,0.0,0.0,0.0,0.0,0.0,0.0,0.0,0.0,0.0,0.0,0.0,0.0,0.0,234.03,10.23,236.4,10.15,233.68,10.26,-1.0,49.84
2026-10-07T23:30:02.066568+00:00,0.0,-38.74,18.74,20.0,42.9,79.0,0.0,18.2,5.7,0.0,0.0,2432.46,67986.8,74827.73,0.0,0.0,0.0,0.0,0.0,0.0,0.0,35.54,29.93,48.56,0.0,0.0,0.0,0.0,0.0,0.0,0.0,0.0,0.0,0.0,0.0,0.0,0.0,0.0,0.0,0.0,0.0,0.0,0.0,0.0,0.0,0.0,0.0,0.0,234.52,10.23,236.37,10.18,233.94,10.27,-1.0,49.94
2026-10-07T23:35:02.038730+00:00,0.0,-36.71,16.71,20.0,44.1,79.0,0.0,18.2,5.7,0.0,0.0,2432.46,67986.8,74827.73,0.0,0.0,0.0,0.0,0.0,0.0,0.0,35.54,29.93,48.56,0.0,0.0,0.0,0.0,0.0,0.0,0.0,0.0,0.0,0.0,0.0,0.0,0.0,0.0,0.0,0.0,0.0,0.0,0.0,0.0,0.0,0.0,0.0,0.0,235.66,10.17,237.24,10.13,234.8,10.22,-1.0,50.15
2026-10-07T23:40:01.719034+00:00,0.0,-36.63,16.73,19.9,45.4,79.0,0.0,18.2,5.7,0.0,0.0,2432.46,67986.8,74827.73,0.0,0.0,0.0,0.0,0.0,0.0,0.0,35.54,29.93,48.56,0.0,0.0,0.0,0.0,0.0,0.0,0.0,0.0,0.0,0.0,0.0,0.0,0.0,0.0,0.0,0.0,0.0,0.0,0.0,0.0,0.0,0.0,0.0,0.0,235.66,10.16,237.16,10.13,234.44,10.23,-1.0,50.1
2026-10-07T23:45:01.786516+00:00,0.0,-36.7,16.7,20.0,46.7,65.0,0.0,18.2,5.1,0.0,0.0,2432.46,67986.8,74827.73,0.0,0.0,0.0,0.0,0.0,0.0,0.0,35.54,29.93,48.56,0.0,0.0,0.0,0.0,0.0,0.0,0.0,0.0,0.0,0.0,0.0,0.0,0.0,0.0,0.0,0.0,0.0,0.0,0.0,0.0,0.0,0.0,0.0,0.0,235.55,10.17,236.89,10.14,234.13,10.24,-1.0,50.03
2026-10-07T23:50:01.710556+00:00,0.0,-36.58,16.68,19.9,48.0,65.0,0.0,18.2,5.1,0.0,0.0,2432.46,67986.8,74827.73,0.0,0.0,0.0,0.0,0.0,0.0,0.0,35.54,29.93,48.56,0.0,0.0,0.0,0.0,0.0,0.0,0.0,0.0,0.0,0.0,0.0,0.0,0.0,0.0,0.0,0.0,0.0,0.0,0.0,0.0,0.0,0.0,0.0,0.0,234.92,10.19,236.64,10.16,234.1,10.24,-1.0,49.99
2026-10-07T23:55:01.485429+00:00,0.0,-38.22,18.22,20.0,49.2,65.0,0.0,18.2,5.1,0.0,0.0,2432.46,67986.8,74827.73,0.0,0.0,0.0,0.0,0.0,0.0,0.0,35.54,29.93,48.56,0.0,0.0,0.0,0.0,0.0,0.0,0.0,0.0,0.0,0.0,0.0,0.0,0.0,0.0,0.0,0.0,0.0,0.0,0.0,0.0,0.0,0.0,0.0,0.0,234.88,10.21,236.85,10.15,234.21,10.25,-1.0,49.94
2026-10-08T00:00:01.464465+00:00,0.0,-38.36,18.36,20.0,50.5,53.0,0.0,18.1,4.6,0.0,0.0,2432.46,67986.8,74827.73,0.0,0.0,0.0,0.0,0.0,0.0,0.0,35.54,29.93,48.56,0.0,0.0,0.0,0.0,0.0,0.0,0.0,0.0,0.0,0.0,0.0,0.0,0.0,0.0,0.0,0.0,0.0,0.0,0.0,0.0,0.0,0.0,0.0,0.0,235.35,10.18,237.05,10.14,234.69,10.22,-1.0,50.1
2026-10-08T00:05:02.149088+00:00,0.0,-36.42,16.52,19.9,51.7,53.0,0.0,18.1,4.6,0.0,0.0,2432.46,67986.8,74827.73,0.0,0.0,0.0,0.0,0.0,0.0,0.0,35.54,29.93,48.56,0.0,0.0,0.0,0.0,0.0,0.0,0.0,0.0,0.0,0.0,0.0,0.0,0.0,0.0,0.0,0.0,0.0,0.0,0.0,0.0,0.0,0.0,0.0,0.0,235.94,10.16,237.35,10.13,234.73,10.23,-1.0,50.08
2026-10-08T00:10:01.547794+00:00,0.0,-35.65,15.65,20.0,53.0,53.0,0.0,18.1,4.6,0.0,0.0,2432.46,67986.8,74827.73,0.0,0.0,0.0,0.0,0.0,0.0,0.0,35.54,29.93,48.56,0.0,0.0,0.0,0.0,0.0,0.0,0.0,0.0,0.0,0.0,0.0,0.0,0.0,0.0,0.0,0.0,0.0,0.0,0.0,0.0,0.0,0.0,0.0,0.0,233.93,10.24,235.99,10.19,233.43,10.28,-1.0,49.83
2026-10-08T00:15:02.078445+00:00,0.0,-36.68,16.68,20.0,54.3,12.0,0.0,17.9,4.1,0.0,0.0,2432.46,67986.8,74827.73,0.0,0.0,0.0,0.0,0.0,0.0,0.0,35.54,29.93,48.56,0.0,0.0,0.0,0.0,0.0,0.0,0.0,0.0,0.0,0.0,0.0,0.0,0.0,0.0,0.0,0.0,0.0,0.0,0.0,0.0,0.0,0.0,0.0,0.0,234.22,10.23,236.05,10.18,233.72,10.27,-1.0,49.85
2026-10-08T00:20:01.315770+00:00,0.0,-36.7,16.7,20.0,55.5,12.0,0.0,17.5,4.1,0.0,0.0,2432.46,67986.8,74827.73,0.0,0.0,0.0,0.0,0.0,0.0,0.0,35.54,29.93,48.56,0.0,0.0,0.0,0.0,0.0,0.0,0.0,0.0,0.0,0.0,0.0,0.0,0.0,0.0,0.0,0.0,0.0,0.0,0.0,0.0,0.0,0.0,0.0,0.0,234.88,10.2,236.59,10.16,234.32,10.24,-0.999,50.06
2026-10-08T00:25:01.470789+00:00,0.0,-38.35,18.45,19.9,56.8,12.0,0.0,17.5,4.6,0.0,0.0,2432.46,67986.8,74827.73,0.0,0.0,0.0,0.0,0.0,0.0,0.0,35.54,29.93,48.56,0.0,0.0,0.0,0.0,0.0,0.0,0.0,0.0,0.0,0.0,0.0,0.0,0.0,0.0,0.0,0.0,0.0,0.0,0.0,0.0,0.0,0.0,0.0,0.0,234.69,10.22,236.56,10.17,234.44,10.24,-1.0,50.05
2026-10-08T00:30:01.520853+00:00,0.0,-38.3,18.3,20.0,58.0,12.0,0.0,17.2,4.1,0.0,0.0,2432.46,67986.8,74827.73,0.0,0.0,0.0,0.0,0.0,0.0,0.0,35.54,29.93,48.56,0.0,0.0,0.0,0.0,0.0,0.0,0.0,0.0,0.0,0.0,0.0,0.0,0.0,0.0,0.0,0.0,0.0,0.0,0.0,0.0,0.0,0.0,0.0,0.0,234.93,10.2,236.7,10.16,234.24,10.25,-1.0,50.1
2026-10-08T00:35:01.350739+00:00,0.0,-36.79,16.79,20.0,59.3,12.0,0.0,17.2,4.1,0.0,0.0,2432.46,67986.8,74827.73,0.0,0.0,0.0,0.0,0.0,0.0,0.0,35.54,29.93,48.56,0.0,0.0,0.0,0.0,0.0,0.0,0.0,0.0,0.0,0.0,0.0,0.0,0.0,0.0,0.0,0.0,0.0,0.0,0.0,0.0,0.0,0.0,0.0,0.0,235.42,10.2,237.1,10.15,234.49,10.25,-1.0,50.15
2026-10-08T00:40:01.357633+00:00,0.0,-36.94,16.94,20.0,60.5,12.0,0.0,17.2,4.1,0.0,0.0,2432.46,67986.8,74827.73,0.0,0.0,0.0,0.0,0.0,0.0,0.0,35.54,29.93,48.56,0.0,0.0,0.0,0.0,0.0,0.0,0.0,0.0,0.0,0.0,0.0,0.0,0.0,0.0,0.0,0.0,0.0,0.0,0.0,0.0,0.0,0.0,0.0,0.0,234.81,10.22,236.91,10.15,233.93,10.27,-0.999,49.98
2026-10-08T00:45:01.538554+00:00,0.0,-36.91,16.91,20.0,61.8,15.0,0.0,17.0,3.6,0.0,0.0,2432.46,67986.8,74827.73,0.0,0.0,0.0,0.0,0.0,0.0,0.0,35.54,29.93,48.56,0.0,0.0,0.0,0.0,0.0,0.0,0.0,0.0,0.0,0.0,0.0,0.0,0.0,0.0,0.0,0.0,0.0,0.0,0.0,0.0,0.0,0.0,0.0,0.0,234.54,10.23,236.87,10.16,234.03,10.27,-1.0,50.01
2026-10-08T00:50:01.454646+00:00,0.0,-36.89,16.89,20.0,63.0,15.0,0.0,17.0,3.6,0.0,0.0,2432.46,67986.8,74827.73,0.0,0.0,0.0,0.0,0.0,0.0,0.0,35.54,29.93,48.56,0.0,0.0,0.0,0.0,0.0,0.0,0.0,0.0,0.0,0.0,0.0,0.0,0.0,0.0,0.0,0.0,0.0,0.0,0.0,0.0,0.0,0.0,0.0,0.0,234.78,10.22,236.9,10.16,234.21,10.26,-1.0,50.09
2026-10-08T00:55:01.382777+00:00,0.0,-38.09,18.09,20.0,64.3,15.0,0.0,17.0,3.6,0.0,0.0,2432.46,67986.8,74827.73,0.0,0.0,0.0,0.0,0.0,0.0,0.0,35.54,29.93,48.56,0.0,0.0,0.0,0.0,0.0,0.0,0.0,0.0,0.0,0.0,0.0,0.0,0.0,0.0,0.0,0.0,0.0,0.0,0.0,0.0,0.0,0.0,0.0,0.0,234.77,10.21,236.93,10.15,234.11,10.26,-1.0,50.09
2026-10-08T01:00:01.779083+00:00,0.0,-38.1,18.1,20.0,65.5,16.0,0.0,16.8,3.2,0.0,0.0,2432.46,67986.8,74827.73,0.0,0.0,0.0,0.0,0.0,0.0,0.0,35.54,29.93,48.56,0.0,0.0,0.0,0.0,0.0,0.0,0.0,0.0,0.0,0.0,0.0,0.0,0.0,0.0,0.0,0.0,0.0,0.0,0.0,0.0,0.0,0.0,0.0,0.0,235.14,10.2,236.6,10.17,234.23,10.25,-0.999,50.08
2026-10-08T01:05:01.806390+00:00,0.0,-38.38,18.28,20.1,66.8,16.0,0.0,16.8,3.2,0.0,0.0,2432.46,67986.8,74827.73,0.0,0.0,0.0,0.0,0.0,0.0,0.0,35.54,29.93,48.56,0.0,0.0,0.0,0.0,0.0,0.0,0.0,0.0,0.0,0.0,0.0,0.0,0.0,0.0,0.0,0.0,0.0,0.0,0.0,0.0,0.0,0.0,0.0,0.0,234.52,10.23,236.73,10.16,234.22,10.25,-1.0,50.07
2026-10-08T01:10:01.539866+00:00,0.0,-38.05,18.05,20.0,68.1,16.0,0.0,16.8,3.2,0.0,0.0,2432.46,67986.8,74827.73,0.0,0.0,0.0,0.0,0.0,0.0,0.0,35.54,29.93,48.56,0.0,0.0,0.0,0.0,0.0,0.0,0.0,0.0,0.0,0.0,0.0,0.0,0.0,0.0,0.0,0.0,0.0,0.0,0.0,0.0,0.0,0.0,0.0,0.0,233.8,10.28,235.91,10.22,233.45,10.31,-0.999,49.97
2026-10-08T01:15:01.258672+00:00,0.0,-36.72,16.62,20.1,69.3,15.0,0.0,16.6,3.1,0.0,0.0,2432.46,67986.8,74827.73,0.0,0.0,0.0,0.0,0.0,0.0,0.0,35.54,29.93,48.56,0.0,0.0,0.0,0.0,0.0,0.0,0.0,0.0,0.0,0.0,0.0,0.0,0.0,0.0,0.0,0.0,0.0,0.0,0.0,0.0,0.0,0.0,0.0,0.0,234.14,10.25,236.53,10.17,233.86,10.28,-0.998,50.01
2026-10-08T01:20:02.020508+00:00,0.0,-36.64,16.54,20.1,70.6,15.0,0.0,16.6,3.1,0.0,0.0,2432.46,67986.8,74827.73,0.0,0.0,0.0,0.0,0.0,0.0,0.0,35.54,29.93,48.56,0.0,0.0,0.0,0.0,0.0,0.0,0.0,0.0,0.0,0.0,0.0,0.0,0.0,0.0,0.0,0.0,0.0,0.0,0.0,0.0,0.0,0.0,0.0,0.0,233.76,10.28,236.29,10.21,233.85,10.29,-1.0,50.03
2026-10-08T01:25:02.073655+00:00,0.0,-40.32,20.22,20.1,71.8,15.0,0.0,16.6,3.1,0.0,0.0,2432.46,67986.8,74827.73,0.0,0.0,0.0,0.0,0.0,0.0,0.0,35.54,29.93,48.56,0.0,0.0,0.0,0.0,0.0,0.0,0.0,0.0,0.0,0.0,0.0,0.0,0.0,0.0,0.0,0.0,0.0,0.0,0.0,0.0,0.0,0.0,0.0,0.0,234.01,10.26,236.69,10.17,233.8,10.28,-1.0,50.09
2026-10-08T01:30:02.117445+00:00,0.0,-38.32,18.22,20.1,73.1,14.0,0.0,16.5,3.0,0.0,0.0,2432.46,67986.8,74827.73,0.0,0.0,0.0,0.0,0.0,0.0,0.0,35.54,29.93,48.56,0.0,0.0,0.0,0.0,0.0,0.0,0.0,0.0,0.0,0.0,0.0,0.0,0.0,0.0,0.0,0.0,0.0,0.0,0.0,0.0,0.0,0.0,0.0,0.0,233.73,10.27,236.28,10.19,233.45,10.3,-1.0,50.03
2026-10-08T01:35:01.492115+00:00,0.0,-38.31,18.21,20.1,74.3,14.0,0.0,16.5,3.0,0.0,0.0,2432.46,67986.8,74827.73,0.0,0.0,0.0,0.0,0.0,0.0,0.0,35.54,29.93,48.56,0.0,0.0,0.0,0.0,0.0,0.0,0.0,0.0,0.0,0.0,0.0,0.0,0.0,0.0,0.0,0.0,0.0,0.0,0.0,0.0,0.0,0.0,0.0,0.0,234.16,10.26,236.34,10.2,233.79,10.29,-0.999,50.07
2026-10-08T01:40:01.998457+00:00,0.0,-36.51,16.41,20.1,75.6,14.0,0.0,16.5,3.0,0.0,0.0,2432.46,67986.8,74827.73,0.0,0.0,0.0,0.0,0.0,0.0,0.0,35.54,29.93,48.56,0.0,0.0,0.0,0.0,0.0,0.0,0.0,0.0,0.0,0.0,0.0,0.0,0.0,0.0,0.0,0.0,0.0,0.0,0.0,0.0,0.0,0.0,0.0,0.0,233.21,10.32,235.9,10.23,232.94,10.35,-0.999,49.93
2026-10-08T01:45:01.259397+00:00,0.0,-35.04,14.94,20.1,76.8,13.0,0.0,16.3,2.9,0.0,0.0,2432.46,67986.8,74827.73,0.0,0.0,0.0,0.0,0.0,0.0,0.0,35.54,29.93,48.56,0.0,0.0,0.0,0.0,0.0,0.0,0.0,0.0,0.0,0.0,0.0,0.0,0.0,0.0,0.0,0.0,0.0,0.0,0.0,0.0,0.0,0.0,0.0,0.0,233.37,10.3,235.87,10.23,233.02,10.34,-1.0,49.94
2026-10-08T01:50:01.882295+00:00,0.0,-40.7,20.6,20.1,78.1,13.0,0.0,16.3,2.9,0.0,0.0,2432.46,67986.8,74827.73,0.0,0.0,0.0,0.0,0.0,0.0,0.0,35.54,29.93,48.56,0.0,0.0,0.0,0.0,0.0,0.0,0.0,0.0,0.0,0.0,0.0,0.0,0.0,0.0,0.0,0.0,0.0,0.0,0.0,0.0,0.0,0.0,0.0,0.0,233.63,10.3,236.08,10.22,233.45,10.32,-1.0,50.02
2026-10-08T01:55:01.870641+00:00,0.0,-38.31,18.21,20.1,79.4,13.0,0.0,16.3,2.9,0.0,0.0,2432.46,67986.8,74827.73,0.0,0.0,0.0,0.0,0.0,0.0,0.0,35.54,29.93,48.56,0.0,0.0,0.0,0.0,0.0,0.0,0.0,0.0,0.0,0.0,0.0,0.0,0.0,0.0,0.0,0.0,0.0,0.0,0.0,0.0,0.0,0.0,0.0,0.0,232.77,10.33,235.39,10.24,232.71,10.34,-0.999,49.94
2026-10-08T02:00:01.525691+00:00,0.0,-38.44,18.34,20.1,80.6,11.0,0.0,16.2,3.1,0.0,0.0,2432.46,67986.8,74827.73,0.0,0.0,0.0,0.0,0.0,0.0,0.0,35.54,29.93,48.56,0.0,0.0,0.0,0.0,0.0,0.0,0.0,0.0,0.0,0.0,0.0,0.0,0.0,0.0,0.0,0.0,0.0,0.0,0.0,0.0,0.0,0.0,0.0,0.0,233.1,10.32,235.65,10.24,232.9,10.34,-1.0,50.02
2026-10-08T02:05:01.797251+00:00,0.0,-38.76,18.66,20.1,81.9,11.0,0.0,16.2,3.1,0.0,0.0,2432.46,67986.8,74827.73,0.0,0.0,0.0,0.0,0.0,0.0,0.0,35.54,29.93,48.56,0.0,0.0,0.0,0.0,0.0,0.0,0.0,0.0,0.0,0.0,0.0,0.0,0.0,0.0,0.0,0.0,0.0,0.0,0.0,0.0,0.0,0.0,0.0,0.0,233.66,10.3,235.8,10.24,233.01,10.35,-0.999,50.01
2026-10-08T02:10:01.252495+00:00,0.0,-37.22,17.12,20.1,83.1,11.0,0.0,16.2,3.1,0.0,0.0,2432.46,67986.8,74827.73,0.0,0.0,0.0,0.0,0.0,0.0,0.0,35.54,29.93,48.56,0.0,0.0,0.0,0.0,0.0,0.0,0.0,0.0,0.0,0.0,0.0,0.0,0.0,0.0,0.0,0.0,0.0,0.0,0.0,0.0,0.0,0.0,0.0,0.0,232.41,10.36,234.71,10.29,231.69,10.41,-1.0,49.83
2026-10-08T02:15:01.292244+00:00,0.0,-36.9,16.8,20.1,84.3,9.0,0.0,16.1,3.5,0.0,0.0,2432.46,67986.8,74827.73,0.0,0.0,0.0,0.0,0.0,0.0,0.0,35.54,29.93,48.56,0.0,0.0,0.0,0.0,0.0,0.0,0.0,0.0,0.0,0.0,0.0,0.0,0.0,0.0,0.0,0.0,0.0,0.0,0.0,0.0,0.0,0.0,0.0,0.0,235.46,10.24,237.8,10.16,234.88,10.28,-1.0,50.06
2026-10-08T02:20:01.658968+00:00,0.0,-36.74,16.64,20.1,85.6,9.0,0.0,16.1,3.5,0.0,0.0,2432.46,67986.8,74827.73,0.0,0.0,0.0,0.0,0.0,0.0,0.0,35.54,29.93,48.56,0.0,0.0,0.0,0.0,0.0,0.0,0.0,0.0,0.0,0.0,0.0,0.0,0.0,0.0,0.0,0.0,0.0,0.0,0.0,0.0,0.0,0.0,0.0,0.0,235.22,10.24,237.07,10.19,233.87,10.32,-1.0,50.07
2026-10-08T02:25:01.565356+00:00,0.0,-36.75,16.75,20.0,86.8,9.0,0.0,16.1,3.5,0.0,0.0,2432.46,67986.8,74827.73,0.0,0.0,0.0,0.0,0.0,0.0,0.0,35.54,29.93,48.56,0.0,0.0,0.0,0.0,0.0,0.0,0.0,0.0,0.0,0.0,0.0,0.0,0.0,0.0,0.0,0.0,0.0,0.0,0.0,0.0,0.0,0.0,0.0,0.0,234.8,10.27,237.3,10.19,234.05,10.32,-1.0,50.11
2026-10-08T02:30:01.649276+00:00,0.0,-38.46,18.36,20.1,88.0,6.0,0.0,16.0,4.3,0.0,0.0,2432.46,67986.8,74827.73,0.0,0.0,0.0,0.0,0.0,0.0,0.0,35.54,29.93,48.56,0.0,0.0,0.0,0.0,0.0,0.0,0.0,0.0,0.0,0.0,0.0,0.0,0.0,0.0,0.0,0.0,0.0,0.0,0.0,0.0,0.0,0.0,0.0,0.0,234.78,10.28,237.09,10.21,233.66,10.34,-0.999,50.14
2026-10-08T02:35:01.653051+00:00,0.0,-38.31,18.31,20.0,89.3,6.0,0.0,16.0,4.3,0.0,0.0,2432.46,67986.8,74827.73,0.0,0.0,0.0,0.0,0.0,0.0,0.0,35.54,29.93,48.56,0.0,0.0,0.0,0.0,0.0,0.0,0.0,0.0,0.0,0.0,0.0,0.0,0.0,0.0,0.0,0.0,0.0,0.0,0.0,0.0,0.0,0.0,0.0,0.0,233.98,10.3,236.45,10.23,233.17,10.36,-1.0,50.1
2026-10-08T02:40:01.271961+00:00,0.0,-36.74,16.74,20.0,90.5,6.0,0.0,16.0,4.3,0.0,0.0,2432.46,67986.8,74827.73,0.0,0.0,0.0,0.0,0.0,0.0,0.0,35.54,29.93,48.56,0.0,0.0,0.0,0.0,0.0,0.0,0.0,0.0,0.0,0.0,0.0,0.0,0.0,0.0,0.0,0.0,0.0,0.0,0.0,0.0,0.0,0.0,0.0,0.0,235.83,10.22,237.95,10.16,235.15,10.27,-1.0,49.86
2026-10-08T02:45:01.737318+00:00,0.0,-36.62,16.62,20.0,91.8,3.0,0.0,16.0,5.1,0.0,0.0,2432.46,67986.8,74827.73,0.0,0.0,0.0,0.0,0.0,0.0,0.0,35.54,29.93,48.56,0.0,0.0,0.0,0.0,0.0,0.0,0.0,0.0,0.0,0.0,0.0,0.0,0.0,0.0,0.0,0.0,0.0,0.0,0.0,0.0,0.0,0.0,0.0,0.0,238.58,10.11,240.78,10.05,237.64,10.16,-1.0,50.13
2026-10-08T02:50:01.388959+00:00,0.0,-36.65,16.65,20.0,93.0,3.0,0.0,16.0,5.1,0.0,0.0,2432.46,67986.8,74827.73,0.0,0.0,0.0,0.0,0.0,0.0,0.0,35.54,29.93,48.56,0.0,0.0,0.0,0.0,0.0,0.0,0.0,0.0,0.0,0.0,0.0,0.0,0.0,0.0,0.0,0.0,0.0,0.0,0.0,0.0,0.0,0.0,0.0,0.0,238.07,10.15,240.48,10.08,237.42,10.19,-1.0,50.14
2026-10-08T02:55:01.967527+00:00,0.0,-36.82,16.82,20.0,94.3,3.0,0.0,16.0,5.1,0.0,0.0,2432.46,67986.8,74827.73,0.0,0.0,0.0,0.0,0.0,0.0,0.0,35.54,29.93,48.56,0.0,0.0,0.0,0.0,0.0,0.0,0.0,0.0,0.0,0.0,0.0,0.0,0.0,0.0,0.0,0.0,0.0,0.0,0.0,0.0,0.0,0.0,0.0,0.0,238.14,10.14,240.44,10.07,237.24,10.2,-1.0,50.14
2026-10-08T03:00:02.079477+00:00,0.0,-38.39,18.39,20.0,95.5,1.0,0.0,16.0,5.9,0.0,0.0,2432.46,67986.8,74827.73,0.0,0.0,0.0,0.0,0.0,0.0,0.0,35.54,29.93,48.56,0.0,0.0,0.0,0.0,0.0,0.0,0.0,0.0,0.0,0.0,0.0,0.0,0.0,0.0,0.0,0.0,0.0,0.0,0.0,0.0,0.0,0.0,0.0,0.0,237.09,10.19,239.16,10.14,236.25,10.24,-1.0,49.92
2026-10-08T03:05:01.530803+00:00,0.0,-38.27,18.27,20.0,96.8,1.0,0.0,16.0,5.9,0.0,0.0,2432.46,67986.8,74827.73,0.0,0.0,0.0,0.0,0.0,0.0,0.0,35.54,29.93,48.56,0.0,0.0,0.0,0.0,0.0,0.0,0.0,0.0,0.0,0.0,0.0,0.0,0.0,0.0,0.0,0.0,0.0,0.0,0.0,0.0,0.0,0.0,0.0,0.0,237.75,10.19,240.18,10.11,237.38,10.22,-0.998,50.16
2026-10-08T03:10:01.589678+00:00,0.0,-38.27,18.27,20.0,98.0,1.0,0.0,16.0,5.9,0.0,0.0,2432.46,67986.8,74827.73,0.0,0.0,0.0,0.0,0.0,0.0,0.0,35.54,29.93,48.56,200.8,0.01,187.9,0.01,195.0,0.01,0.0,0.0,208.5,0.01,0.0,0.0,175.4,0.01,177.4,0.01,214.4,0.01,182.3,0.01,211.2,0.01,0.0,0.0,234.35,10.34,237.25,10.24,234.0,10.37,-1.0,49.82
2026-10-08T03:15:01.303833+00:00,0.0,-36.64,16.54,20.1,99.2,1.0,0.0,16.0,6.8,0.0,0.0,2432.46,67986.8,74827.73,0.0,0.0,0.0,0.0,0.0,0.0,0.0,35.54,29.93,48.56,179.5,0.01,236.4,0.03,172.1,0.03,0.0,0.0,234.9,0.01,0.0,0.0,171.6,0.04,175.3,0.05,226.4,0.03,226.9,0.03,177.0,0.03,0.0,0.0,236.59,10.29,238.74,10.22,235.49,10.35,-0.998,49.92
2026-10-08T03:20:01.408643+00:00,0.0,-36.74,16.74,20.0,99.9,1.0,0.0,16.0,6.8,0.0,0.01,2432.47,67986.81,74827.74,0.0,0.0,0.0,0.0,0.0,0.0,0.0,35.54,29.93,48.56,164.8,-0.01,271.2,0.07,189.9,0.08,0.0,0.0,227.1,-0.01,0.0,0.0,217.8,0.08,185.2,0.11,201.5,0.01,260.6,0.08,188.4,0.06,0.0,0.0,237.15,10.3,239.3,10.24,235.17,10.4,-0.999,49.98
2026-10-08T03:25:01.196402+00:00,0.0,-21.52,21.12,0.0,100.0,1.0,0.0,16.0,6.8,0.0,0.01,2432.47,67986.81,74827.74,0.0,0.0,0.0,0.0,0.0,0.0,0.0,35.54,29.93,48.56,172.8,0.0,285.4,0.13,228.6,0.06,0.0,0.0,224.1,-0.03,0.0,0.0,268.3,0.13,221.5,0.09,206.8,-0.04,268.4,0.11,189.2,0.03,0.0,0.0,237.76,10.06,239.9,10.0,235.75,10.16,-0.477,50.07
2026-10-08T03:30:01.543143+00:00,0.0,-16.35,16.35,0.0,100.0,1.0,0.0,16.1,7.6,0.0,0.01,2432.47,67986.81,74827.74,0.0,0.0,0.0,0.0,0.0,0.0,0.0,35.54,29.93,48.56,206.8,-0.02,306.9,0.12,240.1,0.05,0.0,0.0,310.1,-0.04,0.0,0.0,310.4,0.16,241.2,0.08,201.7,-0.01,267.1,0.06,227.1,0.07,0.0,0.0,239.4,0.6,241.33,0.63,237.17,0.63,-0.506,49.85
2026-10-08T03:35:01.772978+00:00,0.0,-19.83,19.83,0.0,100.0,1.0,0.0,16.1,7.6,0.0,0.01,2432.47,67986.81,74827.74,0.0,0.0,0.0,0.0,0.0,0.0,0.0,35.54,29.93,48.56,208.3,0.06,348.6,0.1,298.3,0.08,0.0,0.0,436.6,-0.02,0.0,0.0,328.3,0.15,354.5,0.13,229.6,0.02,404.7,0.12,288.6,0.1,0.0,0.0,241.76,0.64,243.21,0.66,239.04,0.67,-0.35,50.14
2026-10-08T03:40:01.948768+00:00,0.0,-17.92,17.92,0.0,100.0,1.0,0.0,16.1,7.6,0.0,0.01,2432.47,67986.81,74827.74,0.0,0.0,0.0,0.0,0.0,0.0,0.0,35.54,29.93,48.56,234.0,0.14,385.7,0.06,372.5,0.07,0.0,0.0,427.5,0.09,0.0,0.0,358.1,0.11,504.9,0.13,241.2,0.14,510.6,0.11,331.0,0.1,0.0,0.0,239.52,0.56,241.04,0.59,237.06,0.56,-0.087,49.84
2026-10-08T03:45:01.257227+00:00,0.0,-16.05,16.05,0.0,100.0,2.0,0.0,16.3,8.5,0.0,0.01,2432.47,67986.81,74827.74,0.0,0.0,0.0,0.0,0.01,0.0,0.0,35.54,29.93,48.56,292.4,0.22,451.8,0.09,421.9,0.09,0.0,0.0,446.3,0.26,0.0,0.0,435.8,0.12,475.5,0.1,310.2,0.24,494.8,0.11,401.1,0.13,0.0,0.0,239.78,0.57,241.16,0.6,237.15,0.58,0.283,49.98
2026-10-08T03:50:01.300481+00:00,0.5,-15.96,16.46,0.0,100.0,2.0,0.0,16.3,8.5,0.0,0.03,2432.49,67986.83,74827.76,0.0,0.0,0.0,0.03,0.08,0.13,0.0,35.54,29.93,48.56,384.0,0.34,491.0,0.17,459.3,0.2,0.0,0.0,468.6,0.32,0.0,0.0,459.3,0.19,465.8,0.18,455.7,0.33,476.6,0.23,451.6,0.23,0.0,0.0,240.95,0.61,242.65,0.63,238.52,0.62,0.563,50.08
2026-10-08T03:55:01.976433+00:00,1.1,-19.48,20.58,0.0,100.0,2.0,0.0,16.3,8.5,0.0,0.07,2432.53,67986.87,74827.8,0.0,0.0,0.0,0.25,0.19,0.26,0.01,35.54,29.93,48.56,448.6,0.36,498.3,0.28,504.8,0.37,0.0,0.0,478.7,0.3,0.0,0.0,470.0,0.3,476.0,0.33,474.3,0.36,493.3,0.41,478.3,0.37,0.0,0.0,240.32,0.65,241.7,0.66,237.66,0.65,0.793,49.92
2026-10-08T04:00:01.939395+00:00,2.1,-18.78,20.88,0.0,100.0,2.0,13.0,16.6,8.8,0.0,0.15,2432.61,67986.95,74827.88,0.0,0.0,0.0,0.39,0.32,0.45,0.01,35.54,29.93,48.56,500.2,0.41,495.1,0.37,507.5,0.41,0.0,0.0,515.4,0.46,0.0,0.0,508.2,0.37,492.2,0.42,503.9,0.35,501.1,0.43,516.6,0.44,0.0,0.0,240.06,0.72,241.6,0.74,237.93,0.73,0.927,49.95
2026-10-08T04:05:01.703196+00:00,2.7,-15.14,17.84,0.0,100.0,2.0,13.0,16.6,8.8,0.0,0.28,2432.74,67987.08,74828.01,0.0,0.0,0.0,0.56,0.46,0.99,0.01,35.54,29.93,48.56,516.5,0.64,507.6,0.4,518.5,0.47,0.0,0.0,513.6,0.69,0.0,0.0,519.8,0.4,491.5,0.46,542.7,0.61,524.5,0.55,535.8,0.59,0.0,0.0,240.97,0.98,243.02,0.99,239.08,0.99,0.913,50.16
2026-10-08T04:10:01.366287+00:00,3.2,-15.85,19.05,0.0,100.0,2.0,13.0,16.6,8.8,0.0,0.47,2432.93,67987.27,74828.2,0.0,0.0,0.0,0.74,0.59,1.34,0.01,35.54,29.93,48.56,520.7,0.79,528.2,0.38,511.3,0.7,0.0,0.0,516.8,0.76,0.0,0.0,497.4,0.46,489.5,0.47,537.0,0.96,518.1,0.8,532.4,0.99,0.0,0.0,239.73,1.33,241.64,1.32,237.75,1.35,0.978,49.96
2026-10-08T04:15:01.599891+00:00,4.1,-13.22,17.32,0.0,100.0,2.0,13.0,17.1,8.5,0.0,0.72,2433.18,67987.52,74828.45,0.0,0.0,0.0,0.95,0.73,1.64,0.01,35.54,29.93,48.56,518.7,0.88,541.2,0.38,509.8,0.89,0.0,0.0,525.4,0.87,0.0,0.0,492.1,0.47,491.5,0.46,538.1,1.25,517.6,0.93,538.3,1.14,0.0,0.0,242.03,1.47,243.87,1.47,240.25,1.5,0.956,50.09
2026-10-08T04:20:01.491148+00:00,4.7,-10.82,15.52,0.0,100.0,2.0,13.0,17.1,8.5,0.0,1.03,2433.49,67987.83,74828.76,0.0,0.0,0.0,1.17,0.88,1.99,0.01,35.54,29.93,48.56,523.2,1.09,540.6,0.4,524.7,0.96,0.0,0.0,519.7,1.15,0.0,0.0,503.4,0.48,501.1,0.45,542.1,1.47,527.7,1.01,543.9,1.43,0.0,0.0,242.53,1.73,244.48,1.73,241.22,1.75,0.974,50.07
2026-10-08T04:25:01.363133+00:00,5.6,-10.11,15.71,0.0,100.0,2.0,13.0,17.1,8.5,0.0,1.39,2433.85,67988.19,74829.12,0.0,0.0,0.0,1.38,1.02,2.32,0.01,35.54,29.93,48.56,524.3,1.34,540.0,0.43,521.1,1.15,0.0,0.0,523.6,1.35,0.0,0.0,515.4,0.49,526.8,0.44,543.2,1.62,519.7,1.28,544.8,1.64,0.0,0.0,243.42,1.99,245.64,1.98,241.9,2.01,0.997,50.16
2026-10-08T04:30:01.351740+00:00,6.7,-8.53,15.23,0.0,100.0,2.0,13.0,17.7,7.7,0.0,1.82,2434.28,67988.62,74829.55,0.0,0.0,0.0,1.72,1.2,2.72,0.01,35.54,29.93,48.56,527.7,1.51,536.6,0.52,523.8,1.41,0.0,0.0,526.4,1.47,0.0,0.0,525.8,0.53,537.2,0.48,544.4,1.89,530.7,1.5,546.2,1.83,0.0,0.0,240.54,2.46,242.76,2.45,239.11,2.48,0.988,50.09
2026-10-08T04:35:01.431077+00:00,7.5,-7.29,14.79,0.0,100.0,2.0,13.0,17.7,7.7,0.0,2.33,2434.79,67989.13,74830.06,0.0,0.0,0.0,2.16,1.35,3.1,0.01,35.54,29.93,48.56,528.2,1.68,298.4,1.67,530.4,1.61,0.0,0.0,526.5,1.7,0.0,0.0,538.0,0.59,529.3,0.57,543.9,2.2,526.3,1.7,545.0,2.12,0.0,0.0,240.54,3.04,242.59,3.03,239.04,3.07,0.995,49.96
2026-10-08T04:40:01.725483+00:00,8.5,-8.19,16.69,0.0,100.0,2.0,13.0,17.7,7.7,0.0,2.92,2435.38,67989.72,74830.65,0.0,0.0,0.0,2.54,1.53,3.51,0.01,35.54,29.93,48.56,530.0,1.95,343.9,1.98,529.4,1.8,0.0,0.0,528.4,1.98,0.0,0.0,540.4,0.65,540.9,0.65,541.5,2.46,530.3,1.87,544.0,2.44,0.0,0.0,240.41,3.82,241.96,3.09,239.0,3.85,0.999,49.84
2026-10-08T04:45:01.846717+00:00,10.2,-13.68,23.88,0.0,100.0,2.0,13.0,18.4,7.1,0.0,3.6,2436.06,67990.4,74831.33,0.0,0.0,0.0,2.89,1.72,3.92,0.01,35.54,29.93,48.56,531.2,2.25,349.5,2.22,527.0,2.09,0.0,0.0,528.2,2.22,0.0,0.0,550.6,0.72,550.9,0.72,539.9,2.7,525.9,2.2,541.4,2.69,0.0,0.0,240.94,4.06,242.23,4.05,239.15,4.1,0.995,49.87
2026-10-08T04:50:01.689336+00:00,11.2,-9.55,20.75,0.0,100.0,2.0,13.0,18.4,7.1,0.0,4.36,2436.82,67991.16,74832.09,0.0,0.0,0.0,3.27,2.46,4.39,0.01,35.55,29.93,48.56,531.8,2.5,350.4,2.43,531.6,2.39,0.0,0.0,528.1,2.43,0.0,0.0,495.6,1.12,487.3,1.15,538.9,3.01,527.9,2.5,541.6,2.95,0.0,0.0,241.32,4.57,243.13,4.55,239.72,4.61,0.999,49.98
2026-10-08T04:55:01.768152+00:00,12.7,-3.85,16.55,0.0,100.0,2.0,13.0,18.4,7.1,0.0,5.25,2437.71,67992.05,74832.98,0.0,0.0,0.0,3.62,2.82,4.81,0.01,35.55,29.93,48.56,531.6,2.73,349.1,2.66,528.5,2.65,0.0,0.0,527.6,2.7,0.0,0.0,360.9,2.19,357.8,2.17,535.7,3.34,528.3,2.73,539.6,3.26,0.0,0.0,242.54,5.05,244.74,5.02,241.53,5.08,0.997,50.11
2026-10-08T05:00:01.197183+00:00,13.6,-1.43,15.03,0.0,100.0,2.0,158.0,19.0,7.1,0.0,6.25,2438.71,67993.05,74833.98,0.0,0.0,0.0,3.98,3.5,5.18,0.01,35.55,29.93,48.56,531.4,3.03,349.8,2.98,523.8,2.94,0.0,0.0,526.0,3.0,0.0,0.0,432.5,2.36,407.6,2.34,534.9,3.62,526.1,2.99,538.0,3.58,0.0,0.0,242.11,8.32,243.07,2.94,240.5,5.43,0.998,50.18
2026-10-08T05:05:01.283897+00:00,15.2,40.46,15.24,-40.5,97.1,2.0,158.0,19.0,7.1,0.0,7.34,2439.8,67994.14,74835.07,0.0,0.0,0.0,4.32,3.84,5.56,1.28,35.55,29.93,48.56,531.1,3.31,350.0,3.27,528.9,3.18,0.0,0.0,526.5,3.25,0.0,0.0,447.5,2.61,448.9,2.54,531.8,3.88,526.5,3.26,537.2,3.85,0.0,0.0,241.98,9.93,242.78,2.91,240.01,5.25,1.0,50.11
2026-10-08T05:10:01.635448+00:00,16.5,40.29,20.91,-44.7,94.0,2.0,158.0,19.0,7.1,0.0,8.57,2441.03,67995.37,74836.3,0.0,0.0,0.0,3.87,3.52,5.25,2.63,35.55,29.93,48.56,530.2,3.54,348.9,3.51,529.3,3.44,0.0,0.0,525.4,3.47,0.0,0.0,445.5,2.94,448.0,2.86,530.2,4.16,525.5,3.52,534.9,4.09,0.0,0.0,243.12,33.11,243.4,22.39,240.8,24.61,1.0,50.08
2026-10-08T05:15:02.067309+00:00,17.8,39.99,21.61,-43.8,90.8,2.0,158.0,19.5,7.7,0.0,9.9,2442.36,67996.7,74837.63,0.0,0.0,0.0,4.24,3.87,5.67,4.06,35.55,29.94,48.56,529.0,3.89,349.4,3.79,527.6,3.76,0.0,0.0,526.1,3.79,0.0,0.0,445.3,3.21,445.9,3.13,527.0,4.51,523.2,3.85,533.4,4.45,0.0,0.0,243.28,35.16,243.55,26.61,240.75,26.46,1.0,50.09
2026-10-08T05:20:01.205662+00:00,19.5,40.04,22.46,-43.0,87.8,2.0,158.0,19.5,7.7,0.0,11.32,2443.78,67998.12,74839.05,0.0,0.0,0.0,4.63,4.42,6.14,5.34,35.55,29.94,48.56,527.5,4.18,349.0,4.09,524.5,4.09,0.0,0.0,526.6,4.04,0.0,0.0,451.9,3.45,446.1,3.37,524.8,4.8,523.4,4.14,531.6,4.74,0.0,0.0,241.92,35.62,242.85,26.52,240.05,26.32,1.0,50.04
2026-10-08T05:25:02.051721+00:00,20.6,39.99,22.71,-42.1,84.7,2.0,158.0,19.5,7.7,0.0,12.89,2445.35,67999.69,74840.62,0.0,0.0,0.0,5.02,5.49,6.55,6.72,35.55,29.94,48.56,527.3,4.47,349.3,4.4,522.9,4.4,0.0,0.0,525.2,4.33,0.0,0.0,524.0,3.69,504.8,3.63,525.6,5.1,521.3,4.46,530.4,5.05,0.0,0.0,243.03,40.06,242.92,24.35,239.69,24.25,1.0,50.17
2026-10-08T05:30:01.893471+00:00,21.6,39.95,22.85,-41.2,81.7,2.0,158.0,20.0,8.6,0.0,14.55,2447.01,68001.35,74842.28,0.0,0.0,0.0,5.34,5.72,6.9,8.06,35.55,29.94,48.57,526.4,4.75,346.1,4.73,522.6,4.67,0.0,0.0,524.2,4.59,0.0,0.0,533.6,4.0,533.9,3.93,523.6,5.38,522.1,4.72,529.4,5.31,0.0,0.0,242.38,40.2,242.26,24.37,239.25,24.32,1.0,50.07
2026-10-08T05:35:01.210478+00:00,22.9,39.71,22.99,-39.8,78.8,2.0,158.0,20.0,8.6,0.0,16.32,2448.78,68003.12,74844.05,0.0,0.0,0.0,5.68,6.1,7.3,9.34,35.55,29.94,48.57,524.7,5.02,346.0,4.98,520.6,4.95,0.0,0.0,524.4,4.84,0.0,0.0,530.8,4.32,532.9,4.22,522.0,5.65,521.6,4.98,526.9,5.59,0.0,0.0,242.69,40.15,242.55,24.26,239.86,24.21,1.0,50.15
2026-10-08T05:40:01.329158+00:00,24.2,40.47,25.13,-41.4,76.0,2.0,158.0,20.0,8.6,0.0,18.19,2450.65,68004.99,74845.92,0.0,0.0,0.0,6.12,6.6,7.79,10.55,35.55,29.94,48.57,523.0,5.3,344.9,5.27,520.2,5.22,0.0,0.0,522.0,5.12,0.0,0.0,528.5,4.64,531.4,4.52,520.1,5.93,519.6,5.27,525.4,5.87,0.0,0.0,242.74,40.16,242.76,24.14,239.68,24.0,1.0,50.19
2026-10-08T05:45:01.184322+00:00,25.0,40.19,26.71,-41.9,73.1,1.0,158.0,20.5,9.7,0.0,20.14,2452.6,68006.94,74847.87,0.0,0.0,0.0,5.99,6.63,8.14,11.84,35.55,29.94,48.57,522.9,5.57,345.2,5.54,519.4,5.5,0.0,0.0,523.4,5.36,0.0,0.0,526.5,4.93,530.5,4.81,518.8,6.2,519.4,5.54,525.1,6.12,0.0,0.0,241.94,39.67,242.4,26.78,238.91,26.37,1.0,50.2
2026-10-08T05:50:01.319932+00:00,26.0,40.04,24.06,-38.1,70.1,1.0,158.0,20.5,9.7,0.0,22.19,2454.65,68008.99,74849.92,0.0,0.0,0.0,6.71,7.32,8.44,13.15,35.55,29.94,48.57,522.8,5.83,345.4,5.78,519.6,5.74,0.0,0.0,520.9,5.62,0.0,0.0,525.4,5.2,529.8,5.06,517.7,6.43,519.1,5.79,522.7,6.38,0.0,0.0,242.1,42.19,241.92,26.21,239.42,26.0,1.0,50.23
2026-10-08T05:55:01.885487+00:00,27.0,39.16,23.44,-35.6,67.3,1.0,158.0,20.5,9.7,0.0,24.32,2456.78,68011.12,74852.05,0.0,0.0,0.0,7.17,7.76,8.95,14.38,35.55,29.94,48.57,520.2,6.08,344.3,6.03,518.6,5.98,0.0,0.0,519.9,5.86,0.0,0.0,524.6,5.46,527.6,5.32,515.1,6.68,517.1,6.04,521.0,6.61,0.0,0.0,239.75,39.73,239.64,25.55,237.22,25.4,1.0,50.0
2026-10-08T06:00:01.987780+00:00,28.3,38.87,21.63,-32.2,64.6,1.0,374.0,21.0,10.7,0.0,26.53,2458.99,68013.33,74854.26,0.0,0.0,0.0,7.48,8.47,9.17,15.53,35.56,29.94,48.57,519.3,6.33,343.4,6.29,518.9,6.22,0.0,0.0,521.2,6.08,0.0,0.0,524.9,5.71,527.0,5.58,515.3,6.92,517.7,6.28,520.7,6.85,0.0,0.0,240.71,43.29,240.01,22.15,237.42,22.11,1.0,50.06
2026-10-08T06:05:01.962395+00:00,29.4,39.5,17.3,-27.4,62.3,1.0,374.0,21.0,10.7,0.0,28.84,2461.3,68015.64,74856.57,0.0,0.0,0.0,7.96,8.73,9.72,16.55,35.56,29.94,48.57,518.9,6.6,342.5,6.57,517.2,6.51,0.0,0.0,519.1,6.36,0.0,0.0,525.4,6.0,527.7,5.86,515.4,7.2,515.8,6.57,519.5,7.13,0.0,0.0,240.81,42.69,240.3,21.0,237.67,20.81,1.0,50.14
2026-10-08T06:10:01.532013+00:00,30.5,39.58,23.02,-32.1,60.0,1.0,374.0,21.0,10.7,0.0,31.24,2463.7,68018.04,74858.97,0.0,0.0,0.0,8.43,9.28,10.32,17.55,35.56,29.94,48.58,518.0,6.88,341.7,6.85,517.6,6.77,0.0,0.0,518.6,6.63,0.0,0.0,525.2,6.28,526.2,6.14,515.2,7.47,514.5,6.85,519.9,7.4,0.0,0.0,240.01,33.45,239.99,22.95,237.96,22.85,1.0,50.15
2026-10-08T06:15:01.210620+00:00,31.3,38.87,28.73,-36.3,57.4,1.0,374.0,21.4,11.6,0.0,33.75,2466.21,68020.55,74861.48,0.0,0.0,0.0,8.66,9.5,10.6,18.71,35.56,29.94,48.58,515.9,7.15,341.4,7.1,516.5,7.03,0.0,0.0,518.5,6.87,0.0,0.0,525.0,6.54,525.5,6.41,514.9,7.72,514.8,7.1,519.1,7.65,0.0,0.0,240.17,38.98,240.18,24.27,237.37,24.2,1.0,50.18
2026-10-08T06:20:02.140422+00:00,32.5,39.95,18.65,-26.1,55.1,1.0,374.0,21.4,11.6,0.0,36.32,2468.78,68023.12,74864.05,0.0,0.0,0.0,8.33,10.05,10.98,19.73,35.56,29.95,48.58,516.7,7.36,341.4,7.31,515.8,7.25,0.0,0.0,519.9,7.07,0.0,0.0,524.6,6.76,524.2,6.64,514.5,7.92,513.4,7.33,519.2,7.86,0.0,0.0,239.76,45.24,238.88,24.9,236.3,24.79,1.0,49.91
2026-10-08T06:25:02.074336+00:00,33.4,39.57,18.73,-24.9,53.0,1.0,374.0,21.4,11.6,0.0,38.98,2471.44,68025.78,74866.71,0.0,0.0,0.0,9.43,10.24,10.92,20.63,35.56,29.95,48.58,516.2,7.61,341.4,7.55,513.7,7.51,0.0,0.0,519.5,7.29,0.0,0.0,525.3,7.0,523.3,6.89,513.3,8.17,512.7,7.57,519.1,8.09,0.0,0.0,239.66,36.97,239.68,22.01,236.94,22.1,1.0,49.84
2026-10-08T06:30:01.532097+00:00,34.4,39.16,18.74,-23.5,51.0,1.0,374.0,21.7,12.5,0.0,41.72,2474.18,68028.52,74869.45,0.0,0.0,0.0,10.04,10.68,12.08,21.52,35.56,29.95,48.58,515.7,7.85,341.4,7.78,514.3,7.74,0.0,0.0,519.1,7.54,0.0,0.0,524.2,7.27,522.9,7.14,515.4,8.37,512.9,7.81,518.1,8.35,0.0,0.0,240.03,36.48,240.26,21.92,237.23,21.99,1.0,49.93
2026-10-08T06:35:01.958079+00:00,35.3,38.9,23.9,-27.5,49.1,1.0,374.0,21.7,12.5,0.0,44.55,2477.01,68031.35,74872.28,0.0,0.0,0.0,10.04,11.05,12.05,22.37,35.56,29.95,48.59,514.1,8.08,341.1,7.99,512.7,7.97,0.0,0.0,519.4,7.74,0.0,0.0,524.5,7.5,522.5,7.37,513.2,8.63,511.7,8.04,517.5,8.57,0.0,0.0,240.25,35.96,239.87,21.81,237.26,21.91,1.0,49.96
2026-10-08T06:40:01.392234+00:00,36.5,38.51,27.19,-29.2,47.0,1.0,374.0,21.7,12.5,0.0,47.46,2479.92,68034.26,74875.19,0.0,0.0,0.0,10.24,11.31,12.32,23.29,35.57,29.95,48.59,513.8,8.33,344.6,8.22,512.6,8.22,0.0,0.0,519.5,7.97,0.0,0.0,523.4,7.76,522.4,7.63,512.7,8.87,510.6,8.31,516.9,8.8,0.0,0.0,240.74,39.62,240.21,23.7,237.81,23.52,1.0,50.08
2026-10-08T06:45:01.963599+00:00,37.0,40.42,22.68,-26.1,45.1,1.0,372.0,22.1,13.6,0.0,50.44,2482.9,68037.24,74878.17,0.0,0.0,0.0,9.7,11.68,12.47,24.1,35.57,29.95,48.59,511.8,8.58,349.5,8.44,511.4,8.44,0.0,0.0,517.7,8.19,0.0,0.0,523.8,7.97,520.9,7.86,512.2,9.06,510.0,8.52,516.7,8.99,0.0,0.0,240.63,40.07,240.07,25.34,237.17,25.06,1.0,50.01
2026-10-08T06:50:01.291465+00:00,38.3,40.51,18.79,-21.0,43.4,1.0,372.0,22.1,14.5,0.0,53.5,2485.96,68040.3,74881.23,0.0,0.0,0.0,10.93,11.78,12.96,24.87,35.57,29.95,48.59,512.6,8.77,361.2,8.55,510.5,8.65,0.0,0.0,517.7,8.38,0.0,0.0,523.2,8.19,521.5,8.06,511.5,9.26,509.4,8.73,514.6,9.21,0.0,0.0,240.98,44.27,239.7,21.62,236.99,21.44,1.0,50.03
2026-10-08T06:55:01.926518+00:00,39.0,39.56,21.74,-22.3,41.7,1.0,372.0,22.1,14.5,0.0,56.65,2489.11,68043.45,74884.38,0.0,0.0,0.0,11.45,12.33,13.3,25.61,35.57,29.95,48.59,512.2,8.99,369.3,8.78,511.8,8.84,0.0,0.0,517.6,8.58,0.0,0.0,521.6,8.42,520.8,8.27,511.1,9.45,509.9,8.95,514.8,9.4,0.0,0.0,240.35,38.46,239.75,21.56,237.07,21.4,1.0,49.98
2026-10-08T07:00:02.036968+00:00,40.6,38.13,21.87,-19.4,40.0,1.0,582.0,22.4,15.4,0.0,59.86,2492.32,68046.66,74887.59,0.0,0.0,0.0,11.77,12.56,13.46,26.34,35.57,29.96,48.6,510.9,9.2,385.2,8.87,509.2,9.08,0.0,0.0,515.0,8.79,0.0,0.0,521.3,8.62,518.8,8.5,507.6,9.68,508.6,9.16,513.0,9.59,0.0,0.0,240.69,41.62,239.73,21.76,237.05,21.52,-1.0,50.14
2026-10-08T07:05:01.516014+00:00,39.868,-44.62,22.92,61.568,44.0,1.0,582.0,22.4,15.4,0.0,63.14,2495.6,68049.94,74890.87,0.0,0.0,0.0,10.62,15.92,1.94,26.34,35.57,29.96,48.6,508.8,9.4,404.3,8.96,508.9,9.26,0.0,0.0,514.2,8.97,0.0,0.0,519.1,8.85,518.1,8.71,506.7,9.86,507.3,9.36,510.1,9.81,0.0,0.0,239.94,39.88,239.62,22.89,236.97,22.59,-1.0,50.01
2026-10-08T07:10:01.914094+00:00,40.983,-43.89,23.29,61.583,48.0,1.0,582.0,22.4,15.4,0.0,66.52,2498.98,68053.32,74894.25,0.0,0.0,0.0,12.62,13.28,13.97,26.34,35.57,29.96,48.6,508.1,9.61,420.2,9.18,509.5,9.45,0.0,0.0,513.7,9.16,0.0,0.0,520.4,9.04,518.6,8.91,507.3,10.04,505.2,9.59,510.1,9.99,0.0,0.0,234.28,13.41,236.67,13.31,233.97,13.45,-1.0,49.84
2026-10-08T07:15:01.561260+00:00,42.049,-45.44,25.94,61.549,52.0,1.0,582.0,22.7,16.0,0.0,69.99,2502.45,68056.79,74897.72,0.0,0.0,0.0,13.06,13.6,14.28,26.34,35.58,29.96,48.6,507.7,9.77,436.3,9.38,507.5,9.64,0.0,0.0,515.2,9.32,0.0,0.0,521.3,9.22,517.7,9.11,508.9,10.18,505.5,9.73,512.3,10.13,0.0,0.0,234.06,12.79,236.6,12.69,233.86,12.82,-1.0,49.84
2026-10-08T07:20:01.246892+00:00,42.737,-37.66,18.86,61.537,56.0,1.0,582.0,22.7,16.0,0.0,73.53,2505.99,68060.33,74901.26,0.0,0.0,0.0,13.6,13.95,14.58,26.34,35.58,29.96,48.6,506.2,9.98,459.8,9.5,506.7,9.82,0.0,0.0,515.1,9.5,0.0,0.0,521.3,9.42,517.9,9.31,508.3,10.38,504.2,9.95,512.6,10.31,0.0,0.0,235.27,11.99,237.95,11.88,235.19,12.01,-1.0,50.03
2026-10-08T07:25:01.330708+00:00,43.678,-45.9,28.0,61.578,60.0,1.0,582.0,22.7,16.0,0.0,77.15,2509.61,68063.95,74904.88,0.0,0.0,0.0,13.95,14.18,14.79,26.34,35.58,29.96,48.61,504.6,10.2,473.5,9.8,505.3,10.03,0.0,0.0,514.1,9.69,0.0,0.0,520.7,9.61,517.7,9.51,506.4,10.58,503.1,10.14,510.2,10.51,0.0,0.0,235.39,11.45,237.81,11.36,234.8,11.49,-1.0,49.95
2026-10-08T07:30:02.144462+00:00,44.266,-43.0,25.7,61.566,63.9,1.0,582.0,23.0,16.6,0.0,80.82,2513.28,68067.62,74908.55,0.0,0.0,0.0,14.34,14.4,14.96,26.34,35.58,29.96,48.61,505.6,10.35,480.3,10.12,504.4,10.2,0.0,0.0,513.4,9.85,0.0,0.0,519.4,9.8,516.3,9.7,505.0,10.73,502.8,10.31,509.4,10.65,0.0,0.0,235.22,10.95,237.69,10.86,234.62,10.99,-1.0,49.95
2026-10-08T07:35:02.023940+00:00,45.063,-32.16,15.66,61.563,67.8,1.0,582.0,23.0,16.6,0.0,84.57,2517.03,68071.37,74912.3,0.0,0.0,0.0,14.66,14.64,15.16,26.34,35.58,29.96,48.61,503.0,10.55,490.5,10.33,501.4,10.39,0.0,0.0,511.6,10.04,0.0,0.0,517.2,10.0,515.6,9.86,503.6,10.89,500.3,10.5,507.2,10.84,0.0,0.0,235.64,10.47,238.19,10.38,235.34,10.5,-1.0,49.98
2026-10-08T07:40:01.747040+00:00,46.077,-40.73,25.23,61.577,71.7,1.0,582.0,23.0,16.6,0.0,88.36,2520.82,68075.16,74916.09,0.0,0.0,0.0,14.93,14.84,15.34,26.34,35.59,29.97,48.61,500.1,10.69,499.1,10.52,499.3,10.53,0.0,0.0,509.9,10.19,0.0,0.0,515.4,10.16,512.4,10.04,500.3,11.06,497.6,10.66,505.8,10.97,0.0,0.0,235.84,10.08,237.97,10.02,235.04,10.13,-1.0,49.91
2026-10-08T07:45:01.848950+00:00,46.639,-38.19,23.29,61.539,75.7,0.0,582.0,23.2,17.1,0.0,92.21,2524.67,68079.01,74919.94,0.0,0.0,0.0,15.31,15.11,15.59,26.34,35.59,29.97,48.62,500.3,10.85,505.8,10.76,499.6,10.69,0.0,0.0,509.9,10.33,0.0,0.0,514.1,10.34,511.9,10.21,500.8,11.18,497.5,10.82,505.2,11.11,0.0,0.0,235.47,9.55,237.64,9.49,235.12,9.58,-1.0,49.94
2026-10-08T07:50:01.370202+00:00,47.099,-37.51,23.11,61.499,79.6,0.0,582.0,23.2,17.1,0.0,96.13,2528.59,68082.93,74923.86,0.0,0.0,0.0,15.52,15.36,15.8,26.34,35.59,29.97,48.62,497.0,11.1,505.6,11.01,499.9,10.9,0.0,0.0,509.0,10.55,0.0,0.0,513.7,10.57,510.4,10.45,499.3,11.4,497.1,11.02,504.6,11.33,0.0,0.0,235.74,9.23,237.6,9.18,235.15,9.27,-1.0,49.93
2026-10-08T07:55:01.563930+00:00,47.641,-50.57,36.87,61.341,83.5,0.0,582.0,23.2,17.1,0.0,100.11,2532.57,68086.91,74927.84,0.0,0.0,0.0,15.66,15.56,16.0,26.34,35.59,29.97,48.62,496.2,11.22,504.8,11.14,498.2,11.03,0.0,0.0,511.3,10.64,0.0,0.0,515.0,10.69,510.4,10.58,501.0,11.49,496.0,11.15,506.1,11.42,0.0,0.0,236.4,9.01,238.32,8.96,235.47,9.05,-1.0,50.07
2026-10-08T08:00:01.259255+00:00,48.049,-33.93,20.83,61.149,87.4,0.0,755.0,23.4,17.6,0.0,104.12,2536.58,68090.92,74931.85,0.0,0.0,0.0,15.84,15.75,16.15,26.34,35.59,29.97,48.62,493.3,11.39,502.0,11.31,496.5,11.18,0.0,0.0,510.7,10.81,0.0,0.0,514.2,10.86,509.8,10.73,501.3,11.62,492.8,11.33,506.1,11.57,0.0,0.0,235.5,8.71,237.91,8.65,235.51,8.72,-0.999,50.02
2026-10-08T08:05:01.341488+00:00,48.96,-20.96,14.66,55.26,91.2,0.0,755.0,23.4,17.6,0.0,108.16,2540.62,68094.96,74935.89,0.0,0.0,0.0,16.07,15.86,16.29,26.34,35.59,29.97,48.63,494.0,11.52,503.8,11.41,498.3,11.29,0.0,0.0,507.6,10.94,0.0,0.0,510.9,10.98,507.0,10.85,497.6,11.73,494.6,11.45,502.9,11.67,0.0,0.0,236.14,8.22,238.4,8.17,236.01,8.24,-0.999,49.94
2026-10-08T08:10:01.398839+00:00,49.88,-15.79,22.09,43.58,94.3,0.0,755.0,23.4,17.6,0.0,112.24,2544.7,68099.04,74939.97,0.0,0.0,0.0,16.39,16.1,16.52,26.34,35.6,29.98,48.63,493.3,11.64,503.6,11.53,497.4,11.43,0.0,0.0,506.7,11.05,0.0,0.0,507.8,11.14,503.2,11.02,494.3,11.86,494.9,11.57,500.4,11.8,0.0,0.0,237.03,5.16,238.46,5.15,236.24,5.19,0.989,50.0
2026-10-08T08:15:01.458583+00:00,50.841,-7.09,22.09,35.841,96.8,0.0,755.0,23.6,18.2,0.0,116.37,2548.83,68103.17,74944.1,0.0,0.0,0.0,16.7,16.46,16.96,26.34,35.6,29.98,48.63,492.8,11.77,502.6,11.69,497.2,11.56,0.0,0.0,505.3,11.17,0.0,0.0,508.6,11.27,505.4,11.11,493.9,11.97,493.5,11.71,499.5,11.9,0.0,0.0,237.72,1.12,239.82,1.11,237.32,1.13,1.0,50.12
2026-10-08T08:20:01.274668+00:00,51.004,10.05,19.75,21.204,98.8,0.0,755.0,23.6,18.2,0.0,120.56,2553.02,68107.36,74948.29,0.0,0.0,0.0,16.94,16.74,17.23,26.34,35.6,29.98,48.63,492.4,11.92,501.9,11.82,495.9,11.7,0.0,0.0,506.4,11.3,0.0,0.0,509.8,11.44,505.4,11.28,495.8,12.09,493.0,11.85,500.8,12.03,0.0,0.0,237.82,5.63,240.2,5.58,237.67,5.64,1.0,50.12
2026-10-08T08:25:02.049903+00:00,51.4,30.06,21.34,0.0,99.7,0.0,755.0,23.6,18.2,0.0,124.81,2557.27,68111.61,74952.54,0.0,0.0,0.0,16.98,16.78,17.26,26.34,35.6,29.98,48.64,491.9,12.05,501.5,11.95,495.1,11.82,0.0,0.0,506.6,11.43,0.0,0.0,510.4,11.56,506.5,11.39,496.5,12.19,492.9,11.96,501.0,12.14,0.0,0.0,238.72,13.94,240.65,13.88,237.68,14.03,1.0,50.15
2026-10-08T08:30:01.589743+00:00,51.8,29.94,21.86,0.0,100.0,0.0,755.0,23.7,18.8,0.0,129.05,2561.51,68115.85,74956.78,0.0,0.0,0.0,17.08,16.9,17.36,26.34,35.6,29.98,48.64,491.1,12.13,500.2,12.04,495.4,11.87,0.0,0.0,506.4,11.48,0.0,0.0,509.4,11.64,505.7,11.46,495.6,12.24,490.0,12.09,500.3,12.17,0.0,0.0,239.83,27.7,240.98,22.14,238.49,21.96,1.0,50.16
2026-10-08T08:35:01.852739+00:00,52.1,34.5,17.6,0.0,100.0,0.0,755.0,23.7,18.8,0.0,133.36,2565.82,68120.16,74961.09,0.0,0.0,0.0,17.17,17.07,17.49,26.34,35.61,29.98,48.64,489.7,12.25,499.9,12.14,494.6,11.98,0.0,0.0,505.9,11.61,0.0,0.0,509.9,11.77,505.4,11.6,495.7,12.35,490.8,12.16,500.4,12.28,0.0,0.0,238.28,28.54,239.73,22.17,237.21,21.92,1.0,49.86
2026-10-08T08:40:01.389082+00:00,52.2,26.24,25.96,0.0,100.0,0.0,755.0,23.7,18.8,0.0,137.68,2570.14,68124.48,74965.41,0.0,0.0,0.0,17.29,17.15,17.54,26.34,35.61,29.99,48.65,488.1,12.33,497.6,12.24,492.6,12.07,0.0,0.0,505.0,11.67,0.0,0.0,507.9,11.87,503.3,11.7,494.0,12.42,488.8,12.26,497.5,12.36,0.0,0.0,238.97,28.55,240.3,22.29,237.36,22.11,1.0,50.05
2026-10-08T08:45:01.400404+00:00,52.9,24.91,27.99,0.0,100.0,0.0,755.0,23.8,19.3,0.0,142.01,2574.47,68128.81,74969.74,0.0,0.0,0.0,17.39,17.27,17.66,26.34,35.61,29.99,48.65,488.7,12.43,497.7,12.33,491.2,12.19,0.0,0.0,504.0,11.78,0.0,0.0,509.2,11.96,504.5,11.79,495.3,12.47,488.9,12.34,499.0,12.41,0.0,0.0,237.89,24.49,240.7,24.31,237.38,24.61,1.0,50.04
2026-10-08T08:50:01.236775+00:00,53.1,36.53,16.57,0.0,100.0,0.0,755.0,23.8,19.3,0.0,146.41,2578.87,68133.21,74974.14,0.0,0.0,0.0,17.55,17.45,17.82,26.34,35.61,29.99,48.65,487.3,12.53,497.1,12.44,491.1,12.29,0.0,0.0,506.3,11.84,0.0,0.0,509.4,12.07,504.0,11.9,495.0,12.57,488.1,12.45,499.8,12.5,0.0,0.0,238.42,26.31,240.63,23.97,237.56,23.81,1.0,50.13
2026-10-08T08:55:01.861949+00:00,53.4,31.75,21.65,0.0,100.0,0.0,755.0,23.8,19.3,0.0,150.82,2583.28,68137.62,74978.55,0.0,0.0,0.0,17.55,17.59,17.9,26.34,35.61,29.99,48.65,488.4,12.56,498.1,12.5,493.3,12.31,0.0,0.0,507.3,11.91,0.0,0.0,509.7,12.14,505.2,11.98,495.7,12.62,486.8,12.55,500.6,12.55,0.0,0.0,239.26,30.08,240.23,22.11,237.32,21.93,1.0,50.08
2026-10-08T09:00:02.019192+00:00,53.4,33.0,20.4,0.0,100.0,0.0,872.0,23.8,19.8,0.0,155.24,2587.7,68142.04,74982.97,0.0,0.0,0.0,17.7,17.66,17.96,26.34,35.62,29.99,48.66,487.5,12.65,496.9,12.57,490.7,12.42,0.0,0.0,507.6,11.97,0.0,0.0,508.8,12.23,504.9,12.07,494.9,12.69,486.7,12.61,501.3,12.59,0.0,0.0,238.98,30.64,240.2,22.11,237.63,21.91,1.0,50.1
2026-10-08T09:05:01.469885+00:00,53.7,30.28,23.42,0.0,100.0,0.0,872.0,23.8,19.8,0.0,159.69,2592.15,68146.49,74987.42,0.0,0.0,0.0,17.74,17.7,17.98,26.34,35.62,29.99,48.66,487.3,12.7,496.7,12.62,490.6,12.47,0.0,0.0,505.8,12.03,0.0,0.0,507.5,12.31,503.8,12.14,494.3,12.72,486.0,12.68,499.7,12.65,0.0,0.0,239.32,30.61,240.34,21.83,238.12,22.29,1.0,50.17
2026-10-08T09:10:01.422222+00:00,54.1,34.49,19.61,0.0,100.0,0.0,872.0,23.8,19.8,0.0,164.14,2596.6,68150.94,74991.87,0.0,0.0,0.0,17.79,17.85,18.06,26.34,35.62,30.0,48.66,486.2,12.77,495.9,12.68,489.7,12.52,0.0,0.0,506.8,12.08,0.0,0.0,505.8,12.39,501.9,12.21,494.2,12.74,487.0,12.7,499.6,12.69,0.0,0.0,238.61,28.15,240.2,23.49,237.75,23.35,1.0,50.16
2026-10-08T09:15:02.030092+00:00,53.9,34.03,19.87,0.0,100.0,0.0,872.0,23.9,20.1,0.0,168.65,2601.11,68155.45,74996.38,0.0,0.0,0.0,17.88,17.98,18.16,26.34,35.62,30.0,48.67,485.9,12.83,496.0,12.76,490.3,12.57,0.0,0.0,509.2,12.14,0.0,0.0,509.7,12.45,504.3,12.29,496.7,12.78,485.3,12.8,501.7,12.74,0.0,0.0,238.26,27.97,239.72,23.54,237.56,24.04,1.0,50.13
2026-10-08T09:20:01.378722+00:00,54.1,37.01,17.09,0.0,100.0,0.0,872.0,23.9,20.1,0.0,173.15,2605.61,68159.95,75000.88,0.0,0.0,0.0,17.84,17.99,18.14,26.34,35.63,30.0,48.67,484.2,12.88,494.1,12.8,487.8,12.63,0.0,0.0,506.8,12.2,0.0,0.0,509.1,12.52,504.7,12.33,496.4,12.82,484.3,12.83,501.9,12.75,0.0,0.0,239.31,30.78,240.24,22.25,237.55,22.19,1.0,50.17
2026-10-08T09:25:01.409651+00:00,54.0,32.35,21.65,0.0,100.0,0.0,872.0,23.9,20.1,0.0,177.63,2610.09,68164.43,75005.36,0.0,0.0,0.0,17.95,17.95,18.12,26.35,35.63,30.0,48.67,485.3,12.92,493.6,12.86,489.2,12.67,0.0,0.0,503.8,12.25,0.0,0.0,505.3,12.58,502.3,12.4,494.2,12.83,484.9,12.89,498.2,12.79,0.0,0.0,239.33,31.14,240.09,22.37,237.75,22.17,1.0,50.21
2026-10-08T09:30:01.533925+00:00,54.1,37.7,16.4,0.0,100.0,0.0,872.0,23.9,20.4,0.0,182.15,2614.61,68168.95,75009.88,0.0,0.0,0.0,17.95,17.99,18.15,26.35,35.63,30.0,48.67,485.1,12.93,496.2,12.84,489.5,12.7,0.0,0.0,503.7,12.26,0.0,0.0,504.6,12.6,499.5,12.45,491.6,12.86,486.4,12.88,497.5,12.8,0.0,0.0,238.59,31.71,239.84,22.18,237.02,21.92,1.0,49.96
2026-10-08T09:35:01.600085+00:00,54.0,31.6,22.4,0.0,100.0,0.0,872.0,23.9,20.4,0.0,186.66,2619.12,68173.46,75014.39,0.0,0.0,0.0,17.97,18.03,18.13,26.35,35.63,30.01,48.68,484.3,12.98,494.6,12.91,488.9,12.74,0.0,0.0,502.0,12.29,0.0,0.0,501.8,12.68,499.2,12.48,490.8,12.87,486.0,12.91,495.3,12.83,0.0,0.0,238.87,31.14,239.99,22.52,237.24,22.18,1.0,50.11
2026-10-08T09:40:01.578211+00:00,53.8,35.41,18.39,0.0,100.0,0.0,872.0,23.9,20.4,0.0,191.14,2623.6,68177.94,75018.87,0.0,0.0,0.0,17.91,17.96,18.1,26.35,35.63,30.01,48.68,483.5,12.95,492.8,12.89,487.2,12.73,0.0,0.0,502.6,12.29,0.0,0.0,504.6,12.64,499.7,12.48,491.8,12.83,485.3,12.88,496.6,12.79,0.0,0.0,238.57,29.33,239.88,23.37,237.3,23.06,1.0,50.13
2026-10-08T09:45:01.843277+00:00,53.7,31.31,22.39,0.0,100.0,0.0,872.0,23.9,20.6,0.0,195.66,2628.12,68182.46,75023.39,0.0,0.0,0.0,17.91,17.91,18.03,26.35,35.64,30.01,48.68,482.2,13.0,492.4,12.93,487.7,12.74,0.0,0.0,500.7,12.33,0.0,0.0,501.8,12.68,496.0,12.52,489.6,12.84,484.2,12.94,495.7,12.8,0.0,0.0,238.52,30.91,239.76,22.17,237.37,22.7,1.0,50.06
2026-10-08T09:50:01.592043+00:00,54.0,31.94,22.06,0.0,100.0,0.0,872.0,23.9,20.6,0.0,200.13,2632.59,68186.93,75027.86,0.0,0.0,0.0,17.88,17.88,17.94,26.35,35.64,30.01,48.69,482.3,13.0,493.2,12.91,486.4,12.77,0.0,0.0,499.2,12.31,0.0,0.0,500.1,12.69,495.4,12.57,488.6,12.82,483.4,12.96,494.9,12.75,0.0,0.0,238.66,31.44,239.98,22.11,237.19,21.91,1.0,50.15
2026-10-08T09:55:01.318851+00:00,53.8,38.18,15.62,0.0,100.0,0.0,872.0,23.9,20.6,0.0,204.65,2637.11,68191.45,75032.38,0.0,0.0,0.0,18.14,17.87,17.97,26.35,35.64,30.01,48.69,484.6,13.02,495.3,12.93,489.4,12.78,0.0,0.0,494.3,12.33,0.0,0.0,497.3,12.72,497.9,12.55,487.1,12.79,488.3,12.91,489.0,12.78,0.0,0.0,238.66,28.26,239.88,24.02,237.3,24.37,1.0,50.14
2026-10-08T10:00:01.352825+00:00,53.8,35.17,18.63,0.0,100.0,0.0,924.0,24.0,20.6,0.0,209.15,2641.61,68195.95,75036.88,0.0,0.0,0.0,18.08,17.87,17.9,26.35,35.64,30.01,48.69,488.2,13.0,498.6,12.9,493.0,12.75,0.0,0.0,494.2,12.32,0.0,0.0,496.4,12.72,498.0,12.56,485.8,12.78,489.8,12.95,488.6,12.74,0.0,0.0,239.02,32.32,239.54,22.15,236.86,21.88,1.0,50.15
2026-10-08T10:05:01.524687+00:00,53.9,32.01,21.89,0.0,100.0,0.0,924.0,24.0,20.6,0.0,213.62,2646.08,68200.42,75041.35,0.0,0.0,0.0,18.01,17.89,17.9,26.35,35.64,30.02,48.69,486.3,12.98,497.0,12.88,491.7,12.72,0.0,0.0,497.7,12.28,0.0,0.0,495.2,12.77,495.9,12.57,486.1,12.75,487.9,12.93,489.8,12.71,0.0,0.0,238.62,32.07,239.74,22.13,236.66,21.89,1.0,50.07
2026-10-08T10:10:01.833412+00:00,53.6,32.02,21.58,0.0,100.0,0.0,924.0,24.0,20.6,0.0,218.13,2650.59,68204.93,75045.86,0.0,0.0,0.0,18.04,17.94,17.96,26.35,35.65,30.02,48.7,487.3,12.93,496.6,12.86,491.8,12.69,0.0,0.0,500.6,12.24,0.0,0.0,498.7,12.71,496.8,12.53,487.0,12.72,487.8,12.91,493.5,12.63,0.0,0.0,238.89,30.09,240.47,22.15,237.67,23.8,1.0,50.18
2026-10-08T10:15:01.206985+00:00,53.3,36.51,16.79,0.0,100.0,0.0,924.0,24.0,20.6,0.0,222.6,2655.06,68209.4,75050.33,0.0,0.0,0.0,17.91,17.89,17.82,26.35,35.65,30.02,48.7,486.4,12.92,497.1,12.82,491.5,12.66,0.0,0.0,498.7,12.26,0.0,0.0,498.5,12.73,496.2,12.56,487.3,12.69,487.9,12.89,493.6,12.6,0.0,0.0,239.41,31.67,240.33,22.1,237.64,21.71,1.0,50.17
2026-10-08T10:20:01.604156+00:00,53.3,30.51,22.79,0.0,100.0,0.0,924.0,24.0,20.6,0.0,227.04,2659.5,68213.84,75054.77,0.0,0.0,0.0,17.92,17.74,17.68,26.35,35.65,30.02,48.7,486.6,12.87,495.8,12.8,491.8,12.6,0.0,0.0,498.6,12.19,0.0,0.0,497.1,12.69,496.5,12.51,487.1,12.59,488.8,12.81,491.4,12.54,0.0,0.0,237.87,31.82,238.82,22.29,236.38,21.83,1.0,50.15
2026-10-08T10:25:02.057496+00:00,53.1,31.83,21.27,0.0,100.0,0.0,924.0,24.0,20.6,0.0,231.48,2663.94,68218.28,75059.21,0.0,0.0,0.0,17.82,17.8,17.65,26.35,35.65,30.02,48.71,487.4,12.76,496.7,12.7,491.5,12.54,0.0,0.0,497.8,12.13,0.0,0.0,497.1,12.63,498.3,12.43,486.6,12.52,487.6,12.77,491.4,12.45,0.0,0.0,236.93,27.9,238.75,24.08,236.22,23.73,1.0,50.11
2026-10-08T10:30:01.951332+00:00,53.1,36.19,16.91,0.0,100.0,1.0,924.0,24.0,20.4,0.0,235.89,2668.35,68222.69,75063.62,0.0,0.0,0.0,17.78,17.74,17.6,26.35,35.66,30.03,48.71,486.0,12.75,496.0,12.67,490.4,12.51,0.0,0.0,499.9,12.07,0.0,0.0,497.8,12.62,497.6,12.44,487.8,12.46,487.7,12.71,492.3,12.41,0.0,0.0,236.6,30.0,237.94,23.01,235.47,22.71,1.0,49.86
2026-10-08T10:35:02.150637+00:00,52.6,30.3,22.3,0.0,100.0,1.0,924.0,24.0,20.4,0.0,240.32,2672.78,68227.12,75068.05,0.0,0.0,0.0,17.74,17.69,17.54,26.35,0.0,0.0,0.0,487.5,12.71,497.1,12.65,492.5,12.46,0.0,0.0,500.1,12.02,0.0,0.0,499.5,12.56,498.7,12.4,487.6,12.42,488.8,12.68,491.6,12.38,0.0,0.0,237.57,29.76,238.72,22.96,236.22,22.61,1.0,50.04
2026-10-08T10:40:01.461275+00:00,52.3,35.19,17.11,0.0,100.0,1.0,924.0,24.0,20.4,0.0,244.72,2677.18,68231.52,75072.45,0.0,0.0,0.0,17.6,17.59,17.42,26.35,35.66,30.03,48.72,486.2,12.7,497.7,12.58,491.4,12.45,0.0,0.0,499.6,12.03,0.0,0.0,497.8,12.57,495.2,12.41,488.6,12.34,487.8,12.66,492.4,12.32,0.0,0.0,236.97,30.24,238.04,22.46,235.51,22.16,1.0,49.9
2026-10-08T10:45:01.383038+00:00,51.9,31.66,20.24,0.0,100.0,2.0,924.0,24.0,20.1,0.0,249.07,2681.53,68235.87,75076.8,0.0,0.0,0.0,17.43,17.57,17.36,26.35,35.66,30.03,48.72,486.8,12.6,497.0,12.52,491.3,12.36,0.0,0.0,501.6,11.93,0.0,0.0,497.5,12.54,495.7,12.33,487.8,12.3,488.1,12.56,492.0,12.27,0.0,0.0,238.38,29.89,239.37,22.13,236.88,21.79,1.0,49.96
2026-10-08T10:50:02.026357+00:00,51.6,32.82,18.78,0.0,100.0,2.0,924.0,24.0,20.1,0.0,253.43,2685.89,68240.23,75081.16,0.0,0.0,0.0,17.29,17.5,17.24,26.36,35.66,30.03,48.72,484.9,12.5,494.9,12.43,488.8,12.27,0.0,0.0,502.3,11.86,0.0,0.0,500.8,12.45,496.0,12.28,490.9,12.16,483.5,12.51,494.4,12.15,0.0,0.0,238.23,28.97,239.41,22.13,237.05,21.82,1.0,50.04
2026-10-08T10:55:01.327936+00:00,51.3,33.36,17.94,0.0,100.0,2.0,924.0,24.0,20.1,0.0,257.74,2690.2,68244.54,75085.47,0.0,0.0,0.0,17.22,17.29,17.07,26.36,35.67,30.03,48.72,482.9,12.44,492.9,12.38,487.0,12.21,0.0,0.0,499.4,11.83,0.0,0.0,501.1,12.36,495.3,12.21,490.6,12.08,483.7,12.42,495.0,12.05,0.0,0.0,238.4,28.86,240.39,22.06,236.86,21.8,1.0,50.15
2026-10-08T11:00:02.050712+00:00,50.7,36.7,14.0,0.0,100.0,2.0,901.0,24.1,19.8,0.0,262.01,2694.47,68248.81,75089.74,0.0,0.0,0.0,17.15,17.13,16.88,26.36,35.67,30.04,48.73,485.3,12.35,496.0,12.27,490.1,12.1,0.0,0.0,497.5,11.74,0.0,0.0,498.8,12.3,495.2,12.14,489.4,11.97,487.1,12.3,493.2,11.94,0.0,0.0,238.87,27.76,240.41,22.48,237.56,22.05,1.0,50.18
2026-10-08T11:05:01.389202+00:00,50.6,30.56,20.04,0.0,100.0,2.0,901.0,24.1,19.8,0.0,266.26,2698.72,68253.06,75093.99,0.0,0.0,0.0,17.0,16.99,16.73,26.36,35.67,30.04,48.73,487.0,12.24,497.3,12.16,491.9,11.98,0.0,0.0,496.9,11.62,0.0,0.0,498.4,12.19,496.3,12.02,486.5,11.9,487.5,12.22,492.1,11.81,0.0,0.0,238.84,27.95,240.27,22.08,237.54,21.73,1.0,50.2
2026-10-08T11:10:02.112817+00:00,49.9,31.99,17.91,0.0,100.0,2.0,901.0,24.1,19.8,0.0,270.46,2702.92,68257.26,75098.19,0.0,0.0,0.0,16.88,17.03,16.67,26.36,35.67,30.04,48.73,486.8,12.15,497.7,12.04,492.1,11.9,0.0,0.0,497.8,11.54,0.0,0.0,500.5,12.11,497.4,11.94,490.1,11.73,489.5,12.07,493.2,11.7,0.0,0.0,237.08,27.63,238.8,22.19,236.13,21.87,1.0,50.12
2026-10-08T11:15:01.337487+00:00,49.5,19.19,30.31,0.0,100.0,2.0,901.0,24.1,19.2,0.0,274.67,2707.13,68261.47,75102.4,0.0,0.0,0.0,16.73,16.82,16.47,26.36,35.67,30.04,48.73,486.4,12.05,494.8,11.97,490.7,11.79,0.0,0.0,500.6,11.42,0.0,0.0,503.8,12.01,500.7,11.85,490.4,11.66,488.3,11.98,495.7,11.57,0.0,0.0,236.55,23.7,239.03,23.54,235.87,23.82,1.0,50.04
2026-10-08T11:20:01.338768+00:00,48.6,28.86,19.74,0.0,100.0,2.0,901.0,24.1,19.2,0.0,278.8,2711.26,68265.6,75106.53,0.0,0.0,0.0,16.61,16.53,16.21,26.36,35.68,30.04,48.74,487.0,11.93,497.9,11.82,492.3,11.67,0.0,0.0,497.3,11.27,0.0,0.0,497.0,11.93,496.8,11.76,488.8,11.48,489.8,11.85,491.4,11.44,0.0,0.0,235.66,23.59,238.83,23.36,235.99,23.6,1.0,50.01
2026-10-08T11:25:01.331401+00:00,48.8,27.2,21.6,0.0,100.0,2.0,901.0,24.1,19.2,0.0,282.87,2715.33,68269.67,75110.6,0.0,0.0,0.0,16.2,16.46,15.97,26.36,35.68,30.04,48.74,487.5,11.78,497.4,11.68,490.1,11.56,0.0,0.0,499.7,11.14,0.0,0.0,497.9,11.83,497.2,11.64,489.1,11.34,491.0,11.67,492.3,11.31,0.0,0.0,236.93,24.78,239.0,22.22,236.28,21.85,1.0,50.16
2026-10-08T11:30:01.213552+00:00,48.4,30.16,18.24,0.0,100.0,2.0,901.0,24.2,18.5,0.0,286.95,2719.41,68273.75,75114.68,0.0,0.0,0.0,16.25,16.46,16.01,26.36,35.68,30.05,48.74,488.9,11.63,498.2,11.55,492.5,11.39,0.0,0.0,500.0,11.11,0.0,0.0,505.0,11.68,500.2,11.53,494.1,11.19,490.4,11.57,497.5,11.15,0.0,0.0,236.09,23.08,238.87,22.89,236.09,23.13,1.0,50.15
2026-10-08T11:35:01.485700+00:00,47.5,24.78,22.72,0.0,100.0,2.0,901.0,24.2,18.5,0.0,290.98,2723.44,68277.78,75118.71,0.0,0.0,0.0,16.06,16.32,15.83,26.36,35.68,30.05,48.75,487.9,11.53,502.3,11.36,493.7,11.26,0.0,0.0,502.2,10.95,0.0,0.0,508.5,11.54,501.7,11.41,498.0,11.0,490.7,11.45,502.2,10.94,0.0,0.0,236.14,24.17,238.37,22.32,235.84,21.95,1.0,50.1
2026-10-08T11:40:01.881719+00:00,47.2,22.91,24.29,0.0,100.0,2.0,901.0,24.2,18.5,0.0,294.95,2727.41,68281.75,75122.68,0.0,0.0,0.0,15.82,16.13,15.59,26.36,35.68,30.05,48.75,490.4,11.36,500.4,11.26,493.8,11.12,0.0,0.0,502.6,10.84,0.0,0.0,507.6,11.46,504.5,11.26,496.5,10.9,491.2,11.31,501.4,10.85,0.0,0.0,235.52,22.48,238.29,22.3,235.28,22.55,1.0,50.15
2026-10-08T11:45:01.788499+00:00,46.3,21.98,24.32,0.0,100.0,2.0,901.0,24.2,17.7,0.0,298.9,2731.36,68285.7,75126.63,0.0,0.0,0.0,15.69,15.95,15.45,26.36,35.69,30.05,48.75,489.7,11.23,501.3,11.11,492.8,11.03,0.0,0.0,502.6,10.71,0.0,0.0,507.4,11.35,502.5,11.18,496.4,10.77,492.1,11.16,500.6,10.71,0.0,0.0,239.41,21.98,242.43,21.77,239.19,22.04,1.0,50.04
2026-10-08T11:50:01.540266+00:00,45.9,24.18,21.72,0.0,100.0,2.0,901.0,24.2,17.7,0.0,302.77,2735.23,68289.57,75130.5,0.0,0.0,0.0,15.39,15.73,15.13,26.36,35.69,30.05,48.75,489.4,11.1,499.7,10.99,492.5,10.87,0.0,0.0,503.2,10.55,0.0,0.0,505.9,11.2,503.4,11.0,496.3,10.59,491.4,11.03,500.3,10.54,0.0,0.0,238.98,21.63,241.73,21.46,238.49,21.72,1.0,49.84
2026-10-08T11:55:01.598499+00:00,45.4,23.16,22.24,0.0,100.0,2.0,901.0,24.2,17.7,0.0,306.57,2739.03,68293.37,75134.3,0.0,0.0,0.0,15.28,15.6,14.98,26.36,35.69,30.05,48.76,494.3,10.81,501.5,10.76,495.5,10.61,0.0,0.0,503.9,10.27,0.0,0.0,509.0,10.78,503.3,10.71,494.5,10.24,494.1,10.77,500.7,10.2,0.0,0.0,242.49,21.15,245.23,20.99,241.82,21.26,1.0,49.84
2026-10-08T12:00:01.652725+00:00,44.9,22.02,22.88,0.0,100.0,2.0,804.0,24.3,17.0,0.0,310.33,2742.79,68297.13,75138.06,0.0,0.0,0.0,15.19,15.4,14.76,26.36,35.69,30.06,48.76,499.5,10.63,506.4,10.61,497.3,10.49,0.0,0.0,505.2,10.07,0.0,0.0,510.0,10.73,508.2,10.6,498.6,10.09,496.4,10.65,500.7,10.08,0.0,0.0,242.75,21.02,245.27,20.88,242.37,21.09,1.0,49.87
2026-10-08T12:05:02.010999+00:00,44.0,20.66,23.34,0.0,100.0,2.0,804.0,24.3,17.0,0.0,314.06,2746.52,68300.86,75141.79,0.0,0.0,0.0,14.97,15.23,14.56,26.36,35.69,30.06,48.76,499.0,10.55,508.7,10.46,502.1,10.3,0.0,0.0,507.4,10.07,0.0,0.0,511.5,10.74,510.8,10.53,500.6,10.05,496.2,10.54,506.3,9.98,0.0,0.0,243.01,20.69,246.1,20.5,242.82,20.74,1.0,50.05
2026-10-08T12:10:01.909505+00:00,43.1,20.93,22.17,0.0,100.0,2.0,804.0,24.3,17.0,0.0,317.73,2750.19,68304.53,75145.46,0.0,0.0,0.0,14.67,15.05,14.3,26.36,35.69,30.06,48.76,498.0,10.34,510.5,10.21,501.5,10.12,0.0,0.0,507.2,9.85,0.0,0.0,513.6,10.49,509.9,10.36,501.3,9.8,498.7,10.28,504.2,9.78,0.0,0.0,242.8,20.28,245.35,20.13,242.68,20.33,1.0,49.86
2026-10-08T12:15:01.350217+00:00,42.3,23.67,18.63,0.0,100.0,7.0,804.0,24.3,16.4,0.0,0.0,0.0,0.0,0.0,0.0,0.0,0.0,14.41,14.7,14.02,26.37,0.0,0.0,0.0,501.8,10.19,510.3,10.11,500.4,10.04,0.0,0.0,507.4,9.76,0.0,0.0,512.6,10.42,510.1,10.28,502.4,9.68,499.3,10.17,507.1,9.61,0.0,0.0,242.42,19.95,245.29,19.78,242.06,20.02,1.0,49.84
2026-10-08T12:20:01.831478+00:00,41.7,22.48,19.22,0.0,100.0,7.0,801.0,24.3,16.4,0.0,324.94,2757.4,68311.74,75152.67,0.0,0.0,0.0,14.12,14.54,13.8,26.37,35.7,30.06,48.77,500.3,10.02,509.9,9.91,502.4,9.79,0.0,0.0,506.4,9.59,0.0,0.0,511.9,10.24,509.5,10.1,501.5,9.5,499.7,9.97,504.0,9.47,0.0,0.0,243.21,19.45,245.95,19.29,242.81,19.51,1.0,49.95
2026-10-08T12:25:02.046569+00:00,40.5,17.45,23.05,0.0,100.0,7.0,801.0,24.5,17.0,0.0,328.45,2760.91,68315.25,75156.18,0.0,0.0,0.0,13.86,14.19,13.5,26.37,35.7,30.06,48.77,499.3,9.87,510.7,9.76,501.5,9.68,0.0,0.0,505.5,9.46,0.0,0.0,512.6,10.1,510.1,9.96,504.6,9.28,499.4,9.83,506.1,9.27,0.0,0.0,240.59,19.26,243.29,19.11,240.38,19.32,1.0,50.02
2026-10-08T12:30:01.453464+00:00,39.4,15.36,24.04,0.0,100.0,8.0,801.0,24.6,16.1,0.0,0.0,0.0,0.0,0.0,0.0,0.0,0.0,13.46,13.9,13.12,26.37,0.0,0.0,0.0,501.0,9.59,511.7,9.48,504.1,9.38,0.0,0.0,506.1,9.19,0.0,0.0,514.7,9.81,510.6,9.69,502.4,9.04,502.7,9.52,505.2,9.0,0.0,0.0,240.93,18.74,243.13,18.63,240.13,18.84,1.0,50.05
2026-10-08T12:35:01.870476+00:00,38.8,19.48,19.32,0.0,100.0,8.0,801.0,24.6,16.1,0.0,335.21,2767.67,68322.01,75162.94,0.0,0.0,0.0,13.22,13.56,12.73,26.37,35.7,30.07,48.77,502.9,9.39,512.8,9.31,503.8,9.24,0.0,0.0,508.0,8.99,0.0,0.0,514.6,9.65,512.0,9.51,504.2,8.83,503.5,9.35,506.0,8.8,0.0,0.0,238.08,18.66,241.09,18.49,238.28,18.68,1.0,50.16
2026-10-08T12:40:01.457647+00:00,38.2,12.37,25.83,0.0,100.0,8.0,801.0,24.6,16.1,0.0,338.47,2770.93,68325.27,75166.2,0.0,0.0,0.0,12.95,13.28,12.51,26.37,35.7,30.07,48.78,505.0,9.11,513.2,9.05,503.4,9.0,0.0,0.0,509.4,8.72,0.0,0.0,514.6,9.4,512.9,9.26,504.6,8.56,504.2,9.09,505.6,8.55,0.0,0.0,239.22,18.19,241.81,18.05,239.22,18.22,1.0,50.11
2026-10-08T12:45:01.322568+00:00,37.6,21.38,16.22,0.0,100.0,8.0,801.0,24.7,15.3,0.0,341.66,2774.12,68328.46,75169.39,0.0,0.0,0.0,12.79,13.08,12.25,26.37,35.71,30.07,48.78,506.7,8.91,515.3,8.85,505.6,8.78,0.0,0.0,509.6,8.58,0.0,0.0,514.3,9.23,513.1,9.09,506.1,8.35,505.4,8.9,507.7,8.35,0.0,0.0,239.48,17.91,241.97,17.78,239.16,17.97,1.0,50.16
2026-10-08T12:50:01.481004+00:00,11.7,-8.98,20.68,0.0,100.0,8.0,801.0,24.7,15.3,0.0,344.8,2777.26,68331.6,75172.53,0.0,0.0,0.0,12.57,12.85,12.05,26.37,35.71,30.07,48.78,507.3,8.76,513.9,8.73,505.2,8.66,0.0,0.0,508.6,8.46,0.0,0.0,512.1,9.11,511.8,8.96,503.5,8.23,508.0,8.72,506.7,8.19,0.0,0.0,239.75,17.61,242.7,17.46,239.34,17.68,1.0,50.16
2026-10-08T12:55:01.637056+00:00,35.0,12.36,22.64,0.0,100.0,8.0,801.0,24.7,15.3,0.0,347.78,2780.24,68334.58,75175.51,0.0,0.0,0.0,3.76,11.3,4.23,26.37,35.71,30.07,48.78,506.3,8.45,515.3,8.37,507.8,8.3,0.0,0.0,512.4,7.94,0.0,0.0,513.1,8.6,511.3,8.48,504.0,7.78,507.5,8.39,511.1,7.7,0.0,0.0,239.72,6.05,242.27,6.01,239.08,6.07,1.0,50.15
2026-10-08T13:00:02.134560+00:00,34.3,13.69,20.61,0.0,100.0,8.0,654.0,24.7,14.6,0.0,350.61,2783.07,68337.41,75178.34,0.0,0.0,0.0,11.73,12.1,11.2,26.37,35.71,30.07,48.78,509.0,7.72,518.9,7.65,510.5,7.58,0.0,0.0,511.9,7.65,0.0,0.0,517.0,8.22,512.3,8.1,503.9,7.43,509.9,7.74,511.9,7.35,0.0,0.0,237.26,16.61,239.41,16.52,236.77,16.68,1.0,50.04
2026-10-08T13:05:01.547271+00:00,33.2,15.35,17.85,0.0,100.0,8.0,654.0,24.7,14.6,0.0,353.49,2785.95,68340.29,75181.22,0.0,0.0,0.0,11.5,11.82,10.94,26.37,35.71,30.07,48.79,507.1,8.04,516.4,7.93,511.7,7.83,0.0,0.0,512.2,7.75,0.0,0.0,518.2,8.41,516.8,8.27,508.1,7.47,511.1,7.94,511.5,7.44,0.0,0.0,237.32,16.29,239.94,16.16,236.95,16.34,1.0,50.14
2026-10-08T13:10:01.232086+00:00,32.5,7.85,24.65,0.0,100.0,8.0,654.0,24.7,14.6,0.0,356.28,2788.74,68343.08,75184.01,0.0,0.0,0.0,11.1,11.57,10.59,26.37,35.71,30.07,48.79,510.9,7.73,517.4,7.69,512.6,7.59,0.0,0.0,514.4,7.51,0.0,0.0,522.0,8.14,520.3,8.0,510.2,7.21,510.4,7.71,511.4,7.21,0.0,0.0,236.23,15.82,239.04,15.68,236.28,15.84,1.0,50.08
2026-10-08T13:15:01.468327+00:00,30.7,9.15,21.55,0.0,100.0,9.0,654.0,24.7,13.9,0.0,359.0,2791.46,68345.8,75186.73,0.0,0.0,0.0,10.88,11.29,10.3,26.37,35.71,30.07,48.79,509.5,7.52,519.7,7.43,513.9,7.36,0.0,0.0,512.7,7.3,0.0,0.0,522.0,7.91,517.8,7.81,507.5,6.99,510.9,7.47,513.9,6.93,0.0,0.0,235.82,23.01,236.91,11.71,234.25,11.83,1.0,49.95
2026-10-08T13:20:01.256402+00:00,29.5,5.78,23.72,0.0,100.0,9.0,654.0,24.7,13.9,0.0,361.62,2794.08,68348.42,75189.35,0.0,0.0,0.0,10.24,10.64,9.69,26.37,35.71,30.08,48.79,512.2,7.27,519.0,7.25,514.2,7.16,0.0,0.0,516.9,7.01,0.0,0.0,523.6,7.66,519.1,7.57,511.1,6.71,510.5,7.28,515.8,6.67,0.0,0.0,234.29,20.95,235.45,11.57,233.0,11.67,1.0,49.84
2026-10-08T13:25:02.060785+00:00,28.5,8.32,20.18,0.0,100.0,9.0,654.0,24.7,13.9,0.0,364.14,2796.6,68350.94,75191.87,0.0,0.0,0.0,9.9,10.35,9.34,26.37,35.72,30.08,48.79,514.0,6.98,518.9,6.96,513.8,6.88,0.0,0.0,515.3,6.77,0.0,0.0,524.4,7.38,518.9,7.31,513.1,6.4,514.6,6.94,515.6,6.39,0.0,0.0,236.71,24.24,237.15,8.98,234.71,9.06,1.0,50.14
2026-10-08T13:30:01.972388+00:00,27.5,3.22,24.28,0.0,100.0,10.0,654.0,24.7,13.3,0.0,366.56,2799.02,68353.36,75194.29,0.0,0.0,0.0,9.51,10.11,9.05,26.37,35.72,30.08,48.79,515.9,6.73,522.1,6.7,514.3,6.65,0.0,0.0,517.7,6.51,0.0,0.0,524.3,7.13,522.1,7.03,513.3,6.15,516.1,6.7,517.8,6.12,0.0,0.0,234.68,18.85,236.6,10.88,233.86,10.99,0.999,49.91
2026-10-08T13:35:01.879103+00:00,26.2,-1.2,27.4,0.0,100.0,10.0,654.0,24.7,13.3,0.0,368.91,2801.37,68355.71,75196.64,0.0,0.0,0.0,9.18,9.66,8.63,26.37,35.72,30.08,48.8,515.1,6.51,520.9,6.49,515.2,6.42,0.0,0.0,517.1,6.31,0.0,0.0,525.5,6.91,522.5,6.83,512.3,5.94,514.0,6.5,517.3,5.89,0.0,0.0,238.0,25.45,238.32,6.69,235.69,6.75,1.0,50.1
2026-10-08T13:40:01.149134+00:00,25.3,4.15,21.15,0.0,100.0,10.0,654.0,24.7,13.3,0.0,371.16,2803.62,68357.96,75198.89,0.0,0.0,0.0,8.82,9.18,8.23,26.37,35.72,30.08,48.8,515.3,6.26,521.5,6.24,515.7,6.18,0.0,0.0,518.4,6.04,0.0,0.0,527.7,6.66,524.8,6.58,514.6,5.67,514.4,6.25,519.3,5.63,0.0,0.0,238.16,27.56,238.05,3.99,235.71,5.82,1.0,50.16
2026-10-08T13:45:01.713859+00:00,24.0,0.0,24.0,0.0,100.0,11.0,654.0,24.6,12.6,0.0,373.31,2805.77,68360.11,75201.04,0.0,0.0,0.0,8.47,8.87,7.91,26.37,35.72,30.08,48.8,516.5,5.99,522.1,5.97,517.2,5.9,0.0,0.0,514.7,5.76,0.0,0.0,528.9,6.39,523.4,6.34,516.4,5.38,516.4,5.97,519.8,5.36,0.0,0.0,235.23,22.91,236.08,6.68,233.42,6.75,0.999,49.87
2026-10-08T13:50:01.953146+00:00,22.7,1.49,21.21,0.0,100.0,11.0,654.0,24.6,12.6,0.0,375.36,2807.82,68362.16,75203.09,0.0,0.0,0.0,8.04,8.38,7.48,26.37,35.72,30.08,48.8,518.5,5.71,523.7,5.71,516.1,5.66,0.0,0.0,506.2,5.53,0.0,0.0,528.9,6.16,523.7,6.1,519.7,5.11,517.4,5.72,522.7,5.09,0.0,0.0,236.25,24.38,236.58,5.07,234.3,4.96,0.999,50.15
2026-10-08T13:55:01.934820+00:00,21.5,-3.39,24.89,0.0,100.0,11.0,654.0,24.6,12.6,0.0,377.32,2809.78,68364.12,75205.05,0.0,0.0,0.0,7.63,7.97,7.11,26.37,35.72,30.08,48.8,512.1,5.45,523.2,5.48,519.4,5.39,0.0,0.0,493.4,5.27,0.0,0.0,528.4,5.93,523.4,5.88,519.7,4.86,516.8,5.48,521.6,4.86,0.0,0.0,235.59,19.51,236.98,6.59,234.47,6.65,1.0,50.04
2026-10-08T14:00:01.836353+00:00,20.1,-1.95,22.05,0.0,100.0,11.0,467.0,24.5,11.8,0.0,379.15,2811.61,68365.95,75206.88,0.0,0.0,0.0,7.15,7.54,6.75,26.37,35.72,30.08,48.8,502.1,5.11,525.3,5.18,518.8,5.14,0.0,0.0,477.5,4.99,0.0,0.0,529.4,5.64,524.7,5.59,518.4,4.58,516.0,5.21,522.5,4.56,0.0,0.0,236.51,23.0,237.04,3.89,234.47,3.65,0.999,50.15
2026-10-08T14:05:01.757520+00:00,18.8,-9.61,28.41,0.0,100.0,11.0,467.0,24.5,11.8,0.0,380.88,2813.34,68367.68,75208.61,0.0,0.0,0.0,6.64,7.04,6.32,26.37,35.72,30.08,48.8,477.0,4.88,525.9,4.93,518.8,4.88,0.0,0.0,461.3,4.74,0.0,0.0,531.5,5.37,524.3,5.36,518.8,4.31,518.7,4.93,524.0,4.3,0.0,0.0,235.8,18.62,236.59,5.21,234.21,4.76,0.999,49.97
2026-10-08T14:10:01.781532+00:00,17.7,-16.62,34.32,0.0,100.0,11.0,467.0,24.5,11.8,0.0,382.49,2814.95,68369.29,75210.22,0.0,0.0,0.0,6.14,6.64,5.92,26.37,35.72,30.08,48.8,457.5,4.57,525.0,4.63,519.2,4.59,0.0,0.0,446.3,4.49,0.0,0.0,531.2,5.09,526.6,5.05,521.6,4.01,518.1,4.64,524.6,4.02,0.0,0.0,233.68,14.39,236.25,6.41,233.18,5.78,1.0,49.85
2026-10-08T14:15:01.523047+00:00,16.0,-1.49,17.49,0.0,100.0,10.0,467.0,24.4,10.8,0.0,384.01,2816.47,68370.81,75211.74,0.0,0.0,0.0,5.77,6.25,5.54,26.38,35.73,30.08,48.81,435.3,4.33,524.8,4.37,519.7,4.33,0.0,0.0,435.5,4.29,0.0,0.0,531.8,4.82,525.1,4.8,520.8,3.77,516.6,4.39,526.8,3.74,0.0,0.0,233.6,11.25,236.43,5.97,233.65,7.77,0.997,49.89
2026-10-08T14:20:01.656153+00:00,15.0,-10.12,25.12,0.0,100.0,10.0,467.0,24.4,10.8,0.0,385.4,2817.86,68372.2,75213.13,0.0,0.0,0.0,5.16,5.83,5.04,26.38,35.73,30.09,48.81,412.9,4.03,525.3,4.11,519.0,4.08,0.0,0.0,430.1,4.05,0.0,0.0,530.4,4.54,527.5,4.51,518.1,3.49,516.0,4.13,525.0,3.43,0.0,0.0,236.38,17.75,236.73,1.37,233.94,3.15,0.999,49.95
2026-10-08T14:25:01.993239+00:00,13.6,-8.26,21.86,0.0,100.0,10.0,467.0,24.4,10.8,0.0,386.68,2819.14,68373.48,75214.41,0.0,0.0,0.0,4.78,5.5,4.67,26.38,35.73,30.09,48.81,388.2,3.74,526.6,3.84,517.9,3.82,0.0,0.0,429.9,3.77,0.0,0.0,529.9,4.27,525.5,4.26,523.0,3.14,515.2,3.87,524.3,3.12,0.0,0.0,234.81,12.94,237.28,2.75,234.55,4.83,0.998,49.94
2026-10-08T14:30:01.839784+00:00,11.9,-12.24,24.14,0.0,100.0,8.0,467.0,24.2,9.7,0.0,387.86,2820.32,68374.66,75215.59,0.0,0.0,0.0,4.33,5.05,4.15,26.38,35.73,30.09,48.81,369.4,3.47,525.4,3.56,518.3,3.52,0.0,0.0,428.1,3.48,0.0,0.0,531.8,3.98,525.4,3.98,524.8,2.82,516.5,3.55,521.7,2.82,0.0,0.0,235.49,10.94,237.26,2.81,234.05,4.86,0.999,49.97
2026-10-08T14:35:02.067090+00:00,10.6,-11.74,22.34,0.0,100.0,8.0,467.0,24.2,9.7,0.0,388.92,2821.38,68375.72,75216.65,0.0,0.0,0.0,3.91,4.66,3.32,26.38,35.73,30.09,48.81,352.0,3.25,524.2,3.26,518.7,3.22,0.0,0.0,429.6,3.2,0.0,0.0,531.4,3.69,528.7,3.66,539.8,2.3,515.3,3.26,505.8,2.45,0.0,0.0,234.77,5.64,238.06,5.58,234.33,5.66,0.999,49.92
2026-10-08T14:40:01.637249+00:00,9.5,-13.42,22.92,0.0,100.0,8.0,467.0,24.2,9.7,0.0,389.84,2822.3,68376.64,75217.57,0.0,0.0,0.0,3.56,4.28,2.71,26.38,35.73,30.09,48.81,342.4,2.99,525.5,2.95,520.8,2.91,0.0,0.0,427.7,2.97,0.0,0.0,532.9,3.37,528.5,3.35,558.2,1.38,517.5,2.96,486.8,1.98,0.0,0.0,235.24,5.12,239.01,5.05,235.43,5.12,0.998,50.03
2026-10-08T14:45:01.326023+00:00,8.3,-13.67,21.97,0.0,100.0,6.0,467.0,24.1,8.4,0.0,390.68,2823.14,68377.48,75218.41,0.0,0.0,0.0,3.21,3.86,2.39,26.38,35.73,30.09,48.81,340.6,2.71,526.6,2.72,518.7,2.71,0.0,0.0,428.2,2.77,0.0,0.0,532.3,3.11,529.1,3.08,564.1,0.96,518.9,2.73,438.0,2.17,0.0,0.0,235.46,8.68,238.59,1.59,235.4,3.62,0.999,50.08
2026-10-08T14:50:01.222787+00:00,7.6,-17.22,24.82,0.0,100.0,6.0,467.0,24.1,8.4,0.0,391.41,2823.87,68378.21,75219.14,0.0,0.0,0.0,2.82,3.47,2.02,26.38,35.73,30.09,48.81,341.4,2.39,522.7,2.49,518.6,2.44,0.0,0.0,426.7,2.49,0.0,0.0,532.6,2.84,528.9,2.82,555.2,0.86,517.1,2.47,419.1,1.87,0.0,0.0,236.35,4.65,239.41,2.76,236.3,4.67,0.996,50.08
2026-10-08T14:55:01.756899+00:00,6.3,-17.8,24.1,0.0,100.0,6.0,467.0,24.1,8.4,0.0,392.07,2824.53,68378.87,75219.8,0.0,0.0,0.0,2.61,3.19,1.74,26.38,35.73,30.09,48.81,340.2,2.2,522.0,2.22,518.5,2.15,0.0,0.0,427.1,2.2,0.0,0.0,532.0,2.61,528.3,2.59,545.9,0.84,515.1,2.18,426.2,1.22,0.0,0.0,234.02,4.3,237.52,2.73,234.87,4.3,0.998,49.97
2026-10-08T15:00:01.235048+00:00,5.5,-17.17,22.67,0.0,100.0,0.0,0.0,0.0,0.0,0.0,392.63,2825.09,68379.43,75220.36,0.0,0.0,0.0,2.16,2.72,1.46,26.38,35.73,30.09,48.81,338.9,1.99,520.1,1.9,516.3,1.86,0.0,0.0,423.9,1.94,0.0,0.0,529.9,2.27,528.5,2.24,537.1,0.82,514.4,1.88,515.6,0.89,0.0,0.0,235.71,3.11,239.3,3.08,235.47,3.12,0.995,50.16
2026-10-08T15:05:01.994393+00:00,4.6,-24.84,29.44,0.0,100.0,5.0,249.0,23.8,6.9,0.0,393.12,2825.58,68379.92,75220.85,0.0,0.0,0.0,1.84,2.35,1.29,26.38,35.73,30.09,48.81,337.4,1.76,520.3,1.7,512.9,1.68,0.0,0.0,424.0,1.76,0.0,0.0,528.3,1.99,528.0,1.95,529.8,0.8,515.5,1.68,528.3,0.81,0.0,0.0,235.43,2.67,239.14,2.64,235.88,2.68,0.985,50.06
2026-10-08T15:10:01.853984+00:00,4.0,-22.76,26.76,0.0,100.0,5.0,249.0,23.8,6.9,0.0,393.55,2826.01,68380.35,75221.28,0.0,0.0,0.0,1.52,2.0,1.09,26.38,35.73,30.09,48.81,334.8,1.44,513.5,1.52,511.0,1.45,0.0,0.0,425.9,1.57,0.0,0.0,528.0,1.78,526.1,1.75,517.6,0.79,515.0,1.46,516.0,0.73,0.0,0.0,235.91,2.22,238.8,2.2,235.6,2.24,0.998,50.1
2026-10-08T15:15:01.640148+00:00,3.2,-19.07,22.27,0.0,100.0,4.0,249.0,23.5,5.3,0.0,393.9,2826.36,68380.7,75221.63,0.0,0.0,0.0,1.27,1.71,0.95,26.38,35.73,30.09,48.81,332.1,1.2,509.5,1.26,510.5,1.16,0.0,0.0,423.5,1.3,0.0,0.0,524.0,1.58,523.1,1.56,505.5,0.74,509.1,1.19,506.6,0.62,0.0,0.0,236.21,1.86,238.9,1.86,235.64,1.88,0.991,50.09
2026-10-08T15:20:01.671387+00:00,2.5,-23.57,26.07,0.0,100.0,4.0,249.0,23.5,5.3,0.0,394.19,2826.65,68380.99,75221.92,0.0,0.0,0.0,0.98,1.38,0.77,26.38,35.73,30.09,48.81,302.4,1.05,509.3,1.03,505.0,1.0,0.0,0.0,420.5,1.04,0.0,0.0,523.5,1.3,517.0,1.28,498.5,0.64,508.2,1.0,497.8,0.54,0.0,0.0,235.82,1.47,238.82,1.46,235.34,1.48,0.966,50.01
2026-10-08T15:25:01.558518+00:00,1.9,-20.32,22.22,0.0,100.0,4.0,249.0,23.5,5.3,0.0,394.43,2826.89,68381.23,75222.16,0.0,0.0,0.0,0.75,1.09,0.63,26.38,35.73,30.09,48.81,337.9,0.84,502.7,0.94,499.1,0.91,0.0,0.0,395.0,0.94,0.0,0.0,520.6,1.07,519.6,1.03,483.6,0.52,501.2,0.92,490.8,0.5,0.0,0.0,235.77,1.18,238.86,1.17,235.58,1.19,0.933,50.06
2026-10-08T15:30:01.164508+00:00,1.4,-23.65,25.05,0.0,100.0,4.0,249.0,23.1,4.8,0.0,394.61,2827.07,68381.41,75222.34,0.0,0.0,0.0,0.56,0.81,0.5,26.38,35.73,30.09,48.81,303.4,0.62,497.6,0.8,498.9,0.73,0.0,0.0,420.0,0.8,0.0,0.0,516.3,0.96,515.0,0.93,476.7,0.43,502.7,0.74,483.9,0.48,0.0,0.0,235.04,0.95,238.26,0.95,234.95,0.96,0.924,49.86
2026-10-08T15:35:01.552967+00:00,0.8,-24.41,25.21,0.0,100.0,4.0,249.0,23.1,4.8,0.0,394.74,2827.2,68381.54,75222.47,0.0,0.0,0.0,0.43,0.54,0.36,26.38,35.73,30.09,48.81,382.7,0.4,497.6,0.56,496.1,0.51,0.0,0.0,415.0,0.56,0.0,0.0,508.2,0.74,504.3,0.74,475.1,0.37,495.8,0.53,484.5,0.47,0.0,0.0,236.2,0.76,238.91,0.76,236.03,0.78,0.764,50.09
2026-10-08T15:40:01.968908+00:00,0.0,-22.93,22.93,0.0,100.0,4.0,249.0,23.1,4.8,0.0,394.83,2827.29,68381.63,75222.56,0.0,0.0,0.0,0.28,0.32,0.24,26.38,35.73,30.09,48.81,447.2,0.36,490.3,0.43,485.5,0.43,0.0,0.0,415.8,0.36,0.0,0.0,494.9,0.49,500.0,0.46,467.7,0.36,487.9,0.42,475.3,0.45,0.0,0.0,235.17,0.61,237.97,0.64,234.7,0.64,0.811,49.85
2026-10-08T15:45:01.564881+00:00,0.0,-26.05,26.05,0.0,100.0,3.0,249.0,22.8,5.8,0.0,394.89,2827.35,68381.69,75222.62,0.0,0.0,0.0,0.15,0.18,0.12,26.38,35.73,30.09,48.81,469.9,0.35,480.8,0.41,474.7,0.42,0.0,0.0,471.7,0.3,0.0,0.0,483.7,0.46,482.8,0.46,467.1,0.36,475.1,0.4,473.6,0.36,0.0,0.0,235.58,0.59,238.35,0.6,234.72,0.61,0.129,49.93
2026-10-08T15:50:02.004455+00:00,0.0,-30.09,30.09,0.0,100.0,3.0,249.0,22.8,5.8,0.0,394.91,2827.37,68381.71,75222.64,0.0,0.0,0.0,0.03,0.06,0.01,26.38,35.73,30.09,48.81,468.4,0.34,464.8,0.33,480.5,0.27,0.0,0.0,472.9,0.31,0.0,0.0,464.6,0.33,464.1,0.37,451.9,0.34,473.1,0.29,459.6,0.22,0.0,0.0,235.85,0.49,238.52,0.51,235.33,0.53,-0.864,50.14
2026-10-08T15:55:01.537464+00:00,0.0,-25.72,25.72,0.0,100.0,3.0,249.0,22.8,5.8,0.0,394.91,2827.37,68381.71,75222.64,0.0,0.0,0.0,0.0,0.0,0.0,26.38,35.73,30.09,48.81,441.6,0.19,463.1,0.14,457.1,0.11,0.0,0.0,458.5,0.27,0.0,0.0,440.4,0.16,465.3,0.14,464.5,0.15,459.4,0.13,457.4,0.13,0.0,0.0,234.33,0.48,238.02,0.51,234.07,0.52,-0.568,50.0
2026-10-08T16:00:01.328228+00:00,0.0,-23.74,23.74,0.0,100.0,3.0,60.0,22.5,7.3,0.0,394.91,2827.37,68381.71,75222.64,0.0,0.0,0.0,0.0,0.0,0.0,26.38,35.73,30.09,48.81,397.3,0.02,452.9,0.07,430.1,0.08,0.0,0.0,460.9,0.07,0.0,0.0,444.6,0.12,462.2,0.09,439.1,0.02,469.2,0.07,431.9,0.13,0.0,0.0,234.94,0.58,237.99,0.61,234.07,0.62,-0.671,50.1
2026-10-08T16:05:01.967879+00:00,0.0,40.02,20.48,-60.5,95.4,3.0,60.0,22.5,7.3,0.0,394.91,2827.37,68381.71,75222.64,0.0,0.0,0.0,0.0,0.0,0.0,28.36,35.73,30.09,48.81,399.5,-0.02,443.9,0.12,444.1,0.14,0.0,0.0,446.7,-0.02,0.0,0.0,430.2,0.16,457.4,0.15,407.7,-0.01,454.5,0.13,418.2,0.16,0.0,0.0,235.09,0.59,237.5,0.59,233.9,0.62,1.0,50.15
2026-10-08T16:10:01.888587+00:00,0.0,32.79,29.71,-62.5,90.8,3.0,60.0,22.5,7.3,0.0,394.92,2827.38,68381.72,75222.65,0.0,0.0,0.0,0.0,0.0,0.0,30.35,35.73,30.09,48.81,403.2,0.0,422.0,0.12,414.6,0.13,0.0,0.0,441.6,-0.03,0.0,0.0,438.9,0.12,411.9,0.14,393.1,0.02,431.3,0.1,388.5,0.12,0.0,0.0,238.84,39.32,239.11,26.92,235.98,26.79,1.0,50.15
2026-10-08T16:15:01.977398+00:00,0.0,36.07,26.33,-62.4,86.2,2.0,60.0,22.3,8.2,0.0,394.92,2827.38,68381.72,75222.65,0.0,0.0,0.0,0.0,0.0,0.0,32.33,35.73,30.09,48.81,392.2,0.04,392.7,0.09,386.2,0.08,0.0,0.0,426.2,-0.01,0.0,0.0,430.5,0.06,400.1,0.12,359.7,0.08,418.0,0.05,378.4,0.06,0.0,0.0,236.75,37.95,238.43,28.57,235.03,28.29,1.0,49.99
2026-10-08T16:20:01.880864+00:00,0.0,35.34,26.96,-62.3,81.6,2.0,60.0,22.3,8.2,0.0,394.92,2827.38,68381.72,75222.65,0.0,0.0,0.0,0.0,0.0,0.0,34.33,35.73,30.09,48.81,356.5,0.03,372.8,0.04,381.5,0.02,0.0,0.0,398.9,0.0,0.0,0.0,408.0,0.02,365.2,0.04,321.6,0.04,403.2,0.0,366.3,0.01,0.0,0.0,237.12,40.17,238.02,27.37,234.54,27.17,1.0,50.06
2026-10-08T16:25:01.951548+00:00,0.0,39.47,21.13,-60.6,77.0,2.0,60.0,22.3,8.2,0.0,394.92,2827.38,68381.72,75222.65,0.0,0.0,0.0,0.0,0.0,0.0,36.3,35.73,30.09,48.81,334.0,0.01,336.5,0.01,336.9,0.0,0.0,0.0,343.0,0.01,0.0,0.0,347.5,0.01,322.5,0.0,274.4,0.01,337.3,-0.01,326.8,-0.01,0.0,0.0,236.21,39.35,237.26,27.85,233.74,27.79,1.0,50.01
2026-10-08T16:30:01.872269+00:00,0.0,39.94,21.76,-61.7,72.5,1.0,60.0,22.1,8.8,0.0,394.93,2827.39,68381.73,75222.66,0.0,0.0,0.0,0.0,0.0,0.0,38.29,35.73,30.09,48.81,234.5,0.0,233.6,0.01,234.5,-0.01,0.0,0.0,238.5,0.01,0.0,0.0,243.2,0.01,242.8,-0.01,224.9,0.0,234.1,-0.01,227.9,-0.01,0.0,0.0,243.08,35.27,243.63,26.73,241.01,26.58,1.0,49.88
2026-10-08T16:35:01.480985+00:00,0.0,39.08,21.02,-60.1,67.9,1.0,60.0,22.1,8.8,0.0,394.93,2827.39,68381.73,75222.66,0.0,0.0,0.0,0.0,0.0,0.0,40.28,35.73,30.09,48.81,0.0,0.0,0.0,0.0,0.0,0.0,0.0,0.0,0.0,0.0,0.0,0.0,0.0,0.0,0.0,0.0,0.0,0.0,0.0,0.0,0.0,0.0,0.0,0.0,244.15,37.89,244.93,26.69,241.6,26.52,1.0,50.12
2026-10-08T16:40:01.483544+00:00,0.0,37.93,24.47,-62.4,63.3,1.0,60.0,22.1,8.8,0.0,394.93,2827.39,68381.73,75222.66,0.0,0.0,0.0,0.0,0.0,0.0,42.27,35.73,30.09,48.81,0.0,0.0,0.0,0.0,0.0,0.0,0.0,0.0,0.0,0.0,0.0,0.0,0.0,0.0,0.0,0.0,0.0,0.0,0.0,0.0,0.0,0.0,0.0,0.0,244.05,38.58,244.96,27.15,241.45,26.86,1.0,50.09
2026-10-08T16:45:01.348437+00:00,0.0,34.98,27.12,-62.1,58.7,1.0,60.0,22.0,9.2,0.0,394.93,2827.39,68381.73,75222.66,0.0,0.0,0.0,0.0,0.0,0.0,44.25,35.73,30.09,48.81,0.0,0.0,0.0,0.0,0.0,0.0,0.0,0.0,0.0,0.0,0.0,0.0,0.0,0.0,0.0,0.0,0.0,0.0,0.0,0.0,0.0,0.0,0.0,0.0,243.92,33.55,245.31,29.46,242.01,28.97,1.0,50.1
2026-10-08T16:50:01.696289+00:00,0.0,39.34,21.76,-61.1,54.1,1.0,60.0,22.0,9.2,0.0,394.93,2827.39,68381.73,75222.66,0.0,0.0,0.0,0.0,0.0,0.0,46.22,35.73,30.09,48.81,0.0,0.0,0.0,0.0,0.0,0.0,0.0,0.0,0.0,0.0,0.0,0.0,0.0,0.0,0.0,0.0,0.0,0.0,0.0,0.0,0.0,0.0,0.0,0.0,243.56,35.87,245.2,28.1,241.79,27.15,1.0,50.09
2026-10-08T16:55:02.046945+00:00,0.0,31.86,28.54,-60.4,49.6,1.0,60.0,22.0,9.2,0.0,394.93,2827.39,68381.73,75222.66,0.0,0.0,0.0,0.0,0.0,0.0,48.15,35.73,30.09,48.81,0.0,0.0,0.0,0.0,0.0,0.0,0.0,0.0,0.0,0.0,0.0,0.0,0.0,0.0,0.0,0.0,0.0,0.0,0.0,0.0,0.0,0.0,0.0,0.0,243.45,29.94,245.26,29.82,241.84,30.19,1.0,50.05
2026-10-08T17:00:01.950404+00:00,0.0,31.35,28.45,-59.8,45.2,2.0,0.0,21.9,9.5,0.0,394.93,2827.39,68381.73,75222.66,0.0,0.0,0.0,0.0,0.0,0.0,50.07,35.73,30.09,48.81,0.0,0.0,0.0,0.0,0.0,0.0,0.0,0.0,0.0,0.0,0.0,0.0,0.0,0.0,0.0,0.0,0.0,0.0,0.0,0.0,0.0,0.0,0.0,0.0,243.13,29.51,245.62,29.33,242.51,29.65,1.0,50.06
2026-10-08T17:05:01.698446+00:00,0.0,25.52,33.58,-59.1,40.7,2.0,0.0,21.9,9.5,0.0,394.93,2827.39,68381.73,75222.66,0.0,0.0,0.0,0.0,0.0,0.0,51.96,35.73,30.09,48.81,0.0,0.0,0.0,0.0,0.0,0.0,0.0,0.0,0.0,0.0,0.0,0.0,0.0,0.0,0.0,0.0,0.0,0.0,0.0,0.0,0.0,0.0,0.0,0.0,243.74,29.24,245.86,29.1,242.47,29.46,1.0,50.0
2026-10-08T17:10:01.957987+00:00,0.0,35.26,23.34,-58.6,36.4,2.0,0.0,21.9,9.5,0.0,394.93,2827.39,68381.73,75222.66,0.0,0.0,0.0,0.0,0.0,0.0,53.83,35.73,30.09,48.81,0.0,0.0,0.0,0.0,0.0,0.0,0.0,0.0,0.0,0.0,0.0,0.0,0.0,0.0,0.0,0.0,0.0,0.0,0.0,0.0,0.0,0.0,0.0,0.0,243.29,28.93,246.49,28.67,242.83,29.03,1.0,50.08
2026-10-08T17:15:01.952645+00:00,0.0,34.23,23.77,-58.0,32.0,5.0,0.0,21.8,9.6,0.0,394.93,2827.39,68381.73,75222.66,0.0,0.0,0.0,0.0,0.0,0.0,55.69,35.73,30.09,48.81,0.0,0.0,0.0,0.0,0.0,0.0,0.0,0.0,0.0,0.0,0.0,0.0,0.0,0.0,0.0,0.0,0.0,0.0,0.0,0.0,0.0,0.0,0.0,0.0,244.54,28.69,246.41,28.58,243.24,28.9,1.0,50.0
2026-10-08T17:20:01.771814+00:00,0.0,34.7,22.9,-57.6,27.7,5.0,0.0,21.8,9.6,0.0,394.93,2827.39,68381.73,75222.66,0.0,0.0,0.0,0.0,0.0,0.0,57.53,35.73,30.09,48.81,0.0,0.0,0.0,0.0,0.0,0.0,0.0,0.0,0.0,0.0,0.0,0.0,0.0,0.0,0.0,0.0,0.0,0.0,0.0,0.0,0.0,0.0,0.0,0.0,239.8,28.79,242.26,28.6,238.91,28.96,1.0,50.12
2026-10-08T17:25:01.337831+00:00,0.0,23.11,33.89,-57.0,23.5,5.0,0.0,21.8,9.6,0.0,394.93,2827.39,68381.73,75222.66,0.0,0.0,0.0,0.0,0.0,0.0,59.35,35.73,30.09,48.81,0.0,0.0,0.0,0.0,0.0,0.0,0.0,0.0,0.0,0.0,0.0,0.0,0.0,0.0,0.0,0.0,0.0,0.0,0.0,0.0,0.0,0.0,0.0,0.0,239.52,28.83,242.11,28.63,238.71,28.99,1.0,49.9
2026-10-08T17:30:01.957269+00:00,0.0,-27.31,31.51,-4.2,20.0,8.0,0.0,21.8,9.6,0.0,394.93,2827.39,68381.73,75222.66,0.0,0.0,0.0,0.0,0.0,0.0,61.01,35.73,30.09,48.81,0.0,0.0,0.0,0.0,0.0,0.0,0.0,0.0,0.0,0.0,0.0,0.0,0.0,0.0,0.0,0.0,0.0,0.0,0.0,0.0,0.0,0.0,0.0,0.0,239.82,28.4,242.78,28.15,239.29,28.52,0.989,50.07
2026-10-08T17:35:01.365608+00:00,0.0,-26.84,26.44,0.4,19.9,8.0,0.0,21.8,9.6,0.0,394.93,2827.39,68381.73,75222.66,0.0,0.0,0.0,0.0,0.0,0.0,61.04,35.73,30.09,48.81,0.0,0.0,0.0,0.0,0.0,0.0,0.0,0.0,0.0,0.0,0.0,0.0,0.0,0.0,0.0,0.0,0.0,0.0,0.0,0.0,0.0,0.0,0.0,0.0,235.5,3.23,238.56,3.2,235.27,3.24,-0.647,50.09
2026-10-08T17:40:01.657816+00:00,0.0,-22.85,22.25,0.6,19.9,8.0,0.0,21.8,9.6,0.0,394.93,2827.39,68381.73,75222.66,0.0,0.0,0.0,0.0,0.0,0.0,61.05,35.73,30.09,48.81,0.0,0.0,0.0,0.0,0.0,0.0,0.0,0.0,0.0,0.0,0.0,0.0,0.0,0.0,0.0,0.0,0.0,0.0,0.0,0.0,0.0,0.0,0.0,0.0,235.68,0.5,238.36,0.51,235.37,0.51,-0.989,49.94
2026-10-08T17:45:01.839325+00:00,0.0,-27.05,26.65,0.2,19.9,14.0,0.0,21.8,9.5,0.0,394.93,2827.39,68381.73,75222.66,0.0,0.0,0.0,0.0,0.0,0.0,61.07,35.73,30.09,48.81,0.0,0.0,0.0,0.0,0.0,0.0,0.0,0.0,0.0,0.0,0.0,0.0,0.0,0.0,0.0,0.0,0.0,0.0,0.0,0.0,0.0,0.0,0.0,0.0,236.27,0.54,238.64,0.55,235.73,0.55,-0.682,49.89
2026-10-08T17:50:01.474323+00:00,0.0,-21.24,20.74,0.3,19.9,14.0,0.0,21.8,9.5,0.0,394.93,2827.39,68381.73,75222.66,0.0,0.0,0.0,0.0,0.0,0.0,61.08,35.73,30.09,48.81,0.0,0.0,0.0,0.0,0.0,0.0,0.0,0.0,0.0,0.0,0.0,0.0,0.0,0.0,0.0,0.0,0.0,0.0,0.0,0.0,0.0,0.0,0.0,0.0,236.56,0.53,239.58,0.54,236.2,0.54,-0.834,49.93
2026-10-08T17:55:01.629499+00:00,0.0,-25.57,24.97,0.4,19.9,14.0,0.0,21.8,9.5,0.0,394.93,2827.39,68381.73,75222.66,0.0,0.0,0.0,0.0,0.0,0.0,61.09,35.73,30.09,48.81,0.0,0.0,0.0,0.0,0.0,0.0,0.0,0.0,0.0,0.0,0.0,0.0,0.0,0.0,0.0,0.0,0.0,0.0,0.0,0.0,0.0,0.0,0.0,0.0,237.69,0.51,240.39,0.52,237.18,0.53,-0.917,50.05
2026-10-08T18:00:01.818702+00:00,0.0,-26.74,26.34,0.2,19.9,24.0,0.0,21.7,9.4,0.0,394.93,2827.39,68381.73,75222.66,0.0,0.0,0.0,0.0,0.0,0.0,61.1,35.73,30.09,48.81,0.0,0.0,0.0,0.0,0.0,0.0,0.0,0.0,0.0,0.0,0.0,0.0,0.0,0.0,0.0,0.0,0.0,0.0,0.0,0.0,0.0,0.0,0.0,0.0,237.25,0.54,240.13,0.55,237.0,0.57,-0.716,50.02
2026-10-08T18:05:01.457019+00:00,0.0,-28.83,28.43,0.4,19.9,24.0,0.0,21.7,9.4,0.0,394.93,2827.39,68381.73,75222.66,0.0,0.0,0.0,0.0,0.0,0.0,61.11,35.73,30.09,48.81,0.0,0.0,0.0,0.0,0.0,0.0,0.0,0.0,0.0,0.0,0.0,0.0,0.0,0.0,0.0,0.0,0.0,0.0,0.0,0.0,0.0,0.0,0.0,0.0,236.7,0.55,239.8,0.56,236.7,0.56,-0.818,50.01
2026-10-08T18:10:01.863614+00:00,0.0,-21.08,20.48,0.4,19.9,24.0,0.0,21.7,9.4,0.0,394.93,2827.39,68381.73,75222.66,0.0,0.0,0.0,0.0,0.0,0.0,61.12,35.73,30.09,48.81,0.0,0.0,0.0,0.0,0.0,0.0,0.0,0.0,0.0,0.0,0.0,0.0,0.0,0.0,0.0,0.0,0.0,0.0,0.0,0.0,0.0,0.0,0.0,0.0,236.16,0.54,239.44,0.56,236.5,0.57,-0.845,49.85
2026-10-08T18:15:02.037947+00:00,0.0,-34.66,34.06,0.6,19.9,40.0,0.0,21.7,9.4,0.0,394.93,2827.39,68381.73,75222.66,0.0,0.0,0.0,0.0,0.0,0.0,61.13,35.73,30.09,48.81,0.0,0.0,0.0,0.0,0.0,0.0,0.0,0.0,0.0,0.0,0.0,0.0,0.0,0.0,0.0,0.0,0.0,0.0,0.0,0.0,0.0,0.0,0.0,0.0,237.71,0.58,240.43,0.58,237.71,0.59,-0.763,50.0
2026-10-08T18:20:01.204941+00:00,0.0,-28.68,28.18,0.5,19.9,40.0,0.0,21.7,9.4,0.0,394.93,2827.39,68381.73,75222.66,0.0,0.0,0.0,0.0,0.0,0.0,61.14,35.73,30.09,48.81,0.0,0.0,0.0,0.0,0.0,0.0,0.0,0.0,0.0,0.0,0.0,0.0,0.0,0.0,0.0,0.0,0.0,0.0,0.0,0.0,0.0,0.0,0.0,0.0,237.46,0.57,240.69,0.58,238.03,0.59,-0.88,49.99
2026-10-08T18:25:01.967415+00:00,0.0,-23.99,23.29,0.7,19.9,40.0,0.0,21.7,9.4,0.0,394.93,2827.39,68381.73,75222.66,0.0,0.0,0.0,0.0,0.0,0.0,61.15,35.73,30.09,48.81,0.0,0.0,0.0,0.0,0.0,0.0,0.0,0.0,0.0,0.0,0.0,0.0,0.0,0.0,0.0,0.0,0.0,0.0,0.0,0.0,0.0,0.0,0.0,0.0,238.16,0.54,241.41,0.54,238.3,0.55,-0.834,49.96
2026-10-08T18:30:01.222894+00:00,0.0,-19.1,18.6,0.5,19.9,61.0,0.0,21.6,9.3,0.0,394.93,2827.39,68381.73,75222.66,0.0,0.0,0.0,0.0,0.0,0.0,61.16,35.73,30.09,48.81,0.0,0.0,0.0,0.0,0.0,0.0,0.0,0.0,0.0,0.0,0.0,0.0,0.0,0.0,0.0,0.0,0.0,0.0,0.0,0.0,0.0,0.0,0.0,0.0,239.38,0.6,241.6,0.6,238.98,0.6,-0.855,50.13
2026-10-08T18:35:01.815571+00:00,0.0,-19.1,18.4,0.7,19.9,61.0,0.0,21.6,9.3,0.0,394.93,2827.39,68381.73,75222.66,0.0,0.0,0.0,0.0,0.0,0.0,61.18,35.73,30.09,48.81,0.0,0.0,0.0,0.0,0.0,0.0,0.0,0.0,0.0,0.0,0.0,0.0,0.0,0.0,0.0,0.0,0.0,0.0,0.0,0.0,0.0,0.0,0.0,0.0,237.58,0.61,239.91,0.61,236.79,0.62,-0.756,50.14
2026-10-08T18:40:01.743425+00:00,0.0,-19.09,18.39,0.5,19.9,61.0,0.0,21.6,9.3,0.0,394.93,2827.39,68381.73,75222.66,0.0,0.0,0.0,0.0,0.0,0.0,61.19,35.73,30.09,48.81,0.0,0.0,0.0,0.0,0.0,0.0,0.0,0.0,0.0,0.0,0.0,0.0,0.0,0.0,0.0,0.0,0.0,0.0,0.0,0.0,0.0,0.0,0.0,0.0,237.94,0.66,240.69,0.66,237.46,0.66,-0.595,50.16
2026-10-08T18:45:01.366585+00:00,0.0,-20.81,20.11,0.5,19.9,82.0,0.0,21.4,9.3,0.0,394.93,2827.39,68381.73,75222.66,0.0,0.0,0.0,0.0,0.0,0.0,61.21,35.73,30.09,48.81,0.0,0.0,0.0,0.0,0.0,0.0,0.0,0.0,0.0,0.0,0.0,0.0,0.0,0.0,0.0,0.0,0.0,0.0,0.0,0.0,0.0,0.0,0.0,0.0,237.99,0.68,240.57,0.68,237.53,0.68,-0.764,50.18
2026-10-08T18:50:01.453135+00:00,0.0,-20.45,19.75,0.7,19.9,84.0,0.0,21.4,9.3,0.0,394.93,2827.39,68381.73,75222.66,0.0,0.0,0.0,0.0,0.0,0.0,61.23,35.73,30.09,48.81,0.0,0.0,0.0,0.0,0.0,0.0,0.0,0.0,0.0,0.0,0.0,0.0,0.0,0.0,0.0,0.0,0.0,0.0,0.0,0.0,0.0,0.0,0.0,0.0,238.03,0.62,240.52,0.62,237.71,0.62,-0.96,50.14
2026-10-08T18:55:01.553630+00:00,0.0,-20.95,20.45,0.5,19.9,84.0,0.0,21.4,5.4,0.0,394.93,2827.39,68381.73,75222.66,0.0,0.0,0.0,0.0,0.0,0.0,61.24,35.73,30.09,48.81,0.0,0.0,0.0,0.0,0.0,0.0,0.0,0.0,0.0,0.0,0.0,0.0,0.0,0.0,0.0,0.0,0.0,0.0,0.0,0.0,0.0,0.0,0.0,0.0,238.14,0.6,240.59,0.6,238.01,0.6,-0.727,50.15
2026-10-08T19:00:01.519568+00:00,0.0,-28.34,27.64,0.7,19.9,97.0,0.0,21.4,5.5,0.0,394.93,2827.39,68381.73,75222.66,0.0,0.0,0.0,0.0,0.0,0.0,61.25,35.73,30.09,48.81,0.0,0.0,0.0,0.0,0.0,0.0,0.0,0.0,0.0,0.0,0.0,0.0,0.0,0.0,0.0,0.0,0.0,0.0,0.0,0.0,0.0,0.0,0.0,0.0,238.45,0.56,241.12,0.55,238.69,0.56,-1.0,50.15
2026-10-08T19:05:01.783831+00:00,0.0,-22.28,22.28,0.0,20.0,97.0,0.0,21.4,5.5,0.0,394.93,2827.39,68381.73,75222.66,0.0,0.0,0.0,0.0,0.0,0.0,61.26,35.73,30.09,48.81,0.0,0.0,0.0,0.0,0.0,0.0,0.0,0.0,0.0,0.0,0.0,0.0,0.0,0.0,0.0,0.0,0.0,0.0,0.0,0.0,0.0,0.0,0.0,0.0,236.4,0.56,238.74,0.56,236.46,0.57,-0.924,50.16
2026-10-08T19:10:01.296921+00:00,0.0,-18.69,18.69,0.0,20.0,97.0,0.0,21.4,5.5,0.0,394.93,2827.39,68381.73,75222.66,0.0,0.0,0.0,0.0,0.0,0.0,61.26,35.73,30.09,48.81,0.0,0.0,0.0,0.0,0.0,0.0,0.0,0.0,0.0,0.0,0.0,0.0,0.0,0.0,0.0,0.0,0.0,0.0,0.0,0.0,0.0,0.0,0.0,0.0,235.85,0.5,238.08,0.51,235.74,0.51,-0.999,49.97
2026-10-08T19:15:02.121141+00:00,0.0,-18.41,18.21,0.2,20.0,100.0,0.0,21.3,5.6,0.0,394.93,2827.39,68381.73,75222.66,0.0,0.0,0.0,0.0,0.0,0.0,61.26,35.73,30.09,48.81,0.0,0.0,0.0,0.0,0.0,0.0,0.0,0.0,0.0,0.0,0.0,0.0,0.0,0.0,0.0,0.0,0.0,0.0,0.0,0.0,0.0,0.0,0.0,0.0,235.69,0.52,238.11,0.51,235.38,0.52,-0.839,49.92
2026-10-08T19:20:01.901029+00:00,0.0,-18.11,17.91,0.2,20.0,100.0,0.0,21.3,5.6,0.0,394.93,2827.39,68381.73,75222.66,0.0,0.0,0.0,0.0,0.0,0.0,61.27,35.73,30.09,48.81,0.0,0.0,0.0,0.0,0.0,0.0,0.0,0.0,0.0,0.0,0.0,0.0,0.0,0.0,0.0,0.0,0.0,0.0,0.0,0.0,0.0,0.0,0.0,0.0,237.71,0.61,239.68,0.6,237.19,0.63,-0.564,50.06
2026-10-08T19:25:01.722670+00:00,0.0,-19.28,19.08,0.2,19.9,100.0,0.0,21.3,5.6,0.0,394.93,2827.39,68381.73,75222.66,0.0,0.0,0.0,0.0,0.0,0.0,61.27,35.73,30.09,48.81,0.0,0.0,0.0,0.0,0.0,0.0,0.0,0.0,0.0,0.0,0.0,0.0,0.0,0.0,0.0,0.0,0.0,0.0,0.0,0.0,0.0,0.0,0.0,0.0,235.78,0.5,237.67,0.52,235.25,0.51,-0.698,50.12
2026-10-08T19:30:01.397241+00:00,0.0,-19.28,18.88,0.4,19.9,100.0,0.0,21.3,5.8,0.0,394.93,2827.39,68381.73,75222.66,0.0,0.0,0.0,0.0,0.0,0.0,61.27,35.73,30.09,48.81,0.0,0.0,0.0,0.0,0.0,0.0,0.0,0.0,0.0,0.0,0.0,0.0,0.0,0.0,0.0,0.0,0.0,0.0,0.0,0.0,0.0,0.0,0.0,0.0,235.27,0.55,237.02,0.56,234.88,0.57,-0.785,50.15
2026-10-08T19:35:01.544792+00:00,0.0,-24.65,24.05,0.4,19.9,100.0,0.0,21.3,5.8,0.0,394.93,2827.39,68381.73,75222.66,0.0,0.0,0.0,0.0,0.0,0.0,61.27,35.73,30.09,48.81,0.0,0.0,0.0,0.0,0.0,0.0,0.0,0.0,0.0,0.0,0.0,0.0,0.0,0.0,0.0,0.0,0.0,0.0,0.0,0.0,0.0,0.0,0.0,0.0,235.16,0.51,236.89,0.53,235.14,0.54,-0.736,50.15
2026-10-08T19:40:02.030621+00:00,0.0,-19.03,18.63,0.4,19.9,100.0,0.0,21.3,5.8,0.0,394.93,2827.39,68381.73,75222.66,0.0,0.0,0.0,0.0,0.0,0.0,61.28,35.73,30.09,48.81,0.0,0.0,0.0,0.0,0.0,0.0,0.0,0.0,0.0,0.0,0.0,0.0,0.0,0.0,0.0,0.0,0.0,0.0,0.0,0.0,0.0,0.0,0.0,0.0,235.03,0.53,236.99,0.55,234.96,0.56,-0.998,50.13
2026-10-08T19:45:01.790576+00:00,0.0,-23.51,23.31,0.2,19.9,100.0,0.0,21.3,6.1,0.0,394.93,2827.39,68381.73,75222.66,0.0,0.0,0.0,0.0,0.0,0.0,61.28,35.73,30.09,48.81,0.0,0.0,0.0,0.0,0.0,0.0,0.0,0.0,0.0,0.0,0.0,0.0,0.0,0.0,0.0,0.0,0.0,0.0,0.0,0.0,0.0,0.0,0.0,0.0,235.2,0.53,236.89,0.54,234.87,0.55,-0.782,50.12
2026-10-08T19:50:01.750715+00:00,0.0,-17.22,16.82,0.4,19.9,100.0,0.0,21.3,6.1,0.0,394.93,2827.39,68381.73,75222.66,0.0,0.0,0.0,0.0,0.0,0.0,61.28,35.73,30.09,48.81,0.0,0.0,0.0,0.0,0.0,0.0,0.0,0.0,0.0,0.0,0.0,0.0,0.0,0.0,0.0,0.0,0.0,0.0,0.0,0.0,0.0,0.0,0.0,0.0,236.17,0.58,237.62,0.59,235.28,0.61,-0.642,50.14
2026-10-08T19:55:01.548189+00:00,0.0,-18.91,18.31,0.6,19.9,100.0,0.0,21.3,6.1,0.0,394.93,2827.39,68381.73,75222.66,0.0,0.0,0.0,0.0,0.0,0.0,61.29,35.73,30.09,48.81,0.0,0.0,0.0,0.0,0.0,0.0,0.0,0.0,0.0,0.0,0.0,0.0,0.0,0.0,0.0,0.0,0.0,0.0,0.0,0.0,0.0,0.0,0.0,0.0,236.59,0.57,238.52,0.59,235.68,0.6,-0.992,50.16
2026-10-08T20:00:01.788150+00:00,0.0,-19.24,18.64,0.6,19.9,99.0,0.0,21.3,6.5,0.0,394.93,2827.39,68381.73,75222.66,0.0,0.0,0.0,0.0,0.0,0.0,61.29,35.73,30.09,48.81,0.0,0.0,0.0,0.0,0.0,0.0,0.0,0.0,0.0,0.0,0.0,0.0,0.0,0.0,0.0,0.0,0.0,0.0,0.0,0.0,0.0,0.0,0.0,0.0,236.32,0.54,238.33,0.54,236.43,0.55,-0.592,50.07
2026-10-08T20:05:01.341067+00:00,0.0,-19.69,19.09,0.6,19.9,99.0,0.0,21.3,6.5,0.0,394.93,2827.39,68381.73,75222.66,0.0,0.0,0.0,0.0,0.0,0.0,61.29,35.73,30.09,48.81,0.0,0.0,0.0,0.0,0.0,0.0,0.0,0.0,0.0,0.0,0.0,0.0,0.0,0.0,0.0,0.0,0.0,0.0,0.0,0.0,0.0,0.0,0.0,0.0,236.98,0.62,238.18,0.62,235.92,0.63,-0.73,49.99
2026-10-08T20:10:01.249563+00:00,0.0,-17.61,17.01,0.6,19.9,99.0,0.0,21.3,6.5,0.0,394.93,2827.39,68381.73,75222.66,0.0,0.0,0.0,0.0,0.0,0.0,61.29,35.73,30.09,48.81,0.0,0.0,0.0,0.0,0.0,0.0,0.0,0.0,0.0,0.0,0.0,0.0,0.0,0.0,0.0,0.0,0.0,0.0,0.0,0.0,0.0,0.0,0.0,0.0,237.46,0.53,238.69,0.55,236.46,0.55,-0.777,50.07
2026-10-08T20:15:01.303549+00:00,0.0,-17.58,16.98,0.6,19.9,99.0,0.0,21.2,6.9,0.0,394.93,2827.39,68381.73,75222.66,0.0,0.0,0.0,0.0,0.0,0.0,61.29,35.73,30.09,48.81,0.0,0.0,0.0,0.0,0.0,0.0,0.0,0.0,0.0,0.0,0.0,0.0,0.0,0.0,0.0,0.0,0.0,0.0,0.0,0.0,0.0,0.0,0.0,0.0,237.46,0.58,238.8,0.6,236.16,0.61,-0.991,50.03
2026-10-08T20:20:01.654329+00:00,0.0,-17.84,17.44,0.2,19.9,99.0,0.0,21.2,6.9,0.0,394.93,2827.39,68381.73,75222.66,0.0,0.0,0.0,0.0,0.0,0.0,61.3,35.73,30.09,48.81,0.0,0.0,0.0,0.0,0.0,0.0,0.0,0.0,0.0,0.0,0.0,0.0,0.0,0.0,0.0,0.0,0.0,0.0,0.0,0.0,0.0,0.0,0.0,0.0,238.08,0.51,239.66,0.54,237.02,0.54,-0.824,50.12
2026-10-08T20:25:02.101925+00:00,0.0,-17.45,16.85,0.4,19.9,99.0,0.0,21.2,6.9,0.0,394.93,2827.39,68381.73,75222.66,0.0,0.0,0.0,0.0,0.0,0.0,61.3,35.73,30.09,48.81,0.0,0.0,0.0,0.0,0.0,0.0,0.0,0.0,0.0,0.0,0.0,0.0,0.0,0.0,0.0,0.0,0.0,0.0,0.0,0.0,0.0,0.0,0.0,0.0,237.84,0.54,239.69,0.56,237.01,0.57,-0.636,50.11
2026-10-08T20:30:01.721660+00:00,0.0,-19.22,18.62,0.6,19.9,100.0,0.0,21.2,7.5,0.0,394.93,2827.39,68381.73,75222.66,0.0,0.0,0.0,0.0,0.0,0.0,61.3,35.73,30.09,48.81,0.0,0.0,0.0,0.0,0.0,0.0,0.0,0.0,0.0,0.0,0.0,0.0,0.0,0.0,0.0,0.0,0.0,0.0,0.0,0.0,0.0,0.0,0.0,0.0,238.05,0.62,239.93,0.62,236.8,0.64,-0.608,50.16
2026-10-08T20:35:01.580120+00:00,0.0,-19.13,18.73,0.4,19.9,100.0,0.0,21.2,7.5,0.0,394.93,2827.39,68381.73,75222.66,0.0,0.0,0.0,0.0,0.0,0.0,61.3,35.73,30.09,48.81,0.0,0.0,0.0,0.0,0.0,0.0,0.0,0.0,0.0,0.0,0.0,0.0,0.0,0.0,0.0,0.0,0.0,0.0,0.0,0.0,0.0,0.0,0.0,0.0,238.56,0.66,240.14,0.66,237.43,0.67,-0.909,50.18
2026-10-08T20:40:01.942053+00:00,0.0,-17.62,17.02,0.6,19.9,100.0,0.0,21.2,7.5,0.0,394.93,2827.39,68381.73,75222.66,0.0,0.0,0.0,0.0,0.0,0.0,61.3,35.73,30.09,48.81,0.0,0.0,0.0,0.0,0.0,0.0,0.0,0.0,0.0,0.0,0.0,0.0,0.0,0.0,0.0,0.0,0.0,0.0,0.0,0.0,0.0,0.0,0.0,0.0,239.08,0.62,240.43,0.63,238.19,0.65,-0.665,50.17
2026-10-08T20:45:01.579900+00:00,0.0,-16.99,16.39,0.4,19.9,100.0,0.0,21.2,8.1,0.0,394.93,2827.39,68381.73,75222.66,0.0,0.0,0.0,0.0,0.0,0.0,61.3,35.73,30.09,48.81,0.0,0.0,0.0,0.0,0.0,0.0,0.0,0.0,0.0,0.0,0.0,0.0,0.0,0.0,0.0,0.0,0.0,0.0,0.0,0.0,0.0,0.0,0.0,0.0,236.39,0.54,237.94,0.55,235.52,0.56,-0.896,50.14
2026-10-08T20:50:01.280085+00:00,0.0,-17.19,16.59,0.4,19.9,100.0,0.0,21.2,8.1,0.0,394.93,2827.39,68381.73,75222.66,0.0,0.0,0.0,0.0,0.0,0.0,61.3,35.73,30.09,48.81,0.0,0.0,0.0,0.0,0.0,0.0,0.0,0.0,0.0,0.0,0.0,0.0,0.0,0.0,0.0,0.0,0.0,0.0,0.0,0.0,0.0,0.0,0.0,0.0,236.25,0.54,238.15,0.57,235.79,0.57,-0.741,50.17
2026-10-08T20:55:01.978620+00:00,0.0,-17.94,17.54,0.4,19.9,100.0,0.0,21.2,8.1,0.0,394.93,2827.39,68381.73,75222.66,0.0,0.0,0.0,0.0,0.0,0.0,61.3,35.73,30.09,48.81,0.0,0.0,0.0,0.0,0.0,0.0,0.0,0.0,0.0,0.0,0.0,0.0,0.0,0.0,0.0,0.0,0.0,0.0,0.0,0.0,0.0,0.0,0.0,0.0,237.34,0.52,239.31,0.54,236.83,0.55,-0.977,50.18
2026-10-08T21:00:02.108666+00:00,0.0,-17.29,16.89,0.2,19.9,100.0,0.0,21.1,8.6,0.0,394.93,2827.39,68381.73,75222.66,0.0,0.0,0.0,0.0,0.0,0.0,61.3,35.73,30.09,48.81,0.0,0.0,0.0,0.0,0.0,0.0,0.0,0.0,0.0,0.0,0.0,0.0,0.0,0.0,0.0,0.0,0.0,0.0,0.0,0.0,0.0,0.0,0.0,0.0,236.95,0.57,238.66,0.59,236.51,0.6,-0.849,49.97
2026-10-08T21:05:01.812225+00:00,0.0,-18.63,18.23,0.4,19.9,100.0,0.0,21.1,8.6,0.0,394.93,2827.39,68381.73,75222.66,0.0,0.0,0.0,0.0,0.0,0.0,61.3,35.73,30.09,48.81,0.0,0.0,0.0,0.0,0.0,0.0,0.0,0.0,0.0,0.0,0.0,0.0,0.0,0.0,0.0,0.0,0.0,0.0,0.0,0.0,0.0,0.0,0.0,0.0,237.16,0.54,238.67,0.56,236.67,0.57,-0.83,49.8
2026-10-08T21:10:01.732096+00:00,0.0,-18.88,18.48,0.4,19.9,100.0,0.0,21.1,8.6,0.0,394.93,2827.39,68381.73,75222.66,0.0,0.0,0.0,0.0,0.0,0.0,61.3,35.73,30.09,48.81,0.0,0.0,0.0,0.0,0.0,0.0,0.0,0.0,0.0,0.0,0.0,0.0,0.0,0.0,0.0,0.0,0.0,0.0,0.0,0.0,0.0,0.0,0.0,0.0,236.18,0.57,237.41,0.58,235.57,0.59,-0.764,49.76
2026-10-08T21:15:01.933842+00:00,0.0,-17.12,16.72,0.2,19.9,100.0,0.0,21.1,8.9,0.0,394.93,2827.39,68381.73,75222.66,0.0,0.0,0.0,0.0,0.0,0.0,61.3,35.73,30.09,48.81,0.0,0.0,0.0,0.0,0.0,0.0,0.0,0.0,0.0,0.0,0.0,0.0,0.0,0.0,0.0,0.0,0.0,0.0,0.0,0.0,0.0,0.0,0.0,0.0,236.7,0.63,238.14,0.63,235.95,0.65,-0.734,49.88
2026-10-08T21:20:01.570372+00:00,0.0,-17.0,16.4,0.6,19.9,100.0,0.0,21.1,8.9,0.0,394.93,2827.39,68381.73,75222.66,0.0,0.0,0.0,0.0,0.0,0.0,61.3,35.73,30.09,48.81,0.0,0.0,0.0,0.0,0.0,0.0,0.0,0.0,0.0,0.0,0.0,0.0,0.0,0.0,0.0,0.0,0.0,0.0,0.0,0.0,0.0,0.0,0.0,0.0,236.63,0.53,238.03,0.56,235.55,0.57,-0.88,49.78
2026-10-08T21:25:01.958892+00:00,0.0,-19.0,18.6,0.4,19.9,100.0,0.0,21.1,8.9,0.0,394.93,2827.39,68381.73,75222.66,0.0,0.0,0.0,0.0,0.0,0.0,61.3,35.73,30.09,48.81,0.0,0.0,0.0,0.0,0.0,0.0,0.0,0.0,0.0,0.0,0.0,0.0,0.0,0.0,0.0,0.0,0.0,0.0,0.0,0.0,0.0,0.0,0.0,0.0,236.78,0.65,238.5,0.65,235.73,0.68,-0.841,49.81
2026-10-08T21:30:01.360456+00:00,0.0,-17.75,17.35,0.4,19.9,100.0,0.0,21.1,9.2,0.0,394.93,2827.39,68381.73,75222.66,0.0,0.0,0.0,0.0,0.0,0.0,61.3,35.73,30.09,48.81,0.0,0.0,0.0,0.0,0.0,0.0,0.0,0.0,0.0,0.0,0.0,0.0,0.0,0.0,0.0,0.0,0.0,0.0,0.0,0.0,0.0,0.0,0.0,0.0,237.23,0.67,238.39,0.67,235.87,0.7,-0.81,49.82
2026-10-08T21:35:01.545692+00:00,0.0,-18.53,17.93,0.6,19.9,100.0,0.0,21.1,9.2,0.0,394.93,2827.39,68381.73,75222.66,0.0,0.0,0.0,0.0,0.0,0.0,61.3,35.73,30.09,48.81,0.0,0.0,0.0,0.0,0.0,0.0,0.0,0.0,0.0,0.0,0.0,0.0,0.0,0.0,0.0,0.0,0.0,0.0,0.0,0.0,0.0,0.0,0.0,0.0,237.42,0.7,239.08,0.7,236.43,0.73,-0.922,49.94
2026-10-08T21:40:01.380506+00:00,0.0,-18.68,18.28,0.4,19.9,100.0,0.0,21.1,9.2,0.0,394.93,2827.39,68381.73,75222.66,0.0,0.0,0.0,0.0,0.0,0.0,61.3,35.73,30.09,48.81,0.0,0.0,0.0,0.0,0.0,0.0,0.0,0.0,0.0,0.0,0.0,0.0,0.0,0.0,0.0,0.0,0.0,0.0,0.0,0.0,0.0,0.0,0.0,0.0,237.82,0.58,238.7,0.6,236.3,0.6,-0.757,49.99
2026-10-08T21:45:01.206295+00:00,0.0,-19.63,19.03,0.6,19.9,100.0,0.0,21.1,9.4,0.0,394.93,2827.39,68381.73,75222.66,0.0,0.0,0.0,0.0,0.0,0.0,61.3,35.73,30.09,48.81,0.0,0.0,0.0,0.0,0.0,0.0,0.0,0.0,0.0,0.0,0.0,0.0,0.0,0.0,0.0,0.0,0.0,0.0,0.0,0.0,0.0,0.0,0.0,0.0,237.04,0.51,238.41,0.55,236.37,0.54,-0.512,49.96
2026-10-08T21:50:01.628472+00:00,0.0,-17.91,17.51,0.4,19.9,100.0,0.0,21.1,9.4,0.0,394.93,2827.39,68381.73,75222.66,0.0,0.0,0.0,0.0,0.0,0.0,61.3,35.73,30.09,48.81,0.0,0.0,0.0,0.0,0.0,0.0,0.0,0.0,0.0,0.0,0.0,0.0,0.0,0.0,0.0,0.0,0.0,0.0,0.0,0.0,0.0,0.0,0.0,0.0,237.06,0.58,238.58,0.6,236.34,0.61,-0.717,49.96
2026-10-08T21:55:01.728485+00:00,0.0,-18.2,17.6,0.4,19.9,100.0,0.0,21.1,9.4,0.0,394.93,2827.39,68381.73,75222.66,0.0,0.0,0.0,0.0,0.0,0.0,61.3,35.73,30.09,48.81,0.0,0.0,0.0,0.0,0.0,0.0,0.0,0.0,0.0,0.0,0.0,0.0,0.0,0.0,0.0,0.0,0.0,0.0,0.0,0.0,0.0,0.0,0.0,0.0,235.65,0.6,236.68,0.63,234.58,0.62,-0.888,49.8
2026-10-08T22:00:01.681471+00:00,0.0,-19.58,19.18,0.4,19.9,100.0,0.0,21.1,9.5,0.0,394.93,2827.39,68381.73,75222.66,0.0,0.0,0.0,0.0,0.0,0.0,0.0,35.73,30.09,48.81,0.0,0.0,0.0,0.0,0.0,0.0,0.0,0.0,0.0,0.0,0.0,0.0,0.0,0.0,0.0,0.0,0.0,0.0,0.0,0.0,0.0,0.0,0.0,0.0,236.08,0.59,238.03,0.61,235.41,0.63,-1.0,49.85
2026-10-08T22:05:01.422641+00:00,0.0,-37.46,17.46,20.0,21.2,100.0,0.0,21.1,9.5,0.0,0.0,2827.39,68381.73,75222.66,0.0,0.0,0.0,0.0,0.0,0.0,0.0,35.73,30.09,48.81,0.0,0.0,0.0,0.0,0.0,0.0,0.0,0.0,0.0,0.0,0.0,0.0,0.0,0.0,0.0,0.0,0.0,0.0,0.0,0.0,0.0,0.0,0.0,0.0,235.35,0.57,237.29,0.57,234.85,0.59,-1.0,49.83
2026-10-08T22:10:01.182137+00:00,0.0,-38.96,18.96,20.0,22.4,100.0,0.0,21.1,9.5,0.0,0.0,2827.39,68381.73,75222.66,0.0,0.0,0.0,0.0,0.0,0.0,0.0,35.73,30.09,48.81,0.0,0.0,0.0,0.0,0.0,0.0,0.0,0.0,0.0,0.0,0.0,0.0,0.0,0.0,0.0,0.0,0.0,0.0,0.0,0.0,0.0,0.0,0.0,0.0,234.77,10.18,236.33,10.14,233.92,10.23,-0.999,49.81
2026-10-08T22:15:01.307444+00:00,0.0,-39.58,19.58,20.0,23.7,93.0,0.0,21.1,9.5,0.0,0.0,2827.39,68381.73,75222.66,0.0,0.0,0.0,0.0,0.0,0.0,0.0,35.73,30.09,48.81,0.0,0.0,0.0,0.0,0.0,0.0,0.0,0.0,0.0,0.0,0.0,0.0,0.0,0.0,0.0,0.0,0.0,0.0,0.0,0.0,0.0,0.0,0.0,0.0,234.08,10.22,236.33,10.16,233.8,10.25,-0.999,49.79
2026-10-08T22:20:01.333501+00:00,0.0,-38.9,18.9,20.0,25.0,93.0,0.0,21.1,9.5,0.0,0.0,2827.39,68381.73,75222.66,0.0,0.0,0.0,0.0,0.0,0.0,0.0,35.73,30.09,48.81,0.0,0.0,0.0,0.0,0.0,0.0,0.0,0.0,0.0,0.0,0.0,0.0,0.0,0.0,0.0,0.0,0.0,0.0,0.0,0.0,0.0,0.0,0.0,0.0,234.47,10.21,236.34,10.16,233.8,10.26,-0.999,49.82
2026-10-08T22:25:01.227262+00:00,0.0,-37.08,17.08,20.0,26.3,93.0,0.0,21.1,9.5,0.0,0.0,2827.39,68381.73,75222.66,0.0,0.0,0.0,0.0,0.0,0.0,0.0,35.73,30.09,48.81,0.0,0.0,0.0,0.0,0.0,0.0,0.0,0.0,0.0,0.0,0.0,0.0,0.0,0.0,0.0,0.0,0.0,0.0,0.0,0.0,0.0,0.0,0.0,0.0,234.76,10.19,236.29,10.16,234.03,10.24,-1.0,49.83
2026-10-08T22:30:01.230310+00:00,0.0,-37.23,17.23,20.0,27.6,83.0,0.0,21.1,9.5,0.0,0.0,2827.39,68381.73,75222.66,0.0,0.0,0.0,0.0,0.0,0.0,0.0,35.73,30.09,48.81,0.0,0.0,0.0,0.0,0.0,0.0,0.0,0.0,0.0,0.0,0.0,0.0,0.0,0.0,0.0,0.0,0.0,0.0,0.0,0.0,0.0,0.0,0.0,0.0,235.24,10.17,236.78,10.13,234.15,10.23,-1.0,49.89
2026-10-08T22:35:01.894392+00:00,0.0,-37.22,17.22,20.0,28.9,83.0,0.0,21.1,9.5,0.0,0.0,2827.39,68381.73,75222.66,0.0,0.0,0.0,0.0,0.0,0.0,0.0,35.73,30.09,48.81,0.0,0.0,0.0,0.0,0.0,0.0,0.0,0.0,0.0,0.0,0.0,0.0,0.0,0.0,0.0,0.0,0.0,0.0,0.0,0.0,0.0,0.0,0.0,0.0,235.45,10.16,237.35,10.11,234.98,10.2,-1.0,49.93
2026-10-08T22:40:01.525237+00:00,0.0,-38.77,18.77,20.0,30.1,83.0,0.0,21.1,9.5,0.0,0.0,2827.39,68381.73,75222.66,0.0,0.0,0.0,0.0,0.0,0.0,0.0,35.73,30.09,48.81,0.0,0.0,0.0,0.0,0.0,0.0,0.0,0.0,0.0,0.0,0.0,0.0,0.0,0.0,0.0,0.0,0.0,0.0,0.0,0.0,0.0,0.0,0.0,0.0,235.28,10.17,237.09,10.13,234.55,10.22,-1.0,49.88
2026-10-08T22:45:01.843776+00:00,0.0,-38.93,18.93,20.0,31.4,74.0,0.0,21.0,9.4,0.0,0.0,2827.39,68381.73,75222.66,0.0,0.0,0.0,0.0,0.0,0.0,0.0,35.73,30.09,48.81,0.0,0.0,0.0,0.0,0.0,0.0,0.0,0.0,0.0,0.0,0.0,0.0,0.0,0.0,0.0,0.0,0.0,0.0,0.0,0.0,0.0,0.0,0.0,0.0,236.56,10.12,237.76,10.1,235.37,10.19,-0.999,50.09
2026-10-08T22:50:01.280299+00:00,0.0,-40.24,20.24,20.0,32.7,74.0,0.0,21.0,9.4,0.0,0.0,2827.39,68381.73,75222.66,0.0,0.0,0.0,0.0,0.0,0.0,0.0,35.73,30.09,48.81,0.0,0.0,0.0,0.0,0.0,0.0,0.0,0.0,0.0,0.0,0.0,0.0,0.0,0.0,0.0,0.0,0.0,0.0,0.0,0.0,0.0,0.0,0.0,0.0,236.33,10.13,237.58,10.11,235.09,10.2,-0.999,50.05
2026-10-08T22:55:01.195565+00:00,0.0,-37.13,17.13,20.0,33.9,74.0,0.0,21.0,9.4,0.0,0.0,2827.39,68381.73,75222.66,0.0,0.0,0.0,0.0,0.0,0.0,0.0,35.73,30.09,48.81,0.0,0.0,0.0,0.0,0.0,0.0,0.0,0.0,0.0,0.0,0.0,0.0,0.0,0.0,0.0,0.0,0.0,0.0,0.0,0.0,0.0,0.0,0.0,0.0,235.84,10.14,237.38,10.1,234.86,10.2,-1.0,49.95
2026-10-08T23:00:02.084821+00:00,0.0,-37.23,17.23,20.0,35.2,69.0,0.0,21.0,9.0,0.0,0.0,2827.39,68381.73,75222.66,0.0,0.0,0.0,0.0,0.0,0.0,0.0,35.73,30.09,48.81,0.0,0.0,0.0,0.0,0.0,0.0,0.0,0.0,0.0,0.0,0.0,0.0,0.0,0.0,0.0,0.0,0.0,0.0,0.0,0.0,0.0,0.0,0.0,0.0,235.41,10.17,236.7,10.14,234.57,10.22,-0.999,49.84
2026-10-08T23:05:01.502220+00:00,0.0,-37.53,17.53,20.0,36.5,69.0,0.0,21.0,9.0,0.0,0.0,2827.39,68381.73,75222.66,0.0,0.0,0.0,0.0,0.0,0.0,0.0,35.73,30.09,48.81,0.0,0.0,0.0,0.0,0.0,0.0,0.0,0.0,0.0,0.0,0.0,0.0,0.0,0.0,0.0,0.0,0.0,0.0,0.0,0.0,0.0,0.0,0.0,0.0,235.79,10.16,237.09,10.14,234.59,10.23,-1.0,49.83
2026-10-08T23:10:02.030830+00:00,0.0,-36.05,16.05,20.0,37.8,69.0,0.0,21.0,9.0,0.0,0.0,2827.39,68381.73,75222.66,0.0,0.0,0.0,0.0,0.0,0.0,0.0,35.73,30.09,48.81,0.0,0.0,0.0,0.0,0.0,0.0,0.0,0.0,0.0,0.0,0.0,0.0,0.0,0.0,0.0,0.0,0.0,0.0,0.0,0.0,0.0,0.0,0.0,0.0,235.98,10.15,238.11,10.09,235.25,10.19,-1.0,49.88
2026-10-08T23:15:02.059900+00:00,0.0,-39.08,19.18,19.9,39.0,72.0,0.0,21.0,8.5,0.0,0.0,2827.39,68381.73,75222.66,0.0,0.0,0.0,0.0,0.0,0.0,0.0,35.73,30.09,48.81,0.0,0.0,0.0,0.0,0.0,0.0,0.0,0.0,0.0,0.0,0.0,0.0,0.0,0.0,0.0,0.0,0.0,0.0,0.0,0.0,0.0,0.0,0.0,0.0,236.03,10.14,238.0,10.09,235.38,10.19,-1.0,49.82
2026-10-08T23:20:01.972580+00:00,0.0,-39.85,19.85,20.0,40.3,72.0,0.0,21.0,8.5,0.0,0.0,2827.39,68381.73,75222.66,0.0,0.0,0.0,0.0,0.0,0.0,0.0,35.73,30.09,48.81,0.0,0.0,0.0,0.0,0.0,0.0,0.0,0.0,0.0,0.0,0.0,0.0,0.0,0.0,0.0,0.0,0.0,0.0,0.0,0.0,0.0,0.0,0.0,0.0,235.77,10.16,237.97,10.1,235.59,10.18,-1.0,49.8
2026-10-08T23:25:01.728710+00:00,0.0,-39.86,19.96,19.9,41.6,72.0,0.0,21.0,8.5,0.0,0.0,2827.39,68381.73,75222.66,0.0,0.0,0.0,0.0,0.0,0.0,0.0,35.73,30.09,48.81,0.0,0.0,0.0,0.0,0.0,0.0,0.0,0.0,0.0,0.0,0.0,0.0,0.0,0.0,0.0,0.0,0.0,0.0,0.0,0.0,0.0,0.0,0.0,0.0,235.71,10.17,237.75,10.11,235.49,10.19,-1.0,49.8
2026-10-08T23:30:01.598240+00:00,0.0,-38.42,18.52,19.9,42.9,79.0,0.0,21.0,8.0,0.0,0.0,2827.39,68381.73,75222.66,0.0,0.0,0.0,0.0,0.0,0.0,0.0,35.73,30.09,48.81,0.0,0.0,0.0,0.0,0.0,0.0,0.0,0.0,0.0,0.0,0.0,0.0,0.0,0.0,0.0,0.0,0.0,0.0,0.0,0.0,0.0,0.0,0.0,0.0,236.19,10.15,238.11,10.1,235.76,10.18,-1.0,49.84
2026-10-08T23:35:01.604277+00:00,0.0,-38.37,18.47,19.9,44.1,79.0,0.0,21.0,8.0,0.0,0.0,2827.39,68381.73,75222.66,0.0,0.0,0.0,0.0,0.0,0.0,0.0,35.73,30.09,48.81,0.0,0.0,0.0,0.0,0.0,0.0,0.0,0.0,0.0,0.0,0.0,0.0,0.0,0.0,0.0,0.0,0.0,0.0,0.0,0.0,0.0,0.0,0.0,0.0,236.08,10.15,238.63,10.07,236.14,10.16,-1.0,49.84
2026-10-08T23:40:02.132753+00:00,0.0,-38.14,18.24,19.9,45.4,79.0,0.0,21.0,8.0,0.0,0.0,2827.39,68381.73,75222.66,0.0,0.0,0.0,0.0,0.0,0.0,0.0,35.73,30.09,48.81,0.0,0.0,0.0,0.0,0.0,0.0,0.0,0.0,0.0,0.0,0.0,0.0,0.0,0.0,0.0,0.0,0.0,0.0,0.0,0.0,0.0,0.0,0.0,0.0,236.15,10.15,238.53,10.08,235.93,10.17,-1.0,49.83
2026-10-08T23:45:01.215407+00:00,0.0,-39.7,19.8,19.9,46.7,87.0,0.0,20.9,7.4,0.0,0.0,2827.39,68381.73,75222.66,0.0,0.0,0.0,0.0,0.0,0.0,0.0,35.73,30.09,48.81,0.0,0.0,0.0,0.0,0.0,0.0,0.0,0.0,0.0,0.0,0.0,0.0,0.0,0.0,0.0,0.0,0.0,0.0,0.0,0.0,0.0,0.0,0.0,0.0,236.14,10.17,238.51,10.09,235.5,10.21,-0.999,49.84
2026-10-08T23:50:02.039237+00:00,0.0,-39.79,19.89,19.9,47.9,87.0,0.0,20.9,7.4,0.0,0.0,2827.39,68381.73,75222.66,0.0,0.0,0.0,0.0,0.0,0.0,0.0,35.73,30.09,48.81,0.0,0.0,0.0,0.0,0.0,0.0,0.0,0.0,0.0,0.0,0.0,0.0,0.0,0.0,0.0,0.0,0.0,0.0,0.0,0.0,0.0,0.0,0.0,0.0,236.41,10.14,238.94,10.07,236.25,10.17,-0.998,49.91
2026-10-08T23:55:01.886383+00:00,0.0,-39.75,19.75,20.0,49.2,87.0,0.0,20.9,7.4,0.0,0.0,2827.39,68381.73,75222.66,0.0,0.0,0.0,0.0,0.0,0.0,0.0,35.73,30.09,48.81,0.0,0.0,0.0,0.0,0.0,0.0,0.0,0.0,0.0,0.0,0.0,0.0,0.0,0.0,0.0,0.0,0.0,0.0,0.0,0.0,0.0,0.0,0.0,0.0,236.93,10.13,239.15,10.07,236.61,10.16,-1.0,50.04
2026-10-09T00:00:01.897416+00:00,0.0,-37.3,17.3,20.0,50.5,93.0,0.0,20.9,7.1,0.0,0.0,2827.39,68381.73,75222.66,0.0,0.0,0.0,0.0,0.0,0.0,0.0,35.73,30.09,48.81,0.0,0.0,0.0,0.0,0.0,0.0,0.0,0.0,0.0,0.0,0.0,0.0,0.0,0.0,0.0,0.0,0.0,0.0,0.0,0.0,0.0,0.0,0.0,0.0,236.68,10.14,238.45,10.09,236.08,10.18,-1.0,50.14
2026-10-09T00:05:01.668086+00:00,0.0,-37.36,17.46,19.9,51.7,93.0,0.0,20.9,7.1,0.0,0.0,2827.39,68381.73,75222.66,0.0,0.0,0.0,0.0,0.0,0.0,0.0,35.73,30.09,48.81,0.0,0.0,0.0,0.0,0.0,0.0,0.0,0.0,0.0,0.0,0.0,0.0,0.0,0.0,0.0,0.0,0.0,0.0,0.0,0.0,0.0,0.0,0.0,0.0,237.06,10.12,238.41,10.09,235.94,10.18,-0.999,50.22
2026-10-09T00:10:01.177634+00:00,0.0,-37.33,17.43,19.9,53.0,93.0,0.0,20.9,7.1,0.0,0.0,2827.39,68381.73,75222.66,0.0,0.0,0.0,0.0,0.0,0.0,0.0,35.73,30.09,48.81,0.0,0.0,0.0,0.0,0.0,0.0,0.0,0.0,0.0,0.0,0.0,0.0,0.0,0.0,0.0,0.0,0.0,0.0,0.0,0.0,0.0,0.0,0.0,0.0,236.71,10.14,238.82,10.08,235.84,10.2,-1.0,50.19
2026-10-09T00:15:02.046969+00:00,0.0,-37.29,17.29,20.0,54.2,70.0,0.0,20.8,7.0,0.0,0.0,2827.39,68381.73,75222.66,0.0,0.0,0.0,0.0,0.0,0.0,0.0,35.73,30.09,48.81,0.0,0.0,0.0,0.0,0.0,0.0,0.0,0.0,0.0,0.0,0.0,0.0,0.0,0.0,0.0,0.0,0.0,0.0,0.0,0.0,0.0,0.0,0.0,0.0,235.54,10.19,237.33,10.14,234.8,10.24,-1.0,50.07
2026-10-09T00:20:02.027488+00:00,0.0,-39.19,19.19,20.0,55.5,70.0,0.0,21.2,7.6,0.0,0.0,2827.39,68381.73,75222.66,0.0,0.0,0.0,0.0,0.0,0.0,0.0,35.73,30.09,48.81,0.0,0.0,0.0,0.0,0.0,0.0,0.0,0.0,0.0,0.0,0.0,0.0,0.0,0.0,0.0,0.0,0.0,0.0,0.0,0.0,0.0,0.0,0.0,0.0,235.55,10.18,237.3,10.14,234.53,10.25,-1.0,50.06
2026-10-09T00:25:01.712472+00:00,0.0,-41.55,21.55,20.0,56.7,70.0,0.0,21.2,7.6,0.0,0.0,2827.39,68381.73,75222.66,0.0,0.0,0.0,0.0,0.0,0.0,0.0,35.73,30.09,48.81,0.0,0.0,0.0,0.0,0.0,0.0,0.0,0.0,0.0,0.0,0.0,0.0,0.0,0.0,0.0,0.0,0.0,0.0,0.0,0.0,0.0,0.0,0.0,0.0,234.25,10.23,235.78,10.2,233.67,10.28,-1.0,49.81
2026-10-09T00:30:01.937378+00:00,0.0,-38.76,18.86,19.9,58.0,80.0,0.0,21.2,7.4,0.0,0.0,2827.39,68381.73,75222.66,0.0,0.0,0.0,0.0,0.0,0.0,0.0,35.73,30.09,48.81,0.0,0.0,0.0,0.0,0.0,0.0,0.0,0.0,0.0,0.0,0.0,0.0,0.0,0.0,0.0,0.0,0.0,0.0,0.0,0.0,0.0,0.0,0.0,0.0,234.19,10.23,235.31,10.22,233.16,10.3,-0.999,49.75
2026-10-09T00:35:02.119552+00:00,0.0,-37.21,17.21,20.0,59.3,80.0,0.0,21.2,7.4,0.0,0.0,2827.39,68381.73,75222.66,0.0,0.0,0.0,0.0,0.0,0.0,0.0,35.73,30.09,48.81,0.0,0.0,0.0,0.0,0.0,0.0,0.0,0.0,0.0,0.0,0.0,0.0,0.0,0.0,0.0,0.0,0.0,0.0,0.0,0.0,0.0,0.0,0.0,0.0,234.02,10.25,235.81,10.21,233.25,10.3,-1.0,49.82
2026-10-09T00:40:01.992050+00:00,0.0,-37.43,17.43,20.0,60.5,80.0,0.0,21.2,7.4,0.0,0.0,2827.39,68381.73,75222.66,0.0,0.0,0.0,0.0,0.0,0.0,0.0,35.73,30.09,48.81,0.0,0.0,0.0,0.0,0.0,0.0,0.0,0.0,0.0,0.0,0.0,0.0,0.0,0.0,0.0,0.0,0.0,0.0,0.0,0.0,0.0,0.0,0.0,0.0,233.71,10.27,235.55,10.22,233.04,10.32,-1.0,49.83
2026-10-09T00:45:01.556488+00:00,0.0,-37.28,17.28,20.0,61.8,91.0,0.0,21.1,7.2,0.0,0.0,2827.39,68381.73,75222.66,0.0,0.0,0.0,0.0,0.0,0.0,0.0,35.73,30.09,48.81,0.0,0.0,0.0,0.0,0.0,0.0,0.0,0.0,0.0,0.0,0.0,0.0,0.0,0.0,0.0,0.0,0.0,0.0,0.0,0.0,0.0,0.0,0.0,0.0,234.1,10.24,236.0,10.19,233.44,10.29,-1.0,49.84
2026-10-09T00:50:01.599362+00:00,0.0,-37.29,17.29,20.0,63.0,91.0,0.0,21.1,7.2,0.0,0.0,2827.39,68381.73,75222.66,0.0,0.0,0.0,0.0,0.0,0.0,0.0,35.73,30.09,48.81,0.0,0.0,0.0,0.0,0.0,0.0,0.0,0.0,0.0,0.0,0.0,0.0,0.0,0.0,0.0,0.0,0.0,0.0,0.0,0.0,0.0,0.0,0.0,0.0,234.29,10.24,235.93,10.2,233.29,10.3,-1.0,49.87
2026-10-09T00:55:01.216215+00:00,0.0,-38.88,18.98,19.9,64.3,91.0,0.0,21.1,7.2,0.0,0.0,2827.39,68381.73,75222.66,0.0,0.0,0.0,0.0,0.0,0.0,0.0,35.73,30.09,48.81,0.0,0.0,0.0,0.0,0.0,0.0,0.0,0.0,0.0,0.0,0.0,0.0,0.0,0.0,0.0,0.0,0.0,0.0,0.0,0.0,0.0,0.0,0.0,0.0,234.6,10.24,236.3,10.19,233.73,10.29,-0.999,49.94
2026-10-09T01:00:01.277242+00:00,0.0,-38.0,17.9,20.1,65.5,98.0,0.0,21.0,6.9,0.0,0.0,2827.39,68381.73,75222.66,0.0,0.0,0.0,0.0,0.0,0.0,0.0,35.73,30.09,48.81,0.0,0.0,0.0,0.0,0.0,0.0,0.0,0.0,0.0,0.0,0.0,0.0,0.0,0.0,0.0,0.0,0.0,0.0,0.0,0.0,0.0,0.0,0.0,0.0,235.13,10.2,236.51,10.18,234.32,10.26,-0.999,50.11
2026-10-09T01:05:01.691847+00:00,0.0,-37.78,17.78,20.0,66.8,98.0,0.0,21.0,6.9,0.0,0.0,2827.39,68381.73,75222.66,0.0,0.0,0.0,0.0,0.0,0.0,0.0,35.73,30.09,48.81,0.0,0.0,0.0,0.0,0.0,0.0,0.0,0.0,0.0,0.0,0.0,0.0,0.0,0.0,0.0,0.0,0.0,0.0,0.0,0.0,0.0,0.0,0.0,0.0,235.2,10.21,236.69,10.18,234.41,10.26,-1.0,50.15
2026-10-09T01:10:01.173853+00:00,0.0,-36.16,16.16,20.0,68.0,98.0,0.0,21.0,6.9,0.0,0.0,2827.39,68381.73,75222.66,0.0,0.0,0.0,0.0,0.0,0.0,0.0,35.73,30.09,48.81,0.0,0.0,0.0,0.0,0.0,0.0,0.0,0.0,0.0,0.0,0.0,0.0,0.0,0.0,0.0,0.0,0.0,0.0,0.0,0.0,0.0,0.0,0.0,0.0,234.57,10.26,236.1,10.22,233.94,10.3,-1.0,50.08
2026-10-09T01:15:01.755613+00:00,0.0,-36.24,16.14,20.1,69.3,100.0,0.0,20.9,6.5,0.0,0.0,2827.39,68381.73,75222.66,0.0,0.0,0.0,0.0,0.0,0.0,0.0,35.73,30.09,48.81,0.0,0.0,0.0,0.0,0.0,0.0,0.0,0.0,0.0,0.0,0.0,0.0,0.0,0.0,0.0,0.0,0.0,0.0,0.0,0.0,0.0,0.0,0.0,0.0,234.61,10.24,236.64,10.18,234.0,10.28,-1.0,50.13
2026-10-09T01:20:01.652883+00:00,0.0,-38.06,17.96,20.1,70.5,100.0,0.0,20.9,6.5,0.0,0.0,2827.39,68381.73,75222.66,0.0,0.0,0.0,0.0,0.0,0.0,0.0,35.73,30.09,48.81,0.0,0.0,0.0,0.0,0.0,0.0,0.0,0.0,0.0,0.0,0.0,0.0,0.0,0.0,0.0,0.0,0.0,0.0,0.0,0.0,0.0,0.0,0.0,0.0,232.92,10.33,234.54,10.28,232.37,10.36,-1.0,49.84
2026-10-09T01:25:01.779161+00:00,0.0,-37.73,17.63,20.1,71.8,100.0,0.0,20.9,6.5,0.0,0.0,2827.39,68381.73,75222.66,0.0,0.0,0.0,0.0,0.0,0.0,0.0,35.73,30.09,48.81,0.0,0.0,0.0,0.0,0.0,0.0,0.0,0.0,0.0,0.0,0.0,0.0,0.0,0.0,0.0,0.0,0.0,0.0,0.0,0.0,0.0,0.0,0.0,0.0,233.79,10.28,235.03,10.25,233.03,10.33,-0.999,49.94
2026-10-09T01:30:01.438667+00:00,0.0,-37.71,17.71,20.0,73.0,100.0,0.0,20.6,6.0,0.0,0.0,2827.39,68381.73,75222.66,0.0,0.0,0.0,0.0,0.0,0.0,0.0,35.73,30.09,48.81,0.0,0.0,0.0,0.0,0.0,0.0,0.0,0.0,0.0,0.0,0.0,0.0,0.0,0.0,0.0,0.0,0.0,0.0,0.0,0.0,0.0,0.0,0.0,0.0,233.51,10.3,235.42,10.25,233.13,10.33,-0.999,50.03
2026-10-09T01:35:01.575842+00:00,0.0,-37.72,17.72,20.0,74.3,100.0,0.0,20.6,6.0,0.0,0.0,2827.39,68381.73,75222.66,0.0,0.0,0.0,0.0,0.0,0.0,0.0,35.73,30.09,48.81,0.0,0.0,0.0,0.0,0.0,0.0,0.0,0.0,0.0,0.0,0.0,0.0,0.0,0.0,0.0,0.0,0.0,0.0,0.0,0.0,0.0,0.0,0.0,0.0,233.86,10.29,235.86,10.23,233.06,10.34,-1.0,50.06
2026-10-09T01:40:01.254692+00:00,0.0,-38.7,18.7,20.0,75.5,100.0,0.0,20.6,6.0,0.0,0.0,2827.39,68381.73,75222.66,0.0,0.0,0.0,0.0,0.0,0.0,0.0,35.73,30.09,48.81,0.0,0.0,0.0,0.0,0.0,0.0,0.0,0.0,0.0,0.0,0.0,0.0,0.0,0.0,0.0,0.0,0.0,0.0,0.0,0.0,0.0,0.0,0.0,0.0,233.24,10.32,235.21,10.27,232.77,10.36,-1.0,49.96
2026-10-09T01:45:01.388048+00:00,0.0,-35.93,15.93,20.0,76.8,100.0,0.0,20.4,5.6,0.0,0.0,2827.39,68381.73,75222.66,0.0,0.0,0.0,0.0,0.0,0.0,0.0,35.73,30.09,48.81,0.0,0.0,0.0,0.0,0.0,0.0,0.0,0.0,0.0,0.0,0.0,0.0,0.0,0.0,0.0,0.0,0.0,0.0,0.0,0.0,0.0,0.0,0.0,0.0,233.28,10.34,235.13,10.29,232.45,10.4,-0.999,49.92
2026-10-09T01:50:01.159928+00:00,0.0,-39.87,19.87,20.0,78.0,100.0,0.0,20.4,5.6,0.0,0.0,2827.39,68381.73,75222.66,0.0,0.0,0.0,0.0,0.0,0.0,0.0,35.73,30.09,48.81,0.0,0.0,0.0,0.0,0.0,0.0,0.0,0.0,0.0,0.0,0.0,0.0,0.0,0.0,0.0,0.0,0.0,0.0,0.0,0.0,0.0,0.0,0.0,0.0,233.24,10.33,235.17,10.28,232.61,10.38,-1.0,49.93
2026-10-09T01:55:01.159806+00:00,0.0,-40.08,20.08,20.0,79.3,100.0,0.0,20.4,5.6,0.0,0.0,2827.39,68381.73,75222.66,0.0,0.0,0.0,0.0,0.0,0.0,0.0,35.73,30.09,48.81,0.0,0.0,0.0,0.0,0.0,0.0,0.0,0.0,0.0,0.0,0.0,0.0,0.0,0.0,0.0,0.0,0.0,0.0,0.0,0.0,0.0,0.0,0.0,0.0,233.06,10.33,235.31,10.26,232.74,10.36,-1.0,50.07
2026-10-09T02:00:01.744594+00:00,0.0,-41.8,21.8,20.0,80.5,97.0,0.0,20.2,5.2,0.0,0.0,2827.39,68381.73,75222.66,0.0,0.0,0.0,0.0,0.0,0.0,0.0,35.73,30.09,48.81,0.0,0.0,0.0,0.0,0.0,0.0,0.0,0.0,0.0,0.0,0.0,0.0,0.0,0.0,0.0,0.0,0.0,0.0,0.0,0.0,0.0,0.0,0.0,0.0,233.46,10.33,235.48,10.27,232.8,10.37,-1.0,50.15
2026-10-09T02:05:01.468155+00:00,0.0,-41.84,21.84,20.0,81.8,97.0,0.0,20.2,5.2,0.0,0.0,2827.39,68381.73,75222.66,0.0,0.0,0.0,0.0,0.0,0.0,0.0,35.73,30.09,48.81,0.0,0.0,0.0,0.0,0.0,0.0,0.0,0.0,0.0,0.0,0.0,0.0,0.0,0.0,0.0,0.0,0.0,0.0,0.0,0.0,0.0,0.0,0.0,0.0,233.67,10.33,235.07,10.3,233.26,10.37,-1.0,50.18
2026-10-09T02:10:01.925094+00:00,0.0,-41.85,21.85,20.0,83.0,97.0,0.0,20.2,5.2,0.0,0.0,2827.39,68381.73,75222.66,0.0,0.0,0.0,0.0,0.0,0.0,0.0,35.73,30.09,48.81,0.0,0.0,0.0,0.0,0.0,0.0,0.0,0.0,0.0,0.0,0.0,0.0,0.0,0.0,0.0,0.0,0.0,0.0,0.0,0.0,0.0,0.0,0.0,0.0,231.61,10.4,233.59,10.34,231.06,10.44,-1.0,49.91
2026-10-09T02:15:01.585597+00:00,0.0,-40.15,20.15,20.0,84.3,80.0,0.0,20.1,5.0,0.0,0.0,2827.39,68381.73,75222.66,0.0,0.0,0.0,0.0,0.0,0.0,0.0,35.73,30.09,48.81,0.0,0.0,0.0,0.0,0.0,0.0,0.0,0.0,0.0,0.0,0.0,0.0,0.0,0.0,0.0,0.0,0.0,0.0,0.0,0.0,0.0,0.0,0.0,0.0,234.29,10.31,236.41,10.24,233.96,10.34,-1.0,49.95
2026-10-09T02:20:01.972243+00:00,0.0,-40.29,20.29,20.0,85.5,80.0,0.0,20.1,5.0,0.0,0.0,2827.39,68381.73,75222.66,0.0,0.0,0.0,0.0,0.0,0.0,0.0,35.73,30.09,48.81,0.0,0.0,0.0,0.0,0.0,0.0,0.0,0.0,0.0,0.0,0.0,0.0,0.0,0.0,0.0,0.0,0.0,0.0,0.0,0.0,0.0,0.0,0.0,0.0,234.12,10.3,236.03,10.25,233.82,10.33,-1.0,49.84
2026-10-09T02:25:01.164247+00:00,0.0,-40.28,20.18,20.1,86.7,80.0,0.0,20.1,5.0,0.0,0.0,2827.39,68381.73,75222.66,0.0,0.0,0.0,0.0,0.0,0.0,0.0,35.73,30.09,48.81,0.0,0.0,0.0,0.0,0.0,0.0,0.0,0.0,0.0,0.0,0.0,0.0,0.0,0.0,0.0,0.0,0.0,0.0,0.0,0.0,0.0,0.0,0.0,0.0,233.71,10.33,235.9,10.27,233.18,10.37,-1.0,49.8
2026-10-09T02:30:01.280100+00:00,0.0,-36.22,16.12,20.1,88.0,55.0,0.0,19.9,4.9,0.0,0.0,2827.39,68381.73,75222.66,0.0,0.0,0.0,0.0,0.0,0.0,0.0,35.73,30.09,48.81,0.0,0.0,0.0,0.0,0.0,0.0,0.0,0.0,0.0,0.0,0.0,0.0,0.0,0.0,0.0,0.0,0.0,0.0,0.0,0.0,0.0,0.0,0.0,0.0,235.74,10.24,238.21,10.17,235.29,10.28,-1.0,49.92
2026-10-09T02:35:02.000566+00:00,0.0,-37.78,17.78,20.0,89.2,55.0,0.0,19.9,4.9,0.0,0.0,2827.39,68381.73,75222.66,0.0,0.0,0.0,0.0,0.0,0.0,0.0,35.73,30.09,48.81,0.0,0.0,0.0,0.0,0.0,0.0,0.0,0.0,0.0,0.0,0.0,0.0,0.0,0.0,0.0,0.0,0.0,0.0,0.0,0.0,0.0,0.0,0.0,0.0,238.64,10.11,240.61,10.06,238.0,10.16,-1.0,50.09
2026-10-09T02:40:01.911462+00:00,0.0,-37.91,17.91,20.0,90.5,55.0,0.0,19.9,4.9,0.0,0.0,2827.39,68381.73,75222.66,0.0,0.0,0.0,0.0,0.0,0.0,0.0,35.73,30.09,48.81,0.0,0.0,0.0,0.0,0.0,0.0,0.0,0.0,0.0,0.0,0.0,0.0,0.0,0.0,0.0,0.0,0.0,0.0,0.0,0.0,0.0,0.0,0.0,0.0,238.95,10.13,240.1,10.11,237.86,10.19,-1.0,50.13
2026-10-09T02:45:02.014843+00:00,0.0,-37.78,17.78,20.0,91.7,30.0,0.0,19.8,4.9,0.0,0.0,2827.39,68381.73,75222.66,0.0,0.0,0.0,0.0,0.0,0.0,0.0,35.73,30.09,48.81,0.0,0.0,0.0,0.0,0.0,0.0,0.0,0.0,0.0,0.0,0.0,0.0,0.0,0.0,0.0,0.0,0.0,0.0,0.0,0.0,0.0,0.0,0.0,0.0,238.47,10.16,240.24,10.11,237.44,10.22,-1.0,50.08
2026-10-09T02:50:01.559483+00:00,0.0,-37.36,17.46,19.9,92.9,30.0,0.0,19.8,4.9,0.0,0.0,2827.39,68381.73,75222.66,0.0,0.0,0.0,0.0,0.0,0.0,0.0,35.73,30.09,48.81,0.0,0.0,0.0,0.0,0.0,0.0,0.0,0.0,0.0,0.0,0.0,0.0,0.0,0.0,0.0,0.0,0.0,0.0,0.0,0.0,0.0,0.0,0.0,0.0,237.04,10.21,239.2,10.15,236.42,10.25,-1.0,49.91
2026-10-09T02:55:01.344252+00:00,0.0,-36.11,16.11,20.0,94.2,30.0,0.0,19.8,4.9,0.0,0.0,2827.39,68381.73,75222.66,0.0,0.0,0.0,0.0,0.0,0.0,0.0,35.73,30.09,48.81,0.0,0.0,0.0,0.0,0.0,0.0,0.0,0.0,0.0,0.0,0.0,0.0,0.0,0.0,0.0,0.0,0.0,0.0,0.0,0.0,0.0,0.0,0.0,0.0,238.55,10.16,240.59,10.1,237.63,10.21,-1.0,50.13
2026-10-09T03:00:01.164439+00:00,0.0,-36.16,16.16,20.0,95.4,13.0,0.0,19.6,4.9,0.0,0.0,2827.39,68381.73,75222.66,0.0,0.0,0.0,0.0,0.0,0.0,0.0,35.73,30.09,48.81,0.0,0.0,0.0,0.0,0.0,0.0,0.0,0.0,0.0,0.0,0.0,0.0,0.0,0.0,0.0,0.0,0.0,0.0,0.0,0.0,0.0,0.0,0.0,0.0,237.5,10.2,240.0,10.13,236.61,10.25,-1.0,49.98
2026-10-09T03:05:01.618016+00:00,0.0,-36.14,16.24,19.9,96.7,13.0,0.0,19.6,4.9,0.0,0.0,2827.39,68381.73,75222.66,0.0,0.0,0.0,0.0,0.0,0.0,0.0,35.73,30.09,48.81,0.0,0.0,0.0,0.0,0.0,0.0,0.0,0.0,0.0,0.0,0.0,0.0,0.0,0.0,0.0,0.0,0.0,0.0,0.0,0.0,0.0,0.0,0.0,0.0,237.47,10.23,239.17,10.19,236.29,10.29,-1.0,49.97
2026-10-09T03:10:02.144681+00:00,0.0,-36.24,16.24,20.0,98.0,13.0,0.0,19.6,4.9,0.0,0.0,2827.39,68381.73,75222.66,0.0,0.0,0.0,0.0,0.0,0.0,0.0,35.73,30.09,48.81,0.0,0.0,0.0,0.0,0.0,0.0,0.0,0.0,0.0,0.0,0.0,0.0,0.0,0.0,0.0,0.0,0.0,0.0,0.0,0.0,0.0,0.0,0.0,0.0,234.81,10.34,237.48,10.26,234.03,10.4,-1.0,49.79
2026-10-09T03:15:01.623330+00:00,0.0,-37.96,17.86,20.1,99.2,8.0,0.0,19.5,5.2,0.0,0.0,2827.39,68381.73,75222.66,0.0,0.0,0.0,0.0,0.0,0.0,0.0,35.73,30.09,48.81,205.2,0.01,199.4,0.02,204.1,0.01,0.0,0.0,211.7,0.01,0.0,0.0,201.8,0.02,201.1,0.02,210.7,0.01,201.1,0.01,210.2,0.01,0.0,0.0,234.79,10.37,237.46,10.28,233.82,10.43,-1.0,49.81
2026-10-09T03:20:01.556075+00:00,0.0,-37.92,17.92,20.0,99.9,8.0,0.0,19.5,5.2,0.0,0.0,2827.39,68381.73,75222.66,0.0,0.0,0.0,0.0,0.0,0.0,0.0,35.73,30.09,48.81,171.1,0.01,225.2,0.03,171.7,0.04,0.0,0.0,203.8,0.0,0.0,0.0,188.1,0.05,177.9,0.06,202.9,0.03,200.9,0.04,198.1,0.04,0.0,0.0,237.15,10.31,239.88,10.22,235.89,10.38,-0.999,50.09
2026-10-09T03:25:01.970370+00:00,0.0,-17.19,16.59,0.0,100.0,8.0,0.0,19.5,5.2,0.0,0.0,2827.39,68381.73,75222.66,0.0,0.0,0.0,0.0,0.0,0.0,0.0,35.73,30.09,48.81,174.7,0.0,251.0,0.07,190.5,0.08,0.0,0.0,200.2,-0.02,0.0,0.0,180.0,0.08,178.7,0.1,197.1,0.02,200.6,0.08,233.5,0.07,0.0,0.0,236.24,10.13,238.87,10.05,235.0,10.2,-0.99,50.01
2026-10-09T03:30:01.412180+00:00,0.0,-17.16,16.56,0.0,100.0,11.0,0.0,19.3,5.9,0.0,0.0,2827.39,68381.73,75222.66,0.0,0.0,0.0,0.0,0.0,0.0,0.0,35.73,30.09,48.81,173.4,0.0,255.4,0.08,231.8,0.07,0.0,0.0,221.9,-0.04,0.0,0.0,192.2,0.05,186.9,0.03,228.4,-0.04,194.8,0.0,270.4,0.12,0.0,0.0,235.7,0.6,238.13,0.62,234.45,0.63,-0.597,49.85
2026-10-09T03:35:02.077361+00:00,0.0,-17.05,17.05,0.0,100.0,11.0,0.0,19.3,5.9,0.0,0.0,2827.39,68381.73,75222.66,0.0,0.0,0.0,0.0,0.0,0.0,0.0,35.73,30.09,48.81,168.7,0.04,264.3,0.06,239.0,0.05,0.0,0.0,256.3,-0.04,0.0,0.0,240.2,0.1,188.5,0.0,233.6,-0.05,268.6,0.08,358.0,0.12,0.0,0.0,235.39,0.67,238.03,0.67,234.24,0.7,-0.615,49.87
2026-10-09T03:40:01.207969+00:00,0.0,-22.41,22.41,0.0,100.0,11.0,0.0,19.3,5.9,0.0,0.0,2827.39,68381.73,75222.66,0.0,0.0,0.0,0.0,0.0,0.0,0.0,35.73,30.09,48.81,176.0,0.08,257.2,0.02,242.9,0.03,0.0,0.0,417.7,-0.03,0.0,0.0,304.0,0.16,229.7,0.04,222.3,-0.02,327.1,0.11,386.6,0.16,0.0,0.0,234.49,0.71,237.55,0.72,233.67,0.75,-0.529,49.92
2026-10-09T03:45:01.627783+00:00,0.0,-20.69,20.69,0.0,100.0,16.0,0.0,19.2,6.4,0.0,0.0,2827.39,68381.73,75222.66,0.0,0.0,0.0,0.0,0.0,0.0,0.0,35.73,30.09,48.81,201.8,0.13,322.0,0.04,351.8,0.09,0.0,0.0,478.6,-0.02,0.0,0.0,359.7,0.14,419.8,0.12,260.8,0.01,445.4,0.12,390.0,0.16,0.0,0.0,234.56,0.48,237.37,0.52,233.6,0.53,-0.37,49.97
2026-10-09T03:50:01.842005+00:00,0.0,-16.18,16.18,0.0,100.0,16.0,0.0,19.2,6.4,0.0,0.0,2827.39,68381.73,75222.66,0.0,0.0,0.0,0.0,0.0,0.0,0.0,35.73,30.09,48.81,233.6,0.17,404.1,0.05,403.4,0.07,0.0,0.0,434.6,0.08,0.0,0.0,405.4,0.11,435.4,0.08,302.1,0.05,457.6,0.07,435.2,0.13,0.0,0.0,234.97,0.44,237.26,0.48,233.89,0.48,0.013,50.07
2026-10-09T03:55:01.807115+00:00,0.0,-18.03,18.03,0.0,100.0,16.0,0.0,19.2,6.4,0.0,0.0,2827.39,68381.73,75222.66,0.0,0.0,0.0,0.0,0.04,0.0,0.0,35.73,30.09,48.81,312.1,0.23,450.9,0.11,446.8,0.1,0.0,0.0,447.6,0.25,0.0,0.0,436.8,0.13,422.7,0.09,389.6,0.17,455.2,0.11,450.8,0.14,0.0,0.0,236.05,0.5,238.22,0.53,234.47,0.52,0.465,50.11
2026-10-09T04:00:01.706603+00:00,0.6,-15.66,16.26,0.0,100.0,19.0,14.0,19.3,6.7,0.0,0.02,2827.41,68381.75,75222.68,0.0,0.0,0.0,0.09,0.12,0.09,0.01,35.73,30.09,48.81,369.7,0.37,452.7,0.28,466.7,0.24,0.0,0.0,458.5,0.31,0.0,0.0,452.5,0.27,456.8,0.29,507.1,0.26,473.1,0.27,456.7,0.26,0.0,0.0,238.42,0.52,240.55,0.56,237.06,0.56,0.612,50.12
2026-10-09T04:05:01.396494+00:00,1.5,-14.98,16.48,0.0,100.0,19.0,14.0,19.3,6.7,0.0,0.06,2827.45,68381.79,75222.72,0.0,0.0,0.0,0.2,0.21,0.23,0.01,35.73,30.09,48.81,445.1,0.36,471.4,0.35,475.4,0.33,0.0,0.0,448.8,0.31,0.0,0.0,476.3,0.35,465.2,0.39,464.4,0.37,467.6,0.36,472.7,0.34,0.0,0.0,239.86,0.54,242.12,0.58,238.37,0.57,0.759,49.93
2026-10-09T04:10:01.600368+00:00,1.6,-14.9,16.5,0.0,100.0,19.0,14.0,19.3,6.7,0.0,0.13,2827.52,68381.86,75222.79,0.0,0.0,0.0,0.46,0.49,0.47,0.01,35.73,30.09,48.81,466.9,0.37,477.6,0.41,482.0,0.42,0.0,0.0,475.1,0.34,0.0,0.0,509.2,0.41,479.2,0.46,466.3,0.38,472.7,0.43,490.1,0.46,0.0,0.0,239.17,0.81,241.48,0.83,237.43,0.83,0.932,49.92
2026-10-09T04:15:01.375052+00:00,2.0,-14.34,16.34,0.0,100.0,18.0,14.0,19.7,6.6,0.0,0.28,2827.67,68382.01,75222.94,0.0,0.0,0.0,0.53,0.57,0.55,0.01,35.73,30.09,48.81,480.3,0.62,492.5,0.5,494.5,0.48,0.0,0.0,497.0,0.64,0.0,0.0,479.2,0.54,496.5,0.49,483.0,0.62,492.2,0.51,489.5,0.55,0.0,0.0,239.15,0.86,241.13,0.88,237.22,0.88,0.986,50.01
2026-10-09T04:20:02.119500+00:00,3.2,-15.11,18.31,0.0,100.0,18.0,14.0,19.7,6.6,0.0,0.44,2827.83,68382.17,75223.1,0.0,0.0,0.0,0.63,0.67,0.66,0.01,35.73,30.09,48.81,487.7,0.68,490.4,0.55,492.2,0.52,0.0,0.0,494.5,0.7,0.0,0.0,487.8,0.59,483.6,0.57,500.5,0.67,483.9,0.57,487.7,0.6,0.0,0.0,239.19,1.11,241.97,1.1,237.45,1.12,0.966,50.15
2026-10-09T04:25:02.074543+00:00,2.9,-14.59,17.49,0.0,100.0,18.0,14.0,19.7,6.6,0.0,0.66,2828.05,68382.39,75223.32,0.0,0.0,0.0,1.02,1.09,1.08,0.01,35.73,30.09,48.81,491.8,0.82,497.7,0.76,497.6,0.74,0.0,0.0,492.0,0.79,0.0,0.0,497.0,0.79,487.5,0.79,500.6,0.82,496.4,0.79,491.8,0.81,0.0,0.0,239.75,1.52,241.87,1.53,238.0,1.55,0.985,50.2
2026-10-09T04:30:01.731067+00:00,4.2,-13.09,17.29,0.0,100.0,17.0,14.0,20.3,6.4,0.0,0.9,2828.29,68382.63,75223.56,0.0,0.0,0.0,0.93,1.0,0.99,0.01,35.73,30.09,48.81,491.1,0.88,496.2,0.86,498.0,0.84,0.0,0.0,490.4,0.82,0.0,0.0,499.8,0.91,484.1,0.91,488.5,0.91,494.3,0.89,494.4,0.94,0.0,0.0,239.65,1.42,241.56,1.41,237.57,1.43,0.983,50.15
2026-10-09T04:35:01.273747+00:00,4.6,-16.54,21.14,0.0,100.0,17.0,14.0,20.3,6.4,0.0,1.19,2828.58,68382.92,75223.85,0.0,0.0,0.0,1.36,1.41,1.43,0.01,35.73,30.09,48.81,498.2,0.94,505.9,0.92,505.0,0.92,0.0,0.0,500.8,0.91,0.0,0.0,498.5,0.99,501.3,0.95,497.8,0.97,500.1,0.96,499.8,1.02,0.0,0.0,239.41,2.0,242.42,1.98,238.38,2.03,0.986,50.18
2026-10-09T04:40:01.469726+00:00,6.2,-13.51,19.71,0.0,100.0,17.0,14.0,20.3,6.4,0.0,1.55,2828.94,68383.28,75224.21,0.0,0.0,0.0,1.51,1.53,1.61,0.01,35.73,30.09,48.81,504.5,1.14,513.6,0.99,507.0,1.02,0.0,0.0,498.3,1.2,0.0,0.0,502.4,1.09,501.3,1.04,499.2,1.21,502.9,1.06,501.0,1.14,0.0,0.0,239.31,2.15,242.3,2.14,238.04,2.18,0.999,50.17
2026-10-09T04:45:01.856867+00:00,5.4,-10.21,15.61,0.0,100.0,15.0,14.0,21.1,6.0,0.0,2.02,2829.41,68383.75,75224.68,0.0,0.0,0.0,2.09,1.89,2.22,0.01,35.73,30.09,48.81,506.9,1.5,522.5,1.25,510.6,1.37,0.0,0.0,508.1,1.45,0.0,0.0,509.6,1.38,506.7,1.34,505.4,1.57,514.3,1.4,508.4,1.52,0.0,0.0,239.64,2.95,242.07,2.94,237.85,2.99,0.984,50.16
2026-10-09T04:50:01.686074+00:00,5.2,-12.56,17.76,0.0,100.0,15.0,14.0,21.1,6.0,0.0,2.44,2829.83,68384.17,75225.1,0.0,0.0,0.0,1.7,1.8,1.93,0.01,35.73,30.09,48.81,508.9,1.37,525.1,1.04,505.5,1.24,0.0,0.0,502.3,1.4,0.0,0.0,510.3,1.2,507.0,1.16,505.3,1.52,509.0,1.25,508.0,1.45,0.0,0.0,239.74,2.43,241.94,2.43,238.31,2.46,0.989,50.15
2026-10-09T04:55:01.320944+00:00,10.8,-7.05,17.85,0.0,100.0,15.0,14.0,21.1,6.0,0.0,3.04,2830.43,68384.77,75225.7,0.0,0.0,0.0,1.57,1.6,2.0,0.01,35.73,30.09,48.81,516.2,2.01,533.7,0.99,518.7,1.93,0.0,0.0,509.1,1.86,0.0,0.0,528.8,1.22,526.7,1.17,515.6,2.21,515.2,1.97,520.4,2.12,0.0,0.0,240.52,2.28,242.28,2.27,238.61,2.31,1.0,50.17
2026-10-09T05:00:02.177638+00:00,12.0,-9.39,21.39,0.0,100.0,13.0,156.0,21.8,5.5,0.0,3.82,2831.21,68385.55,75226.48,0.0,0.0,0.0,3.62,2.42,4.86,0.01,35.73,30.09,48.81,522.7,2.66,498.7,1.1,519.9,2.56,0.0,0.0,517.4,2.51,0.0,0.0,549.8,1.05,548.5,1.0,524.1,3.04,516.6,2.64,528.1,2.96,0.0,0.0,239.92,5.08,242.26,5.05,238.7,5.12,0.996,50.16
2026-10-09T05:05:02.142176+00:00,13.8,41.66,20.04,-47.9,96.5,13.0,156.0,21.8,5.5,0.0,4.78,2832.17,68386.51,75227.44,0.0,0.0,0.0,4.02,2.62,5.41,1.54,35.73,30.09,48.82,524.9,3.19,451.9,2.03,520.9,3.08,0.0,0.0,522.4,3.16,0.0,0.0,568.5,1.02,567.1,0.98,528.8,3.75,518.0,3.15,531.7,3.73,0.0,0.0,240.03,5.65,241.71,5.63,238.25,5.7,1.0,50.0
2026-10-09T05:10:01.454596+00:00,15.6,40.05,18.05,-42.5,93.2,13.0,156.0,21.8,5.5,0.0,5.85,2833.24,68387.58,75228.51,0.0,0.0,0.0,3.73,2.34,5.04,2.98,35.73,30.09,48.82,525.4,3.48,475.8,2.14,521.6,3.39,0.0,0.0,520.5,3.44,0.0,0.0,566.0,1.17,570.2,1.05,525.9,4.09,518.0,3.48,530.1,4.03,0.0,0.0,242.25,35.93,243.07,26.93,239.54,26.6,1.0,50.11
2026-10-09T05:15:01.408200+00:00,16.9,40.64,23.66,-47.4,90.0,11.0,156.0,22.4,5.1,0.0,7.09,2834.48,68388.82,75229.75,0.0,0.0,0.0,4.02,3.66,5.41,4.36,35.73,30.09,48.82,523.6,3.8,513.7,2.26,520.6,3.7,0.0,0.0,519.3,3.71,0.0,0.0,531.8,2.06,485.0,2.35,523.9,4.37,519.8,3.76,527.1,4.33,0.0,0.0,241.68,34.27,242.55,24.76,239.43,24.75,1.0,50.13
2026-10-09T05:20:01.803441+00:00,18.5,40.01,26.19,-47.7,86.6,11.0,156.0,22.4,5.1,0.0,8.47,2835.86,68390.2,75231.13,0.0,0.0,0.0,4.73,5.09,5.03,5.85,35.73,30.09,48.82,522.4,4.06,538.5,2.36,518.6,3.98,0.0,0.0,518.5,3.97,0.0,0.0,514.9,3.04,444.2,3.32,521.1,4.66,519.8,4.02,524.8,4.61,0.0,0.0,242.01,40.37,242.34,25.54,238.94,25.43,1.0,50.14
2026-10-09T05:25:02.119577+00:00,19.6,38.58,27.82,-46.8,83.2,11.0,156.0,22.4,5.1,0.0,9.95,2837.34,68391.68,75232.61,0.0,0.0,0.0,4.5,4.88,6.03,7.36,35.74,30.09,48.82,521.4,4.32,548.2,2.51,517.5,4.24,0.0,0.0,519.1,4.2,0.0,0.0,525.0,3.61,512.4,3.55,519.3,4.92,517.4,4.29,522.4,4.88,0.0,0.0,242.91,45.52,241.99,24.21,239.17,24.12,1.0,50.17
2026-10-09T05:30:01.524465+00:00,20.9,40.25,23.25,-42.6,80.0,9.0,156.0,23.1,4.5,0.0,11.55,2838.94,68393.28,75234.21,0.0,0.0,0.0,4.87,5.73,6.5,8.77,35.74,30.09,48.82,521.5,4.58,546.0,2.68,515.8,4.52,0.0,0.0,517.4,4.46,0.0,0.0,523.9,3.92,523.7,3.84,518.9,5.19,516.7,4.57,521.7,5.14,0.0,0.0,242.39,45.52,241.66,25.43,238.97,25.05,1.0,50.17
2026-10-09T05:35:01.454265+00:00,21.9,39.41,19.89,-37.4,77.3,9.0,156.0,23.1,4.5,0.0,13.23,2840.62,68394.96,75235.89,0.0,0.0,0.0,5.47,6.66,7.78,9.97,35.74,30.09,48.82,519.8,4.88,547.9,2.83,514.9,4.8,0.0,0.0,515.7,4.76,0.0,0.0,521.6,4.27,523.7,4.15,517.3,5.5,514.4,4.86,518.9,5.46,0.0,0.0,240.69,40.03,240.65,25.07,237.87,24.75,1.0,49.97
2026-10-09T05:40:02.128095+00:00,23.1,39.64,25.86,-42.4,74.4,9.0,156.0,23.1,4.5,0.0,15.03,2842.42,68396.76,75237.69,0.0,0.0,0.0,5.39,6.3,7.19,11.23,35.74,30.1,48.82,518.2,5.17,544.5,2.99,514.4,5.06,0.0,0.0,515.8,5.02,0.0,0.0,519.8,4.57,523.4,4.44,514.9,5.78,514.6,5.12,517.4,5.73,0.0,0.0,240.29,35.84,240.67,24.31,237.98,24.16,1.0,50.0
2026-10-09T05:45:01.329413+00:00,24.0,40.24,22.66,-38.9,71.3,7.0,156.0,23.7,4.2,0.0,16.91,2844.3,68398.64,75239.57,0.0,0.0,0.0,5.62,6.72,7.83,12.57,35.74,30.1,48.82,517.0,5.43,544.9,3.12,512.9,5.34,0.0,0.0,514.4,5.24,0.0,0.0,518.1,4.84,521.2,4.71,513.5,6.03,513.2,5.4,514.7,5.98,0.0,0.0,240.22,40.88,240.15,26.54,237.43,26.35,1.0,49.99
2026-10-09T05:50:01.909241+00:00,25.4,40.02,15.88,-30.5,68.9,7.0,156.0,23.7,4.2,0.0,18.87,2846.26,68400.6,75241.53,0.0,0.0,0.0,6.84,7.17,8.28,13.65,35.74,30.1,48.82,515.0,5.71,543.0,3.28,511.8,5.61,0.0,0.0,513.9,5.51,0.0,0.0,515.6,5.14,519.1,5.0,510.4,6.33,513.0,5.66,513.7,6.25,0.0,0.0,239.64,36.47,240.22,26.27,236.89,26.14,1.0,50.06
2026-10-09T05:55:01.876590+00:00,26.2,39.74,16.96,-30.5,66.5,7.0,156.0,23.7,4.2,0.0,20.95,2848.34,68402.68,75243.61,0.0,0.0,0.0,7.03,7.76,8.87,14.68,35.74,30.1,48.83,514.6,6.0,542.5,3.44,511.3,5.89,0.0,0.0,512.5,5.8,0.0,0.0,514.8,5.43,518.4,5.29,510.4,6.61,511.5,5.96,511.3,6.56,0.0,0.0,240.37,33.35,241.16,22.29,237.58,22.32,1.0,50.08
2026-10-09T06:00:01.800624+00:00,27.4,39.15,14.85,-26.6,64.5,0.0,0.0,0.0,0.0,0.0,23.1,2850.49,68404.83,75245.76,0.0,0.0,0.0,7.29,8.17,9.48,15.59,35.74,30.1,48.83,514.1,6.24,541.5,3.59,508.9,6.16,0.0,0.0,509.7,6.07,0.0,0.0,513.3,5.7,516.5,5.56,509.6,6.86,510.1,6.21,509.9,6.81,0.0,0.0,241.7,34.47,241.27,22.06,238.28,21.91,1.0,50.03
2026-10-09T06:05:01.943726+00:00,28.4,40.05,16.65,-28.3,62.5,5.0,369.0,24.3,3.8,0.0,25.33,2852.72,68407.06,75247.99,0.0,0.0,0.0,7.7,8.59,9.67,16.46,35.74,30.1,48.83,512.6,6.52,540.5,3.74,509.3,6.4,0.0,0.0,511.3,6.26,0.0,0.0,512.0,5.95,515.7,5.79,507.5,7.1,508.8,6.48,509.5,7.04,0.0,0.0,240.47,31.06,241.39,22.04,238.16,21.8,1.0,49.99
2026-10-09T06:10:02.146876+00:00,29.1,39.13,18.97,-29.0,60.4,5.0,369.0,24.3,3.8,0.0,27.66,2855.05,68409.39,75250.32,0.0,0.0,0.0,8.07,8.79,10.01,17.39,35.74,30.1,48.83,511.3,6.75,538.8,3.89,507.5,6.65,0.0,0.0,507.4,6.52,0.0,0.0,510.4,6.21,512.1,6.07,506.3,7.34,508.8,6.71,508.5,7.27,0.0,0.0,241.12,34.97,240.5,22.08,237.38,21.76,1.0,49.95
2026-10-09T06:15:01.349562+00:00,30.0,40.38,18.62,-29.0,58.3,4.0,369.0,24.9,3.1,0.0,30.05,2857.44,68411.78,75252.71,0.0,0.0,0.0,8.18,9.16,10.23,18.3,35.75,30.1,48.83,511.1,7.01,538.4,4.04,506.4,6.9,0.0,0.0,507.5,6.74,0.0,0.0,507.7,6.48,510.5,6.32,504.0,7.6,507.5,6.96,507.3,7.53,0.0,0.0,240.33,36.86,239.92,22.19,236.87,21.83,1.0,49.9
2026-10-09T06:20:01.614708+00:00,30.4,40.88,21.02,-31.5,56.1,4.0,369.0,24.9,3.1,0.0,32.52,2859.91,68414.25,75255.18,0.0,0.0,0.0,8.43,9.34,10.44,19.29,35.75,30.1,48.83,507.7,7.23,535.6,4.17,502.6,7.12,0.0,0.0,505.6,6.96,0.0,0.0,507.3,6.68,508.7,6.55,502.6,7.79,505.1,7.18,505.2,7.73,0.0,0.0,240.22,38.54,240.18,21.95,236.65,21.75,1.0,50.0
2026-10-09T06:25:02.129061+00:00,32.0,40.93,16.47,-25.4,54.0,4.0,369.0,24.9,3.1,0.0,35.05,2862.44,68416.78,75257.71,0.0,0.0,0.0,9.4,9.55,10.71,20.19,35.75,30.1,48.84,504.6,7.49,534.0,4.31,502.7,7.33,0.0,0.0,504.8,7.19,0.0,0.0,505.3,6.93,507.5,6.79,501.8,8.03,501.7,7.45,502.6,7.98,0.0,0.0,239.92,37.68,240.17,23.78,237.05,23.36,1.0,50.06
2026-10-09T06:30:01.270546+00:00,32.6,40.08,23.22,-30.7,51.9,3.0,369.0,25.4,2.4,0.0,37.67,2865.06,68419.4,75260.33,0.0,0.0,0.0,9.24,10.25,11.19,21.11,35.75,30.1,48.84,503.1,7.75,531.4,4.46,499.1,7.61,0.0,0.0,503.4,7.44,0.0,0.0,502.8,7.21,504.4,7.06,498.6,8.3,502.0,7.67,501.8,8.23,0.0,0.0,239.89,35.55,239.94,21.75,236.78,21.45,1.0,50.02
2026-10-09T06:35:01.977367+00:00,33.2,40.01,24.19,-31.0,49.9,3.0,369.0,25.4,2.4,0.0,40.35,2867.74,68422.08,75263.01,0.0,0.0,0.0,9.2,10.24,11.49,22.0,35.75,30.11,48.84,500.9,7.96,530.3,4.58,496.6,7.84,0.0,0.0,501.2,7.64,0.0,0.0,502.2,7.4,502.0,7.28,498.4,8.47,498.1,7.91,501.0,8.41,0.0,0.0,241.0,44.77,240.32,21.83,237.19,21.56,1.0,50.15
2026-10-09T06:40:01.863594+00:00,34.0,39.22,25.58,-30.8,47.8,3.0,369.0,25.4,2.4,0.0,43.1,2870.49,68424.83,75265.76,0.0,0.0,0.0,9.39,10.19,11.43,22.89,35.75,30.11,48.84,498.2,8.2,527.3,4.72,494.4,8.07,0.0,0.0,498.8,7.87,0.0,0.0,499.8,7.65,499.3,7.54,495.2,8.72,495.7,8.14,498.6,8.66,0.0,0.0,240.6,45.94,239.97,21.54,236.62,21.2,1.0,50.09
2026-10-09T06:45:01.781455+00:00,34.6,40.67,28.83,-34.9,45.7,2.0,369.0,25.9,2.0,0.0,45.91,2873.3,68427.64,75268.57,0.0,0.0,0.0,9.67,10.88,11.8,23.82,35.75,30.11,48.84,495.1,8.46,525.8,4.86,491.2,8.33,0.0,0.0,498.6,8.09,0.0,0.0,498.5,7.89,498.4,7.76,493.2,8.94,493.5,8.4,496.3,8.89,0.0,0.0,239.6,46.14,238.09,22.65,235.47,22.33,1.0,50.06
2026-10-09T06:50:01.941068+00:00,35.4,36.16,33.04,-33.8,43.3,0.0,380.0,26.0,2.0,0.0,48.78,2876.17,68430.51,75271.44,0.0,0.0,0.0,10.39,10.19,11.57,24.85,35.75,30.11,48.84,494.3,8.61,527.1,4.96,491.4,8.46,0.0,0.0,495.9,8.25,0.0,0.0,496.4,8.06,497.6,7.91,490.5,9.09,492.3,8.54,493.5,9.05,0.0,0.0,238.83,44.37,239.19,26.93,235.78,26.32,1.0,50.12
2026-10-09T06:55:01.724230+00:00,36.4,38.9,26.3,-28.8,41.2,0.0,380.0,26.0,1.5,0.0,51.67,2879.06,68433.4,75274.33,0.0,0.0,0.0,10.03,11.23,12.17,25.77,35.76,30.11,48.85,491.3,8.8,525.1,5.1,488.9,8.64,0.0,0.0,494.5,8.41,0.0,0.0,493.9,8.27,495.3,8.11,487.1,9.28,489.1,8.74,491.6,9.2,0.0,0.0,238.37,46.37,238.5,25.46,235.5,25.09,1.0,50.1
2026-10-09T07:00:01.745989+00:00,40.5,3.54,57.16,-20.2,39.4,0.0,592.0,26.4,1.3,0.0,54.68,2882.07,68436.41,75277.34,0.0,0.0,0.0,11.16,11.78,13.11,26.58,35.76,30.11,48.85,489.4,9.06,477.8,6.16,486.3,8.91,0.0,0.0,495.1,8.63,0.0,0.0,492.1,8.54,491.9,8.39,486.2,9.51,487.2,9.01,489.9,9.46,0.0,0.0,239.92,46.06,239.16,22.52,235.9,22.33,-1.0,50.17
2026-10-09T07:05:01.362242+00:00,37.353,-48.03,23.83,61.553,43.4,0.0,592.0,26.4,1.3,0.0,57.77,2885.16,68439.5,75280.43,0.0,0.0,0.0,11.18,8.85,11.36,26.58,35.76,30.11,48.85,488.1,9.24,383.5,8.77,485.0,9.08,0.0,0.0,492.7,8.83,0.0,0.0,492.7,8.7,491.7,8.56,486.1,9.67,485.8,9.18,490.0,9.63,0.0,0.0,238.86,43.06,238.71,25.04,235.97,24.83,-1.0,50.14
2026-10-09T07:10:01.307617+00:00,38.266,-46.45,23.15,61.566,47.3,0.0,592.0,26.4,1.3,0.0,60.92,2888.31,68442.65,75283.58,0.0,0.0,0.0,11.87,12.41,13.13,26.58,35.76,30.11,48.85,486.1,9.49,399.5,9.01,483.7,9.3,0.0,0.0,490.9,9.03,0.0,0.0,491.1,8.92,491.1,8.79,485.1,9.88,485.3,9.4,489.2,9.82,0.0,0.0,233.12,14.58,236.6,14.4,232.78,14.62,-1.0,49.95
2026-10-09T07:15:01.534196+00:00,39.754,-43.39,21.59,61.554,51.3,0.0,592.0,26.8,2.4,0.0,64.17,2891.56,68445.9,75286.83,0.0,0.0,0.0,12.25,12.73,13.36,26.58,35.76,30.11,48.85,484.2,9.67,421.6,9.11,483.6,9.47,0.0,0.0,491.3,9.22,0.0,0.0,491.2,9.14,491.3,8.99,483.1,10.09,483.6,9.59,487.1,10.03,0.0,0.0,233.58,14.0,236.74,13.85,232.58,14.08,-1.0,49.98
2026-10-09T07:20:02.075342+00:00,40.46,-48.85,27.75,61.56,55.3,0.0,592.0,26.8,2.4,0.0,67.51,2894.9,68449.24,75290.17,0.0,0.0,0.0,12.81,13.18,13.76,26.58,35.76,30.12,48.86,483.8,9.92,440.4,9.41,483.9,9.72,0.0,0.0,491.6,9.41,0.0,0.0,492.9,9.35,495.0,9.19,483.6,10.29,484.6,9.83,486.7,10.23,0.0,0.0,233.98,13.19,236.49,13.09,232.77,13.28,-0.999,49.98
2026-10-09T07:25:01.837457+00:00,41.144,-39.23,18.83,61.544,59.4,0.0,592.0,26.8,2.4,0.0,70.91,2898.3,68452.64,75293.57,0.0,0.0,0.0,13.21,13.39,13.93,26.58,35.76,30.12,48.86,484.4,10.08,453.9,9.71,485.7,9.88,0.0,0.0,492.1,9.6,0.0,0.0,495.4,9.52,496.2,9.39,484.8,10.45,485.1,10.0,488.1,10.37,0.0,0.0,233.53,12.64,237.03,12.49,233.2,12.68,-1.0,50.05
2026-10-09T07:30:01.840422+00:00,42.478,-40.91,21.81,61.578,63.3,0.0,592.0,27.1,4.0,0.0,74.39,2901.78,68456.12,75297.05,0.0,0.0,0.0,13.56,13.65,14.15,26.58,35.77,30.12,48.86,483.6,10.24,465.7,9.92,486.8,10.0,0.0,0.0,493.4,9.72,0.0,0.0,495.5,9.67,496.4,9.55,486.3,10.56,485.5,10.13,488.5,10.49,0.0,0.0,234.09,12.12,236.85,12.01,233.11,12.19,-1.0,49.98
2026-10-09T07:35:02.061288+00:00,42.886,-40.46,21.76,61.586,67.2,0.0,592.0,27.1,4.0,0.0,77.96,2905.35,68459.69,75300.62,0.0,0.0,0.0,14.06,14.03,14.52,26.58,35.77,30.12,48.86,484.3,10.48,478.2,10.21,486.7,10.27,0.0,0.0,493.3,9.98,0.0,0.0,494.7,9.95,497.0,9.81,485.6,10.81,485.6,10.4,486.0,10.78,0.0,0.0,234.74,11.32,237.74,11.21,233.39,11.41,-1.0,50.16
2026-10-09T07:40:01.455542+00:00,43.357,-38.51,20.31,61.557,71.1,0.0,592.0,27.1,4.0,0.0,81.58,2908.97,68463.31,75304.24,0.0,0.0,0.0,14.19,14.1,14.55,26.58,35.77,30.12,48.87,483.6,10.59,487.7,10.38,486.6,10.37,0.0,0.0,494.4,10.06,0.0,0.0,495.2,10.04,498.1,9.9,485.3,10.9,484.6,10.51,486.8,10.83,0.0,0.0,234.67,11.16,237.58,11.05,233.83,11.21,-1.0,50.05
2026-10-09T07:45:01.253060+00:00,44.269,-40.23,22.93,61.569,75.0,0.0,592.0,27.3,5.6,0.0,85.23,2912.62,68466.96,75307.89,0.0,0.0,0.0,14.44,14.34,14.69,26.58,35.77,30.12,48.87,482.5,10.69,492.3,10.53,485.9,10.45,0.0,0.0,494.4,10.18,0.0,0.0,495.6,10.19,497.5,10.05,485.1,11.01,483.4,10.6,486.7,10.96,0.0,0.0,233.47,10.87,236.71,10.75,233.38,10.89,-1.0,49.98
2026-10-09T07:50:02.081458+00:00,44.84,-42.28,25.68,61.44,79.0,0.0,592.0,27.3,5.6,0.0,88.92,2916.31,68470.65,75311.58,0.0,0.0,0.0,14.71,14.62,15.0,26.58,35.77,30.12,48.87,482.9,10.81,491.6,10.73,486.2,10.59,0.0,0.0,494.1,10.3,0.0,0.0,495.8,10.33,498.8,10.17,484.7,11.13,483.5,10.75,486.3,11.08,0.0,0.0,232.78,10.53,236.75,10.39,232.58,10.56,-0.999,49.96
2026-10-09T07:55:02.001038+00:00,45.319,-41.5,25.5,61.319,82.9,0.0,592.0,27.3,5.6,0.0,92.69,2920.08,68474.42,75315.35,0.0,0.0,0.0,14.89,14.86,15.18,26.58,35.77,30.13,48.87,481.3,11.05,492.0,10.92,485.2,10.82,0.0,0.0,495.0,10.5,0.0,0.0,496.3,10.54,498.1,10.4,485.8,11.3,483.6,10.94,486.4,11.28,0.0,0.0,232.86,10.23,236.22,10.11,232.34,10.26,-1.0,49.97
2026-10-09T08:00:01.213200+00:00,45.963,-41.91,26.81,61.063,87.1,0.0,763.0,27.5,6.9,0.0,96.52,2923.91,68478.25,75319.18,0.0,0.0,0.0,15.04,14.97,15.3,26.58,35.78,30.13,48.88,480.4,11.2,488.9,11.09,483.5,10.96,0.0,0.0,494.0,10.63,0.0,0.0,494.9,10.7,495.9,10.55,482.9,11.46,482.6,11.09,485.2,11.41,0.0,0.0,233.13,9.92,235.94,9.84,232.5,9.97,-0.999,49.89
2026-10-09T08:05:02.044927+00:00,46.509,-34.4,23.5,57.409,90.6,0.0,763.0,27.5,6.9,0.0,100.37,2927.76,68482.1,75323.03,0.0,0.0,0.0,15.24,15.15,15.45,26.58,35.78,30.13,48.88,479.9,11.34,485.8,11.24,481.8,11.09,0.0,0.0,491.5,10.73,0.0,0.0,492.9,10.85,495.0,10.67,481.4,11.57,481.5,11.24,484.7,11.48,0.0,0.0,235.19,9.41,237.53,9.34,234.12,9.46,-0.999,50.16
2026-10-09T08:10:02.022976+00:00,47.384,-14.77,17.17,44.984,93.9,0.0,763.0,27.5,6.9,0.0,104.23,2931.62,68485.96,75326.89,0.0,0.0,0.0,15.39,15.39,15.73,26.58,35.78,30.13,48.88,480.6,11.44,484.7,11.34,480.4,11.2,0.0,0.0,489.9,10.86,0.0,0.0,491.9,10.97,493.2,10.8,480.9,11.64,480.4,11.37,483.8,11.57,0.0,0.0,235.46,7.68,238.09,7.62,234.66,7.72,-0.967,50.17
2026-10-09T08:15:01.409930+00:00,48.258,-6.75,18.35,36.658,96.5,0.0,763.0,27.5,8.3,0.0,108.15,2935.54,68489.88,75330.81,0.0,0.0,0.0,15.8,15.72,16.05,26.58,35.78,30.13,48.88,479.3,11.56,486.1,11.45,481.4,11.29,0.0,0.0,490.6,10.95,0.0,0.0,493.8,11.05,495.8,10.88,482.4,11.71,480.5,11.47,483.5,11.69,0.0,0.0,234.35,1.2,236.97,1.21,233.59,1.22,1.0,49.94
2026-10-09T08:20:01.505659+00:00,48.646,-0.36,25.66,23.346,98.5,0.0,763.0,27.5,8.3,0.0,112.15,2939.54,68493.88,75334.81,0.0,0.0,0.0,16.06,15.92,16.36,26.58,35.78,30.13,48.89,480.4,11.69,488.2,11.59,482.6,11.43,0.0,0.0,491.3,11.11,0.0,0.0,493.5,11.23,496.6,11.05,483.1,11.87,481.5,11.6,484.4,11.83,0.0,0.0,234.77,3.98,237.65,3.95,234.14,4.01,1.0,50.07
2026-10-09T08:25:02.085145+00:00,49.0,19.77,29.23,0.0,99.6,0.0,763.0,27.5,8.3,0.0,116.18,2943.57,68497.91,75338.84,0.0,0.0,0.0,16.25,15.99,16.57,26.58,35.79,30.14,48.89,481.1,11.73,487.9,11.7,482.5,11.53,0.0,0.0,492.9,11.17,0.0,0.0,493.5,11.34,496.8,11.16,484.2,11.95,480.4,11.7,486.9,11.85,0.0,0.0,235.06,12.01,238.16,11.89,234.77,12.05,1.0,50.08
2026-10-09T08:30:01.164454+00:00,49.0,19.68,29.32,0.0,100.0,0.0,763.0,27.5,9.5,0.0,120.25,2947.64,68501.98,75342.91,0.0,0.0,0.0,16.3,16.15,16.6,26.59,35.79,30.14,48.89,478.1,11.92,487.4,11.84,481.9,11.65,0.0,0.0,492.8,11.3,0.0,0.0,494.6,11.44,496.3,11.29,483.4,12.07,480.3,11.82,486.2,11.96,0.0,0.0,235.99,23.18,239.01,22.97,235.64,23.26,1.0,50.14
2026-10-09T08:35:01.461570+00:00,49.4,28.06,21.34,0.0,100.0,0.0,763.0,27.5,9.5,0.0,124.34,2951.73,68506.07,75347.0,0.0,0.0,0.0,16.25,16.16,16.57,26.59,35.79,30.14,48.89,479.4,11.97,485.7,11.85,482.4,11.66,0.0,0.0,491.1,11.35,0.0,0.0,491.9,11.52,493.3,11.35,480.8,12.11,480.0,11.89,484.2,12.01,0.0,0.0,236.4,23.03,239.24,22.84,236.06,23.11,1.0,50.16
2026-10-09T08:40:02.018701+00:00,42.9,21.54,21.36,0.0,100.0,0.0,763.0,27.5,9.5,0.0,128.45,2955.84,68510.18,75351.11,0.0,0.0,0.0,16.5,16.19,16.73,26.59,35.79,30.14,48.9,481.0,11.95,481.6,11.96,478.3,11.78,0.0,0.0,487.7,11.45,0.0,0.0,489.1,11.63,491.0,11.45,481.0,12.13,480.5,11.92,480.8,12.11,0.0,0.0,236.81,25.66,238.86,22.24,235.5,22.3,1.0,50.18
2026-10-09T08:45:02.136888+00:00,48.4,20.43,27.97,0.0,100.0,0.0,763.0,27.4,10.5,0.0,132.57,2959.96,68514.3,75355.23,0.0,0.0,0.0,13.08,15.08,14.51,26.59,35.79,30.14,48.9,473.3,12.25,484.4,11.88,480.4,11.78,0.0,0.0,485.4,11.67,0.0,0.0,487.1,11.78,490.5,11.46,478.5,12.27,483.0,11.9,480.5,12.24,0.0,0.0,236.08,19.15,238.87,18.99,235.75,19.21,1.0,50.18
2026-10-09T08:50:01.632104+00:00,51.2,29.63,21.57,0.0,100.0,0.0,763.0,27.4,10.5,0.0,136.51,2963.9,68518.24,75359.17,0.0,0.0,0.0,16.33,16.02,16.64,26.59,35.8,30.14,48.9,481.5,11.73,479.0,11.5,478.5,11.4,0.0,0.0,485.6,10.99,0.0,0.0,482.9,11.16,487.0,11.13,482.5,11.78,483.0,11.56,479.6,11.76,0.0,0.0,235.13,22.34,238.25,22.12,234.8,22.42,1.0,50.07
2026-10-09T08:55:01.826497+00:00,51.3,26.69,24.61,0.0,100.0,0.0,763.0,27.4,10.5,0.0,140.55,2967.94,68522.28,75363.21,0.0,0.0,0.0,17.19,16.67,17.15,26.59,35.8,30.15,48.9,479.2,11.96,486.7,11.63,484.1,11.43,0.0,0.0,485.3,11.41,0.0,0.0,490.5,11.46,495.3,11.18,478.8,11.92,488.3,11.6,483.6,11.72,0.0,0.0,235.94,27.29,237.74,22.35,235.02,23.7,1.0,50.15
2026-10-09T09:00:01.475112+00:00,53.0,25.2,27.8,0.0,100.0,0.0,878.0,27.4,11.4,0.0,144.92,2972.31,68526.65,75367.58,0.0,0.0,0.0,17.3,15.96,17.21,26.59,35.8,30.15,48.91,478.5,12.85,480.6,12.71,476.7,12.54,0.0,0.0,490.4,11.98,0.0,0.0,492.6,12.38,495.4,12.16,479.5,12.9,477.9,12.75,484.0,12.74,0.0,0.0,237.18,26.21,239.3,22.36,235.91,22.5,1.0,49.95
2026-10-09T09:05:01.495094+00:00,55.5,32.59,22.91,0.0,100.0,0.0,878.0,27.4,11.4,0.0,149.19,2976.58,68530.92,75371.85,0.0,0.0,0.0,17.58,17.63,17.82,26.59,35.8,30.15,48.91,479.3,12.66,487.6,12.53,476.7,12.49,0.0,0.0,485.7,11.86,0.0,0.0,488.1,12.0,494.5,11.77,480.0,12.51,482.1,12.52,483.2,12.35,0.0,0.0,235.8,26.45,238.32,24.26,235.18,24.24,1.0,49.85
2026-10-09T09:10:01.308893+00:00,52.5,27.94,24.56,0.0,100.0,0.0,878.0,27.4,11.4,0.0,153.55,2980.94,68535.28,75376.21,0.0,0.0,0.0,17.97,18.27,18.55,26.59,35.8,30.15,48.91,473.6,12.55,480.4,12.84,476.6,12.51,0.0,0.0,485.6,12.35,0.0,0.0,490.1,12.53,494.4,12.32,481.9,13.02,481.1,12.46,483.2,12.86,0.0,0.0,236.29,33.67,236.84,22.46,234.13,22.53,1.0,49.85
2026-10-09T09:15:01.819168+00:00,53.2,28.53,24.67,0.0,100.0,0.0,878.0,27.3,11.9,0.0,157.92,2985.31,68539.65,75380.58,0.0,0.0,0.0,17.71,16.74,17.69,26.59,35.81,30.15,48.91,463.1,13.13,479.2,13.01,475.4,12.79,0.0,0.0,483.8,12.24,0.0,0.0,485.9,12.62,486.8,12.5,476.6,13.02,473.5,12.92,480.1,12.89,0.0,0.0,236.11,28.56,237.94,22.32,235.03,24.43,1.0,49.93
2026-10-09T09:20:01.508411+00:00,46.4,15.9,30.5,0.0,100.0,0.0,878.0,27.3,11.9,0.0,162.24,2989.63,68543.97,75384.9,0.0,0.0,0.0,17.81,17.5,17.83,26.59,35.81,30.15,48.92,472.2,12.86,472.2,12.71,469.8,12.54,0.0,0.0,485.6,12.2,0.0,0.0,486.1,12.44,486.5,12.27,474.4,12.74,476.4,12.64,481.3,12.58,0.0,0.0,239.58,30.62,241.33,22.08,238.43,22.14,1.0,49.91
2026-10-09T09:25:01.224831+00:00,56.1,20.19,35.91,0.0,100.0,0.0,878.0,27.3,11.9,0.0,166.58,2993.97,68548.31,75389.24,0.0,0.0,0.0,14.4,17.28,15.43,26.59,35.81,30.16,48.92,480.8,12.75,474.1,12.84,471.4,12.59,0.0,0.0,483.0,11.93,0.0,0.0,481.5,12.55,489.1,12.59,476.3,13.16,471.2,12.82,479.4,12.84,0.0,0.0,238.64,19.25,241.79,19.06,238.59,19.29,1.0,49.89
2026-10-09T09:30:01.653356+00:00,45.4,20.07,25.33,0.0,100.0,1.0,878.0,27.3,12.3,0.0,170.61,2998.0,68552.34,75393.27,0.0,0.0,0.0,17.11,19.09,18.72,26.59,35.81,30.16,48.92,481.1,11.66,481.2,11.7,478.7,11.47,0.0,0.0,482.7,11.86,0.0,0.0,488.2,11.64,486.7,11.38,467.5,12.17,469.7,11.92,487.9,11.66,0.0,0.0,240.85,25.42,244.0,25.18,240.72,25.49,1.0,50.14
2026-10-09T09:35:01.475171+00:00,50.0,26.96,23.04,0.0,100.0,1.0,878.0,27.3,12.3,0.0,175.0,3002.39,68556.73,75397.66,0.0,0.0,0.0,13.75,16.28,14.73,26.59,35.81,30.16,48.93,469.0,13.07,476.2,12.87,472.9,12.69,0.0,0.0,481.2,12.67,0.0,0.0,487.1,12.79,485.6,12.61,475.5,13.07,476.9,12.83,479.4,12.96,0.0,0.0,240.43,20.19,243.42,20.0,240.3,20.24,1.0,50.11
2026-10-09T09:40:01.634369+00:00,52.6,33.46,19.14,0.0,100.0,1.0,878.0,27.3,12.3,0.0,179.32,3006.71,68561.05,75401.98,0.0,0.0,0.0,17.0,15.63,15.57,26.59,35.82,30.16,48.93,467.6,12.68,481.5,12.55,476.3,12.3,0.0,0.0,488.2,12.2,0.0,0.0,479.4,12.57,491.6,12.23,472.0,12.99,472.5,12.55,476.9,12.87,0.0,0.0,241.48,30.41,243.0,21.92,240.13,21.67,1.0,50.04
2026-10-09T09:45:01.475896+00:00,51.9,27.49,24.41,0.0,100.0,1.0,878.0,27.3,12.3,0.0,183.44,3010.83,68565.17,75406.1,0.0,0.0,0.0,17.59,17.18,17.91,26.59,35.82,30.16,48.93,469.5,12.15,471.7,12.19,474.7,11.8,0.0,0.0,490.5,11.71,0.0,0.0,487.0,12.01,491.0,11.78,484.8,12.08,471.4,12.07,479.8,12.17,0.0,0.0,242.07,29.74,242.75,21.99,240.44,21.69,1.0,50.0
2026-10-09T09:50:01.643292+00:00,52.1,29.31,22.79,0.0,100.0,1.0,878.0,27.3,12.3,0.0,187.89,3015.28,68569.62,75410.55,0.0,0.0,0.0,17.36,16.95,17.39,26.6,35.82,30.16,48.93,470.4,13.64,471.1,13.37,474.1,13.12,0.0,0.0,482.4,12.29,0.0,0.0,479.4,12.71,496.0,12.23,475.2,12.99,473.6,13.47,482.4,12.83,0.0,0.0,241.74,24.04,243.98,23.93,241.04,24.12,1.0,50.14
2026-10-09T09:55:02.002919+00:00,51.8,26.29,25.51,0.0,100.0,1.0,878.0,27.3,12.3,0.0,192.24,3019.63,68573.97,75414.9,0.0,0.0,0.0,17.27,17.39,17.42,26.6,35.82,30.17,48.94,470.1,13.01,472.8,12.95,471.7,12.7,0.0,0.0,484.8,12.25,0.0,0.0,485.0,12.69,487.1,12.5,477.0,12.82,471.1,12.94,479.5,12.71,0.0,0.0,242.18,27.89,244.19,22.04,241.14,21.85,1.0,50.18
2026-10-09T10:00:01.879675+00:00,51.9,29.34,22.56,0.0,100.0,2.0,932.0,27.3,12.6,0.0,196.57,3023.96,68578.3,75419.23,0.0,0.0,0.0,17.18,17.31,17.28,26.6,35.82,30.17,48.94,469.5,12.86,475.5,12.74,473.4,12.52,0.0,0.0,483.8,12.18,0.0,0.0,484.4,12.62,486.8,12.42,476.8,12.67,472.2,12.76,477.7,12.61,0.0,0.0,240.19,24.73,242.16,23.82,239.11,23.48,1.0,49.92
2026-10-09T10:05:01.199204+00:00,51.6,31.36,20.24,0.0,100.0,0.0,0.0,0.0,0.0,0.0,200.88,3028.27,68582.61,75423.54,0.0,0.0,0.0,17.22,17.37,17.33,26.6,35.83,30.17,48.94,470.3,12.82,475.5,12.73,472.8,12.52,0.0,0.0,483.5,12.16,0.0,0.0,484.8,12.61,486.0,12.43,475.8,12.64,472.0,12.75,477.7,12.57,0.0,0.0,240.71,28.37,242.14,22.01,238.59,21.76,1.0,49.95
2026-10-09T10:10:02.100556+00:00,51.3,27.51,23.79,0.0,100.0,2.0,932.0,27.3,12.6,0.0,205.16,3032.55,68586.89,75427.82,0.0,0.0,0.0,17.1,17.31,17.22,26.6,35.83,30.17,48.95,470.0,12.79,474.8,12.71,472.3,12.5,0.0,0.0,483.1,12.14,0.0,0.0,484.7,12.59,486.6,12.4,477.1,12.57,471.4,12.73,477.4,12.53,0.0,0.0,240.88,28.77,241.88,20.66,238.93,22.19,1.0,49.92
2026-10-09T10:15:02.057614+00:00,51.0,37.65,13.35,0.0,100.0,3.0,932.0,27.3,13.0,0.0,209.44,3036.83,68591.17,75432.1,0.0,0.0,0.0,16.95,17.19,17.09,26.6,35.83,30.17,48.95,471.1,12.7,474.7,12.61,471.0,12.44,0.0,0.0,485.2,12.05,0.0,0.0,484.0,12.56,487.4,12.32,477.3,12.51,472.7,12.63,479.4,12.42,0.0,0.0,241.26,27.21,242.86,21.96,239.74,21.63,1.0,50.08
2026-10-09T10:20:01.237042+00:00,51.4,24.69,26.71,0.0,100.0,3.0,932.0,27.3,13.0,0.0,213.7,3041.09,68595.43,75436.36,0.0,0.0,0.0,16.94,17.15,17.02,26.6,35.83,30.17,48.95,470.8,12.63,474.9,12.53,471.4,12.35,0.0,0.0,485.5,11.95,0.0,0.0,484.7,12.46,486.2,12.26,478.8,12.36,472.9,12.54,479.0,12.32,0.0,0.0,241.8,27.03,242.66,22.04,239.69,21.63,1.0,50.11
2026-10-09T10:25:01.262433+00:00,50.5,26.42,24.08,0.0,100.0,3.0,932.0,27.3,13.0,0.0,217.94,3045.33,68599.67,75440.6,0.0,0.0,0.0,16.97,17.27,17.09,26.6,35.83,30.18,48.95,471.7,12.62,475.5,12.53,472.2,12.35,0.0,0.0,484.9,11.99,0.0,0.0,485.9,12.5,486.9,12.32,478.6,12.38,472.1,12.58,478.3,12.34,0.0,0.0,240.6,23.67,243.15,23.5,240.62,23.72,1.0,50.2
2026-10-09T10:30:01.426023+00:00,50.6,35.21,15.39,0.0,100.0,4.0,932.0,27.2,13.3,0.0,222.19,3049.58,68603.92,75444.85,0.0,0.0,0.0,16.72,17.01,16.8,26.6,35.84,30.18,48.96,472.2,12.55,475.9,12.46,473.8,12.24,0.0,0.0,485.7,11.9,0.0,0.0,488.1,12.41,489.3,12.23,480.2,12.26,473.9,12.46,480.4,12.21,0.0,0.0,240.12,23.32,242.41,23.18,239.84,23.4,1.0,50.07
2026-10-09T10:35:01.587636+00:00,49.9,28.45,21.45,0.0,100.0,4.0,932.0,27.2,13.3,0.0,226.4,3053.79,68608.13,75449.06,0.0,0.0,0.0,16.75,17.0,16.82,26.6,35.84,30.18,48.96,471.4,12.53,477.5,12.4,473.7,12.22,0.0,0.0,485.9,11.85,0.0,0.0,487.1,12.4,487.4,12.22,480.9,12.2,473.6,12.44,480.8,12.15,0.0,0.0,241.98,26.34,242.85,21.92,240.19,21.61,1.0,49.93
2026-10-09T10:40:01.330289+00:00,50.4,33.39,17.01,0.0,100.0,4.0,932.0,27.2,13.3,0.0,230.58,3057.97,68612.31,75453.24,0.0,0.0,0.0,16.51,16.8,16.56,26.6,35.84,30.18,48.96,471.3,12.39,477.7,12.27,474.6,12.06,0.0,0.0,483.9,11.79,0.0,0.0,488.9,12.23,489.4,12.07,479.2,12.11,473.0,12.31,480.9,12.02,0.0,0.0,242.61,25.43,243.71,21.87,241.29,21.4,1.0,49.85
2026-10-09T10:45:02.142303+00:00,49.8,22.21,27.59,0.0,100.0,7.0,932.0,27.2,13.7,0.0,234.79,3062.18,68616.52,75457.45,0.0,0.0,0.0,16.69,16.94,16.71,26.6,35.84,30.18,48.96,472.3,12.41,478.5,12.29,475.7,12.07,0.0,0.0,487.8,11.76,0.0,0.0,488.1,12.29,489.1,12.13,480.1,12.09,473.9,12.33,481.7,12.04,0.0,0.0,243.22,26.4,244.51,21.65,241.55,21.13,1.0,49.85
2026-10-09T10:50:01.340351+00:00,49.3,26.39,22.91,0.0,100.0,7.0,932.0,27.2,13.7,0.0,238.94,3066.33,68620.67,75461.6,0.0,0.0,0.0,16.47,16.75,16.48,26.6,35.84,30.18,48.97,471.5,12.33,478.6,12.22,474.5,12.03,0.0,0.0,488.7,11.65,0.0,0.0,487.6,12.23,490.8,12.01,481.1,11.96,474.9,12.22,482.1,11.92,0.0,0.0,242.77,25.12,244.79,21.77,242.02,21.36,1.0,49.87
2026-10-09T10:55:01.396447+00:00,49.5,23.95,25.55,0.0,100.0,7.0,932.0,27.2,13.7,0.0,243.07,3070.46,68624.8,75465.73,0.0,0.0,0.0,16.42,16.61,16.35,26.6,35.85,30.19,48.97,474.1,12.16,479.9,12.06,477.1,11.85,0.0,0.0,488.7,11.56,0.0,0.0,488.9,12.14,490.6,11.92,481.0,11.85,476.1,12.09,482.4,11.8,0.0,0.0,240.67,24.62,241.92,22.24,239.09,21.82,1.0,50.0
2026-10-09T11:00:01.277259+00:00,48.9,25.91,22.99,0.0,100.0,10.0,896.0,27.2,14.0,0.0,247.2,3074.59,68628.93,75469.86,0.0,0.0,0.0,16.44,16.7,16.39,26.6,35.85,30.19,48.97,474.8,12.13,482.6,11.99,479.0,11.81,0.0,0.0,489.2,11.49,0.0,0.0,490.6,12.06,491.4,11.89,482.7,11.76,479.7,12.0,483.1,11.72,0.0,0.0,239.99,23.92,242.09,22.68,239.12,22.35,1.0,49.9
2026-10-09T11:05:01.537756+00:00,49.0,29.15,19.85,0.0,100.0,10.0,896.0,27.2,14.0,0.0,251.3,3078.69,68633.03,75473.96,0.0,0.0,0.0,16.25,16.5,16.18,26.6,35.85,30.19,48.98,476.8,12.04,484.0,11.92,479.3,11.77,0.0,0.0,491.9,11.4,0.0,0.0,492.0,12.01,491.4,11.85,483.8,11.7,480.1,11.96,484.8,11.65,0.0,0.0,240.29,24.43,242.4,21.94,239.14,21.66,1.0,49.89
2026-10-09T11:10:01.682474+00:00,48.5,20.41,28.09,0.0,100.0,10.0,896.0,27.2,14.0,0.0,255.41,3082.8,68637.14,75478.07,0.0,0.0,0.0,16.29,16.51,16.19,26.6,35.85,30.19,48.98,475.5,12.04,484.0,11.9,480.2,11.71,0.0,0.0,492.0,11.4,0.0,0.0,492.7,12.0,492.7,11.82,486.0,11.6,480.9,11.9,486.5,11.59,0.0,0.0,241.14,24.24,242.6,22.1,239.64,21.75,1.0,50.05
2026-10-09T11:15:01.909992+00:00,48.5,31.8,16.7,0.0,100.0,15.0,896.0,27.3,14.3,0.0,259.47,3086.86,68641.2,75482.13,0.0,0.0,0.0,16.15,16.41,16.06,26.6,35.85,30.19,48.98,478.2,11.91,482.1,11.85,477.9,11.67,0.0,0.0,490.0,11.35,0.0,0.0,490.1,11.96,491.3,11.77,485.4,11.52,478.9,11.86,486.7,11.47,0.0,0.0,240.51,22.51,243.06,22.35,239.7,22.63,1.0,50.07
2026-10-09T11:20:01.155998+00:00,48.5,28.33,20.17,0.0,100.0,15.0,896.0,27.3,14.3,0.0,263.54,3090.93,68645.27,75486.2,0.0,0.0,0.0,16.1,16.39,16.0,26.6,35.86,30.19,48.98,475.4,11.94,482.9,11.81,481.4,11.6,0.0,0.0,491.6,11.27,0.0,0.0,491.2,11.9,492.2,11.72,485.5,11.46,480.5,11.81,487.9,11.38,0.0,0.0,240.6,23.84,242.39,21.93,239.07,21.66,1.0,49.96
2026-10-09T11:25:02.110604+00:00,48.3,26.71,21.59,0.0,100.0,15.0,896.0,27.3,14.3,0.0,267.56,3094.95,68649.29,75490.22,0.0,0.0,0.0,16.15,16.34,16.0,26.6,35.86,30.2,48.99,478.1,11.77,483.5,11.67,480.2,11.51,0.0,0.0,493.4,11.13,0.0,0.0,490.7,11.81,491.6,11.62,485.1,11.35,481.7,11.68,487.5,11.28,0.0,0.0,240.39,24.07,242.91,21.89,239.48,21.62,1.0,50.06
2026-10-09T11:30:01.546897+00:00,47.6,28.03,19.57,0.0,100.0,22.0,896.0,27.3,14.6,0.0,271.54,3098.93,68653.27,75494.2,0.0,0.0,0.0,16.12,16.34,15.97,26.6,35.86,30.2,48.99,479.1,11.69,482.6,11.6,481.4,11.44,0.0,0.0,493.1,11.03,0.0,0.0,490.2,11.75,492.1,11.55,485.3,11.2,484.4,11.58,490.2,11.06,0.0,0.0,240.84,23.82,243.18,21.86,239.69,21.58,1.0,50.16
2026-10-09T11:35:01.353878+00:00,48.0,27.78,20.22,0.0,100.0,22.0,896.0,27.3,14.6,0.0,275.56,3102.95,68657.29,75498.22,0.0,0.0,0.0,15.72,16.15,15.67,26.61,35.86,30.2,48.99,480.4,11.69,482.6,11.67,480.0,11.49,0.0,0.0,493.4,11.1,0.0,0.0,489.3,11.83,489.5,11.66,486.1,11.26,482.0,11.63,488.1,11.2,0.0,0.0,239.85,22.39,242.08,21.93,239.01,21.69,1.0,49.87
2026-10-09T11:40:01.383645+00:00,46.4,26.09,20.31,0.0,100.0,22.0,896.0,27.3,14.6,0.0,279.48,3106.87,68661.21,75502.14,0.0,0.0,0.0,15.99,16.22,15.76,26.61,35.86,30.2,48.99,481.4,11.46,481.5,11.35,478.9,11.22,0.0,0.0,490.9,10.95,0.0,0.0,486.2,11.63,486.3,11.44,485.8,11.03,484.5,11.31,489.2,10.96,0.0,0.0,239.03,22.41,241.32,22.27,238.27,22.51,1.0,49.84
2026-10-09T11:45:01.819144+00:00,20.0,-3.11,23.11,0.0,100.0,29.0,896.0,27.3,15.1,0.0,283.26,3110.65,68664.99,75505.92,0.0,0.0,0.0,15.4,15.72,15.23,26.61,35.87,30.2,49.0,481.6,11.04,484.0,11.14,481.8,10.94,0.0,0.0,493.5,10.46,0.0,0.0,490.0,11.25,491.3,11.05,493.0,10.44,486.7,10.94,488.4,10.48,0.0,0.0,240.03,21.53,242.35,21.39,239.74,21.53,1.0,50.04
2026-10-09T11:50:02.009864+00:00,44.0,27.04,16.96,0.0,100.0,29.0,896.0,27.3,15.1,0.0,286.72,3114.11,68668.45,75509.38,0.0,0.0,0.0,5.4,7.16,5.9,26.61,35.87,30.2,49.0,482.9,10.06,487.9,9.99,478.0,9.91,0.0,0.0,493.7,9.74,0.0,0.0,490.3,10.24,491.2,10.04,491.7,9.61,484.1,9.96,489.9,9.66,0.0,0.0,239.35,7.9,241.11,7.86,238.33,7.94,1.0,50.12
2026-10-09T11:55:01.779324+00:00,44.9,25.82,19.08,0.0,100.0,29.0,896.0,27.3,15.1,0.0,290.4,3117.79,68672.13,75513.06,0.0,0.0,0.0,15.13,15.58,14.94,26.61,35.87,30.21,49.0,486.9,10.71,492.8,10.48,487.1,10.44,0.0,0.0,493.2,10.1,0.0,0.0,492.1,10.84,495.6,10.63,490.8,10.12,489.4,10.67,494.8,10.02,0.0,0.0,239.69,21.19,242.07,21.06,239.27,21.27,1.0,50.03
2026-10-09T12:00:01.701292+00:00,43.9,23.92,19.98,0.0,100.0,0.0,0.0,0.0,0.0,0.0,294.14,3121.53,68675.87,75516.8,0.0,0.0,0.0,14.87,15.28,14.68,26.61,35.87,30.21,49.0,486.4,10.78,492.3,10.61,485.8,10.55,0.0,0.0,499.7,10.22,0.0,0.0,495.5,10.96,497.5,10.74,494.3,10.23,488.0,10.71,495.4,10.19,0.0,0.0,240.07,20.77,242.22,20.65,239.08,20.89,1.0,50.08
2026-10-09T12:05:01.353984+00:00,43.3,24.22,19.08,0.0,100.0,37.0,784.0,27.3,15.5,0.0,297.83,3125.22,68679.56,75520.49,0.0,0.0,0.0,14.63,14.94,14.37,26.61,35.87,30.21,49.01,489.8,10.56,490.5,10.54,485.7,10.44,0.0,0.0,499.2,10.11,0.0,0.0,497.2,10.81,498.2,10.61,492.4,10.11,490.2,10.53,498.6,10.0,0.0,0.0,240.44,20.37,242.58,20.26,239.6,20.48,1.0,50.06
2026-10-09T12:10:01.160866+00:00,42.2,27.53,14.67,0.0,100.0,37.0,784.0,27.3,15.5,0.0,301.44,3128.83,68683.17,75524.1,0.0,0.0,0.0,14.4,14.75,14.15,26.61,35.87,30.21,49.01,490.7,10.4,493.2,10.31,489.4,10.21,0.0,0.0,499.8,9.93,0.0,0.0,497.4,10.64,498.5,10.46,495.1,9.89,491.8,10.35,497.1,9.86,0.0,0.0,238.7,20.21,241.18,20.08,238.1,20.31,1.0,49.83
2026-10-09T12:15:01.660963+00:00,41.8,19.15,22.65,0.0,100.0,46.0,784.0,27.3,16.0,0.0,305.0,3132.39,68686.73,75527.66,0.0,0.0,0.0,14.03,14.41,13.78,26.61,35.88,30.21,49.01,490.6,10.21,492.5,10.14,489.1,10.03,0.0,0.0,499.4,9.76,0.0,0.0,497.8,10.45,499.0,10.26,494.2,9.71,492.4,10.15,496.6,9.67,0.0,0.0,241.23,19.51,243.4,19.4,240.96,19.57,1.0,50.12
2026-10-09T12:20:01.632509+00:00,40.9,27.27,13.63,0.0,100.0,12.0,784.0,27.3,16.0,0.0,308.5,3135.89,68690.23,75531.16,0.0,0.0,0.0,13.85,14.27,13.62,26.61,35.88,30.21,49.01,491.0,10.0,496.2,9.87,489.2,9.84,0.0,0.0,501.6,9.53,0.0,0.0,500.1,10.21,499.0,10.06,496.3,9.46,493.7,9.93,497.7,9.43,0.0,0.0,239.64,19.39,242.55,19.22,239.68,19.43,1.0,49.88
2026-10-09T12:25:01.427476+00:00,39.9,26.14,13.76,0.0,100.0,12.0,792.0,27.3,17.1,0.0,311.94,3139.33,68693.67,75534.6,0.0,0.0,0.0,13.62,14.03,13.33,26.61,35.88,30.21,49.01,491.6,9.85,495.1,9.74,491.3,9.64,0.0,0.0,502.0,9.39,0.0,0.0,500.8,10.07,501.5,9.88,497.1,9.3,494.0,9.78,499.5,9.26,0.0,0.0,239.92,19.04,242.44,18.9,239.98,19.07,1.0,49.97
2026-10-09T12:30:01.478693+00:00,39.0,15.07,23.93,0.0,100.0,17.0,792.0,27.3,13.2,0.0,315.3,3142.69,68697.03,75537.96,0.0,0.0,0.0,13.23,13.68,12.94,26.61,35.88,30.22,49.02,488.8,9.64,494.8,9.52,489.6,9.45,0.0,0.0,503.0,9.18,0.0,0.0,501.6,9.87,501.2,9.71,497.5,9.06,496.1,9.5,499.7,9.04,0.0,0.0,239.61,18.57,241.78,18.46,239.43,18.62,1.0,50.05
2026-10-09T12:35:01.661606+00:00,41.8,26.39,15.41,0.0,100.0,17.0,792.0,27.3,13.2,0.0,318.59,3145.98,68700.32,75541.25,0.0,0.0,0.0,12.91,13.4,12.65,26.61,35.88,30.22,49.02,494.0,9.39,497.7,9.3,492.9,9.23,0.0,0.0,499.7,9.07,0.0,0.0,500.9,9.73,504.0,9.49,496.6,8.91,495.0,9.36,498.6,8.87,0.0,0.0,238.36,18.13,240.93,18.0,238.06,18.19,1.0,49.83
2026-10-09T12:40:01.336451+00:00,38.9,13.22,25.68,0.0,100.0,17.0,792.0,27.3,13.2,0.0,321.91,3149.3,68703.64,75544.57,0.0,0.0,0.0,13.95,14.23,13.55,26.61,35.88,30.22,49.02,493.8,9.43,497.6,9.31,494.9,9.22,0.0,0.0,502.6,9.02,0.0,0.0,503.2,9.69,502.3,9.54,498.7,8.85,495.1,9.4,499.5,8.83,0.0,0.0,239.6,19.43,242.1,19.3,239.51,19.48,1.0,50.14
2026-10-09T12:45:01.420009+00:00,42.7,12.82,29.88,0.0,100.0,25.0,792.0,27.4,13.8,0.0,325.16,3152.55,68706.89,75547.82,0.0,0.0,0.0,12.89,13.43,12.65,26.61,35.89,30.22,49.02,496.9,9.23,501.4,9.15,499.1,9.04,0.0,0.0,505.3,8.87,0.0,0.0,503.3,9.55,500.7,9.44,501.6,8.65,495.2,9.25,502.3,8.64,0.0,0.0,238.98,18.11,242.0,17.95,239.03,18.14,1.0,50.01
2026-10-09T12:50:01.529219+00:00,29.6,14.22,15.38,0.0,100.0,25.0,792.0,27.4,13.8,0.0,328.54,3155.93,68710.27,75551.2,0.0,0.0,0.0,11.18,14.51,13.35,26.61,35.89,30.22,49.03,488.8,9.75,501.2,9.48,497.0,9.41,0.0,0.0,506.6,9.17,0.0,0.0,500.9,9.95,499.4,9.84,509.8,8.84,505.1,9.39,495.2,9.1,0.0,0.0,239.01,21.55,241.88,21.36,238.79,21.61,1.0,50.16
2026-10-09T12:55:01.681653+00:00,20.7,-5.6,26.3,0.0,100.0,25.0,792.0,27.4,13.8,0.0,330.8,3158.19,68712.53,75553.46,0.0,0.0,0.0,11.44,9.94,10.1,26.61,35.89,30.22,49.03,490.9,6.41,505.5,6.0,494.8,6.01,0.0,0.0,505.0,6.65,0.0,0.0,492.4,6.91,497.9,6.65,491.2,6.53,502.4,6.11,499.7,6.53,0.0,0.0,237.59,14.47,240.44,14.35,237.57,14.49,1.0,50.2
2026-10-09T13:00:01.891385+00:00,17.9,3.36,14.54,0.0,100.0,35.0,652.0,27.3,14.5,0.0,332.96,3160.35,68714.69,75555.62,0.0,0.0,0.0,6.6,7.4,6.87,26.61,35.89,30.22,49.03,501.7,6.18,501.5,5.96,509.9,5.79,0.0,0.0,507.9,5.95,0.0,0.0,497.9,6.48,506.2,6.3,500.6,5.97,499.6,6.07,493.2,5.97,0.0,0.0,236.37,9.41,239.55,9.31,236.26,9.43,0.993,49.95
2026-10-09T13:05:01.525146+00:00,13.8,-8.0,21.8,0.0,100.0,35.0,652.0,27.3,14.5,0.0,334.6,3161.99,68716.33,75557.26,0.0,0.0,0.0,5.65,6.13,5.95,26.61,35.89,30.22,49.03,502.1,4.6,508.3,4.36,510.9,4.23,0.0,0.0,504.5,4.83,0.0,0.0,502.2,4.87,506.6,4.74,502.2,4.77,504.6,4.44,496.9,4.87,0.0,0.0,237.37,8.03,240.11,7.97,236.91,8.06,0.997,50.13
2026-10-09T13:10:01.385784+00:00,14.0,-5.69,19.69,0.0,100.0,35.0,652.0,27.3,14.5,0.0,336.34,3163.73,68718.07,75559.0,0.0,0.0,0.0,4.32,4.75,4.61,26.61,35.89,30.22,49.03,506.2,5.05,515.9,4.89,506.7,4.82,0.0,0.0,508.9,4.9,0.0,0.0,507.2,5.14,517.1,4.96,505.6,4.92,510.6,4.92,499.3,4.98,0.0,0.0,238.28,14.26,239.59,1.28,236.67,3.0,1.0,50.13
2026-10-09T13:15:01.949627+00:00,12.7,-14.27,26.97,0.0,100.0,50.0,652.0,27.2,15.4,0.0,337.51,3164.9,68719.24,75560.17,0.0,0.0,0.0,4.51,4.77,4.69,26.61,35.89,30.22,49.03,507.9,3.37,510.0,3.29,507.2,3.17,0.0,0.0,507.5,3.42,0.0,0.0,506.4,3.48,505.9,3.42,501.7,3.48,504.9,3.3,507.3,3.44,0.0,0.0,238.22,15.39,239.12,1.14,236.48,2.85,0.999,50.1
2026-10-09T13:20:01.489465+00:00,10.9,-17.45,28.35,0.0,100.0,50.0,652.0,27.2,15.4,0.0,338.59,3165.98,68720.32,75561.25,0.0,0.0,0.0,4.06,4.32,4.26,26.61,35.89,30.22,49.03,504.7,3.11,510.0,3.0,514.4,2.87,0.0,0.0,509.8,3.16,0.0,0.0,507.4,3.22,505.9,3.16,502.3,3.19,509.7,3.01,509.4,3.17,0.0,0.0,236.16,6.02,239.29,5.96,235.81,5.34,0.999,50.0
2026-10-09T13:25:01.900813+00:00,10.0,-13.5,23.5,0.0,100.0,50.0,652.0,27.2,15.4,0.0,339.58,3166.97,68721.31,75562.24,0.0,0.0,0.0,3.54,3.71,3.69,26.61,35.89,30.22,49.03,509.4,2.81,511.1,2.78,515.5,2.64,0.0,0.0,509.0,2.85,0.0,0.0,508.3,2.94,508.9,2.87,504.0,2.93,509.4,2.77,508.1,2.95,0.0,0.0,235.95,5.05,239.22,4.99,235.66,5.06,0.998,49.94
2026-10-09T13:30:01.995191+00:00,8.7,-11.47,20.17,0.0,100.0,69.0,652.0,27.0,16.3,0.0,340.44,3167.83,68722.17,75563.1,0.0,0.0,0.0,3.22,3.37,3.34,26.61,35.89,30.23,49.03,507.8,2.55,511.6,2.49,511.5,2.37,0.0,0.0,507.8,2.54,0.0,0.0,508.1,2.6,508.4,2.53,504.5,2.64,508.8,2.48,507.2,2.61,0.0,0.0,235.83,4.63,239.08,4.58,235.28,4.65,0.999,49.84
2026-10-09T13:35:01.534957+00:00,9.5,-10.32,19.82,0.0,100.0,69.0,652.0,27.0,16.3,0.0,341.21,3168.6,68722.94,75563.87,0.0,0.0,0.0,2.8,2.94,2.9,26.61,35.89,30.23,49.03,504.8,2.27,506.9,2.2,510.5,2.08,0.0,0.0,507.1,2.27,0.0,0.0,508.6,2.26,507.0,2.2,506.3,2.32,506.3,2.19,506.3,2.28,0.0,0.0,236.77,5.82,239.39,2.06,236.41,4.2,0.999,50.09
2026-10-09T13:40:01.303185+00:00,8.1,-17.27,25.37,0.0,100.0,69.0,652.0,27.0,16.3,0.0,341.92,3169.31,68723.65,75564.58,0.0,0.0,0.0,3.12,3.2,3.18,26.61,35.89,30.23,49.03,504.3,2.1,509.6,2.01,511.1,1.93,0.0,0.0,504.1,2.15,0.0,0.0,507.9,2.1,509.1,2.03,502.6,2.16,503.8,2.04,506.7,2.1,0.0,0.0,236.35,5.35,238.77,2.68,235.93,5.37,0.999,49.97
2026-10-09T13:45:01.644363+00:00,6.9,-19.49,26.39,0.0,100.0,87.0,652.0,26.8,17.3,0.0,342.57,3169.96,68724.3,75565.23,0.0,0.0,0.0,2.65,2.73,2.72,26.61,35.89,30.23,49.03,505.1,1.95,504.2,1.91,509.0,1.82,0.0,0.0,507.6,1.94,0.0,0.0,507.7,1.97,506.0,1.91,502.0,2.01,504.0,1.91,505.1,1.98,0.0,0.0,236.14,3.8,238.67,3.77,235.75,3.81,1.0,49.99
2026-10-09T13:50:01.756734+00:00,4.3,-25.62,29.92,0.0,100.0,87.0,652.0,26.8,17.3,0.0,343.23,3170.62,68724.96,75565.89,0.0,0.0,0.0,2.26,2.34,2.32,26.61,35.89,30.23,49.04,506.6,2.0,508.0,1.95,512.4,1.84,0.0,0.0,507.3,2.0,0.0,0.0,507.5,2.01,508.4,1.95,507.3,2.04,504.9,1.94,505.1,2.02,0.0,0.0,235.17,3.23,237.51,3.21,234.76,3.24,0.998,49.85
2026-10-09T13:55:01.539662+00:00,7.1,-9.93,17.03,0.0,100.0,87.0,652.0,26.8,17.3,0.0,343.74,3171.13,68725.47,75566.4,0.0,0.0,0.0,1.44,1.45,1.46,26.61,35.89,30.23,49.04,501.8,1.51,508.9,1.46,505.4,1.42,0.0,0.0,500.0,1.55,0.0,0.0,501.5,1.56,499.7,1.5,497.7,1.56,503.4,1.48,497.9,1.58,0.0,0.0,235.75,2.09,238.54,2.08,235.03,2.11,0.998,50.06
2026-10-09T14:00:01.756731+00:00,5.1,-18.37,23.47,0.0,100.0,0.0,0.0,0.0,0.0,0.0,344.24,3171.63,68725.97,75566.9,0.0,0.0,0.0,2.33,2.4,2.4,26.62,35.89,30.23,49.04,500.8,1.56,504.4,1.53,506.6,1.47,0.0,0.0,503.2,1.53,0.0,0.0,505.3,1.56,500.5,1.54,503.4,1.59,506.6,1.53,502.0,1.57,0.0,0.0,236.48,3.57,238.73,2.89,235.46,3.6,0.998,50.0
2026-10-09T14:05:01.644460+00:00,4.0,-19.06,23.06,0.0,100.0,100.0,439.0,26.6,17.9,0.0,344.78,3172.17,68726.51,75567.44,0.0,0.0,0.0,1.66,1.76,1.74,26.62,35.89,30.23,49.04,503.8,1.64,509.3,1.62,510.9,1.55,0.0,0.0,505.6,1.63,0.0,0.0,508.6,1.67,501.1,1.64,503.6,1.68,503.7,1.63,504.0,1.7,0.0,0.0,233.65,2.45,237.02,2.43,233.15,2.47,0.994,49.97
2026-10-09T14:10:01.626419+00:00,1.7,-19.14,20.84,0.0,100.0,100.0,439.0,26.6,17.9,0.0,345.23,3172.62,68726.96,75567.89,0.0,0.0,0.0,1.27,1.34,1.32,26.62,35.89,30.23,49.04,501.5,1.44,501.2,1.38,508.6,1.29,0.0,0.0,505.5,1.42,0.0,0.0,502.3,1.43,499.3,1.39,500.2,1.48,503.6,1.38,501.4,1.43,0.0,0.0,233.55,1.89,237.1,1.88,233.07,1.91,0.971,50.14
2026-10-09T14:15:01.296959+00:00,2.5,-21.17,23.67,0.0,100.0,100.0,439.0,26.3,18.2,0.0,345.54,3172.93,68727.27,75568.2,0.0,0.0,0.0,0.52,0.58,0.55,26.62,35.89,30.23,49.04,492.2,1.02,493.7,0.97,498.8,0.92,0.0,0.0,495.8,1.04,0.0,0.0,496.3,1.0,487.0,0.99,496.4,1.04,492.9,0.97,493.5,1.01,0.0,0.0,233.45,0.91,236.61,0.92,233.04,0.94,0.975,50.13
2026-10-09T14:20:02.011294+00:00,1.6,-15.4,17.0,0.0,100.0,100.0,439.0,26.3,18.2,0.0,345.77,3173.16,68727.5,75568.43,0.0,0.0,0.0,0.75,0.84,0.82,26.62,35.9,30.23,49.04,483.7,0.83,486.5,0.81,488.7,0.79,0.0,0.0,490.9,0.82,0.0,0.0,488.2,0.84,487.4,0.82,484.3,0.85,485.0,0.83,487.1,0.84,0.0,0.0,233.72,1.21,237.42,1.19,233.59,1.22,0.938,49.99
2026-10-09T14:25:01.393327+00:00,2.3,-18.28,20.58,0.0,100.0,100.0,439.0,26.3,18.2,0.0,345.98,3173.37,68727.71,75568.64,0.0,0.0,0.0,0.48,0.54,0.5,26.62,35.9,30.23,49.04,484.3,0.78,489.8,0.73,493.2,0.68,0.0,0.0,486.9,0.78,0.0,0.0,495.8,0.75,493.1,0.74,492.1,0.79,493.9,0.73,488.6,0.76,0.0,0.0,238.76,0.85,241.39,0.85,237.94,0.87,0.957,49.89
2026-10-09T14:30:02.070200+00:00,0.4,-13.72,14.12,0.0,100.0,100.0,439.0,26.0,18.2,0.0,346.11,3173.5,68727.84,75568.77,0.0,0.0,0.0,0.71,0.76,0.74,26.62,35.9,30.23,49.04,464.5,0.57,484.5,0.53,487.3,0.52,0.0,0.0,487.2,0.58,0.0,0.0,486.2,0.56,494.8,0.52,475.4,0.57,485.6,0.54,483.2,0.57,0.0,0.0,239.0,1.17,242.49,1.17,238.42,1.19,0.482,49.99
2026-10-09T14:35:01.590296+00:00,0.2,-19.28,19.48,0.0,100.0,100.0,439.0,26.0,18.2,0.0,346.24,3173.63,68727.97,75568.9,0.0,0.0,0.0,0.19,0.22,0.2,26.62,35.9,30.23,49.04,482.8,0.51,481.5,0.49,489.4,0.47,0.0,0.0,489.4,0.55,0.0,0.0,485.3,0.52,485.1,0.5,479.5,0.52,485.7,0.49,484.2,0.53,0.0,0.0,239.17,0.61,242.38,0.62,238.41,0.65,0.887,50.07
2026-10-09T14:40:01.999663+00:00,0.6,-19.22,19.82,0.0,100.0,100.0,439.0,26.0,18.2,0.0,346.32,3173.71,68728.05,75568.98,0.0,0.0,0.0,0.18,0.2,0.19,26.62,35.9,30.23,49.04,471.2,0.4,481.3,0.41,478.5,0.42,0.0,0.0,475.1,0.39,0.0,0.0,473.1,0.47,474.6,0.45,475.9,0.39,482.7,0.42,473.4,0.46,0.0,0.0,239.14,0.61,242.44,0.62,238.69,0.64,0.596,50.03
2026-10-09T14:45:01.501004+00:00,1.1,-19.17,20.27,0.0,100.0,100.0,439.0,25.6,18.0,0.0,346.37,3173.76,68728.1,75569.03,0.0,0.0,0.0,0.24,0.25,0.24,26.62,35.9,30.23,49.04,463.0,0.34,469.9,0.39,481.3,0.38,0.0,0.0,471.3,0.29,0.0,0.0,479.4,0.4,454.5,0.44,463.5,0.36,468.4,0.4,472.3,0.4,0.0,0.0,239.49,0.7,243.09,0.72,238.9,0.73,0.971,50.09
2026-10-09T14:50:01.954238+00:00,2.0,-14.75,16.75,0.0,100.0,100.0,439.0,25.6,18.0,0.0,346.48,3173.87,68728.21,75569.14,0.0,0.0,0.0,0.35,0.37,0.36,26.62,35.9,30.23,49.04,472.3,0.44,477.6,0.46,479.2,0.45,0.0,0.0,483.9,0.46,0.0,0.0,488.0,0.49,476.3,0.48,467.0,0.44,474.3,0.47,473.9,0.5,0.0,0.0,240.13,0.7,243.48,0.7,239.62,0.72,0.956,50.03
2026-10-09T14:55:02.044300+00:00,0.8,-20.07,20.87,0.0,100.0,100.0,439.0,25.6,18.0,0.0,346.62,3174.01,68728.35,75569.28,0.0,0.0,0.0,0.65,0.69,0.68,26.62,35.9,30.23,49.04,479.3,0.57,486.2,0.5,481.1,0.48,0.0,0.0,486.7,0.61,0.0,0.0,485.4,0.53,484.2,0.51,487.1,0.55,487.2,0.51,478.4,0.54,0.0,0.0,240.59,1.12,244.09,1.12,240.21,1.13,0.74,50.09
2026-10-09T15:00:01.448370+00:00,0.4,-17.88,18.28,0.0,100.0,100.0,192.0,25.3,18.0,0.0,346.72,3174.11,68728.45,75569.38,0.0,0.0,0.0,0.23,0.26,0.25,26.62,35.9,30.23,49.04,476.2,0.49,483.7,0.5,477.6,0.49,0.0,0.0,477.7,0.46,0.0,0.0,477.4,0.54,474.2,0.54,474.8,0.5,486.7,0.51,484.2,0.52,0.0,0.0,240.42,0.58,244.04,0.59,239.55,0.61,0.713,50.02
2026-10-09T15:05:01.333321+00:00,0.0,-17.0,17.0,0.0,100.0,100.0,192.0,25.3,18.0,0.0,346.77,3174.16,68728.5,75569.43,0.0,0.0,0.0,0.19,0.22,0.21,26.62,35.9,30.23,49.04,444.6,0.36,474.3,0.39,459.4,0.39,0.0,0.0,469.4,0.29,0.0,0.0,477.2,0.4,462.4,0.44,453.2,0.36,471.3,0.4,470.7,0.41,0.0,0.0,240.54,0.8,244.27,0.8,239.93,0.82,0.583,50.03
2026-10-09T15:10:01.479038+00:00,0.0,-20.17,20.17,0.0,100.0,100.0,192.0,25.3,18.0,0.0,346.82,3174.21,68728.55,75569.48,0.0,0.0,0.0,0.1,0.14,0.15,26.62,35.9,30.23,49.04,451.2,0.36,466.1,0.39,480.8,0.37,0.0,0.0,467.3,0.3,0.0,0.0,479.6,0.4,456.5,0.43,447.0,0.37,468.6,0.39,476.6,0.39,0.0,0.0,242.25,0.55,245.97,0.56,241.57,0.59,0.13,50.12
2026-10-09T15:15:01.676055+00:00,0.0,-22.39,22.39,0.0,100.0,100.0,192.0,25.0,17.7,0.0,346.83,3174.22,68728.56,75569.49,0.0,0.0,0.0,0.06,0.09,0.05,26.62,35.9,30.23,49.04,448.1,0.31,463.3,0.23,461.1,0.2,0.0,0.0,456.1,0.3,0.0,0.0,465.8,0.23,460.9,0.23,466.6,0.29,472.8,0.23,469.5,0.22,0.0,0.0,241.31,0.7,244.75,0.69,240.72,0.73,0.211,49.87
2026-10-09T15:20:01.269683+00:00,0.0,-22.62,22.62,0.0,100.0,100.0,192.0,25.0,17.7,0.0,346.85,3174.24,68728.58,75569.51,0.0,0.0,0.0,0.0,0.02,0.0,26.62,35.9,30.23,49.04,465.6,0.32,458.7,0.28,462.5,0.24,0.0,0.0,445.6,0.31,0.0,0.0,470.0,0.26,457.3,0.29,464.7,0.34,471.5,0.27,461.2,0.26,0.0,0.0,242.19,0.69,245.58,0.65,241.57,0.7,0.39,50.04
2026-10-09T15:25:01.482887+00:00,0.0,-20.78,20.78,0.0,100.0,100.0,192.0,25.0,17.7,0.0,346.89,3174.28,68728.62,75569.55,0.0,0.0,0.0,0.13,0.14,0.14,26.62,35.9,30.23,49.04,476.6,0.32,459.3,0.36,459.2,0.35,0.0,0.0,458.4,0.3,0.0,0.0,469.5,0.37,457.4,0.39,471.4,0.33,469.1,0.36,466.2,0.36,0.0,0.0,242.05,0.56,245.56,0.56,241.41,0.6,-0.868,50.0
2026-10-09T15:30:01.766490+00:00,0.0,-17.2,17.2,0.0,100.0,100.0,192.0,24.6,17.4,0.0,346.9,3174.29,68728.63,75569.56,0.0,0.0,0.0,0.0,0.0,0.0,26.63,35.9,30.23,49.04,461.7,0.14,461.6,0.1,454.1,0.1,0.0,0.0,458.6,0.21,0.0,0.0,443.5,0.13,456.1,0.1,441.9,0.14,466.0,0.11,453.3,0.14,0.0,0.0,242.31,0.55,245.66,0.55,241.56,0.57,-0.459,50.1
2026-10-09T15:35:01.469949+00:00,0.0,-26.27,26.27,0.0,100.0,100.0,192.0,24.6,17.4,0.0,346.9,3174.29,68728.63,75569.56,0.0,0.0,0.0,0.0,0.0,0.0,26.63,35.9,30.23,49.04,432.4,0.08,458.9,0.06,444.7,0.07,0.0,0.0,449.2,0.13,0.0,0.0,440.0,0.11,433.4,0.07,417.4,0.06,444.8,0.07,444.4,0.12,0.0,0.0,239.5,0.52,242.5,0.53,238.61,0.55,-0.418,49.86
2026-10-09T15:40:01.804829+00:00,0.0,-24.18,24.18,0.0,100.0,100.0,192.0,24.6,17.4,0.0,346.9,3174.29,68728.63,75569.56,0.0,0.0,0.0,0.0,0.0,0.0,26.63,35.9,30.23,49.04,430.3,0.05,449.4,0.05,438.2,0.08,0.0,0.0,453.5,0.1,0.0,0.0,453.1,0.12,445.9,0.08,425.9,0.04,448.7,0.07,430.9,0.12,0.0,0.0,240.68,0.54,244.17,0.54,240.48,0.57,-0.305,50.19
2026-10-09T15:45:01.578363+00:00,0.0,-18.84,18.84,0.0,100.0,100.0,192.0,24.3,17.1,0.0,346.9,3174.29,68728.63,75569.56,0.0,0.0,0.0,0.0,0.0,0.0,26.63,35.9,30.23,49.04,432.7,0.02,439.4,0.05,403.0,0.07,0.0,0.0,436.1,0.05,0.0,0.0,446.8,0.12,436.9,0.09,384.8,0.0,440.0,0.07,413.9,0.13,0.0,0.0,240.79,0.66,244.43,0.67,240.06,0.68,-0.498,50.13
2026-10-09T15:50:01.933383+00:00,0.0,-23.33,22.73,0.0,100.0,100.0,192.0,24.3,17.1,0.0,346.9,3174.29,68728.63,75569.56,0.0,0.0,0.0,0.0,0.0,0.0,26.63,35.9,30.23,49.04,422.7,-0.01,433.4,0.12,431.4,0.15,0.0,0.0,440.0,-0.03,0.0,0.0,437.4,0.16,430.6,0.15,368.8,-0.02,449.5,0.14,397.9,0.17,0.0,0.0,240.57,0.58,243.34,0.6,239.59,0.61,-0.546,50.13
2026-10-09T15:55:01.141549+00:00,0.0,-23.22,22.62,0.0,100.0,100.0,192.0,24.3,17.1,0.0,346.9,3174.29,68728.63,75569.56,0.0,0.0,0.0,0.0,0.0,0.0,26.63,35.9,30.23,49.04,398.1,0.03,403.6,0.14,399.9,0.15,0.0,0.0,407.5,-0.03,0.0,0.0,414.7,0.13,372.1,0.18,339.1,0.01,410.4,0.15,395.6,0.12,0.0,0.0,240.11,0.56,243.22,0.57,239.14,0.59,-0.764,50.05
2026-10-09T16:00:01.879887+00:00,0.0,-19.88,19.28,0.2,100.0,100.0,26.0,24.1,16.8,0.0,346.9,3174.29,68728.63,75569.56,0.0,0.0,0.0,0.0,0.0,0.0,26.63,35.9,30.23,49.04,332.4,0.01,415.9,0.1,362.3,0.15,0.0,0.0,363.8,-0.03,0.0,0.0,389.6,0.12,326.6,0.17,315.7,0.01,425.0,0.09,379.3,0.11,0.0,0.0,239.92,0.57,243.07,0.59,239.09,0.61,1.0,49.97
2026-10-09T16:05:01.786930+00:00,0.0,33.24,29.26,-62.5,95.4,100.0,26.0,24.1,16.8,0.0,346.9,3174.29,68728.63,75569.56,0.0,0.0,0.0,0.0,0.0,0.0,28.6,35.9,30.23,49.04,311.1,0.01,395.6,0.06,343.8,0.1,0.0,0.0,376.4,-0.02,0.0,0.0,379.2,0.08,313.9,0.16,301.5,0.03,407.4,0.05,376.0,0.07,0.0,0.0,240.99,0.64,243.5,0.62,239.81,0.65,1.0,50.07
2026-10-09T16:10:01.743244+00:00,0.0,40.29,17.01,-57.3,90.9,100.0,26.0,24.1,16.8,0.0,346.9,3174.29,68728.63,75569.56,0.0,0.0,0.0,0.0,0.0,0.0,30.58,35.9,30.23,49.04,284.6,0.01,375.2,0.02,324.2,0.04,0.0,0.0,378.8,-0.01,0.0,0.0,368.2,0.04,271.2,0.09,248.1,0.03,387.1,0.01,328.8,0.04,0.0,0.0,243.9,34.27,246.01,29.43,242.21,28.47,1.0,50.18
2026-10-09T16:15:01.803981+00:00,0.0,39.62,16.68,-56.3,86.4,100.0,26.0,23.9,16.9,0.0,346.9,3174.29,68728.63,75569.56,0.0,0.0,0.0,0.0,0.0,0.0,32.49,35.9,30.23,49.04,285.5,0.01,373.6,0.0,303.6,0.03,0.0,0.0,331.0,-0.02,0.0,0.0,345.0,0.03,243.9,0.07,206.2,0.02,372.9,0.01,281.7,0.03,0.0,0.0,243.19,32.72,244.79,26.76,241.45,26.01,1.0,49.98
2026-10-09T16:20:01.747825+00:00,0.0,36.82,25.68,-62.5,81.9,100.0,26.0,23.9,16.9,0.0,346.9,3174.29,68728.63,75569.56,0.0,0.0,0.0,0.0,0.0,0.0,34.43,35.9,30.23,49.04,224.6,-0.01,297.3,0.0,288.6,0.0,0.0,0.0,294.6,-0.01,0.0,0.0,295.5,0.01,240.0,0.0,169.7,0.0,301.8,0.0,234.5,0.01,0.0,0.0,242.76,30.83,244.75,26.77,240.84,26.37,1.0,49.87
2026-10-09T16:25:01.264305+00:00,0.0,35.31,27.19,-62.5,77.5,100.0,26.0,23.9,16.9,0.0,346.9,3174.29,68728.63,75569.56,0.0,0.0,0.0,0.0,0.0,0.0,36.35,35.9,30.23,49.04,166.6,-0.01,226.8,0.0,225.9,-0.01,0.0,0.0,230.1,0.0,0.0,0.0,220.9,0.01,194.0,-0.01,166.4,-0.01,227.7,0.01,178.1,0.0,0.0,0.0,243.73,36.44,244.89,28.23,241.04,27.6,1.0,50.02
2026-10-09T16:30:02.039915+00:00,0.0,37.49,24.91,-62.4,73.0,100.0,26.0,23.8,17.1,0.0,346.9,3174.29,68728.63,75569.56,0.0,0.0,0.0,0.0,0.0,0.0,38.28,35.9,30.23,49.04,0.0,0.0,0.0,0.0,0.0,0.0,0.0,0.0,0.0,0.0,0.0,0.0,0.0,0.0,0.0,0.0,0.0,0.0,0.0,0.0,0.0,0.0,0.0,0.0,241.59,32.9,244.51,30.22,240.26,29.65,1.0,49.84
2026-10-09T16:35:01.623223+00:00,0.0,34.78,27.62,-62.4,68.4,100.0,26.0,23.8,17.1,0.0,346.9,3174.29,68728.63,75569.56,0.0,0.0,0.0,0.0,0.0,0.0,40.26,35.9,30.23,49.04,0.0,0.0,0.0,0.0,0.0,0.0,0.0,0.0,0.0,0.0,0.0,0.0,0.0,0.0,0.0,0.0,0.0,0.0,0.0,0.0,0.0,0.0,0.0,0.0,243.46,37.58,244.32,27.6,240.69,27.09,1.0,49.96
2026-10-09T16:40:01.505301+00:00,0.0,40.99,18.31,-59.3,63.9,100.0,26.0,23.8,17.1,0.0,346.9,3174.29,68728.63,75569.56,0.0,0.0,0.0,0.0,0.0,0.0,42.27,35.9,30.23,49.04,0.0,0.0,0.0,0.0,0.0,0.0,0.0,0.0,0.0,0.0,0.0,0.0,0.0,0.0,0.0,0.0,0.0,0.0,0.0,0.0,0.0,0.0,0.0,0.0,242.24,32.73,244.45,30.18,240.48,29.66,0.0,49.87
2026-10-09T16:45:01.377628+00:00,0.0,38.79,23.31,-62.1,59.4,100.0,26.0,23.7,17.3,0.0,346.9,3174.29,68728.63,75569.56,0.0,0.0,0.0,0.0,0.0,0.0,44.19,35.9,30.23,49.04,0.0,0.0,0.0,0.0,0.0,0.0,0.0,0.0,0.0,0.0,0.0,0.0,0.0,0.0,0.0,0.0,0.0,0.0,0.0,0.0,0.0,0.0,0.0,0.0,242.46,33.57,244.78,28.23,240.7,27.74,1.0,49.83
2026-10-09T16:55:01.553197+00:00,0.0,38.82,22.18,-61.0,50.4,100.0,26.0,23.7,17.3,0.0,346.9,3174.29,68728.63,75569.56,0.0,0.0,0.0,0.0,0.0,0.0,48.07,35.9,30.23,49.04,0.0,0.0,0.0,0.0,0.0,0.0,0.0,0.0,0.0,0.0,0.0,0.0,0.0,0.0,0.0,0.0,0.0,0.0,0.0,0.0,0.0,0.0,0.0,0.0,242.68,31.18,245.13,30.3,241.45,29.63,1.0,49.91
2026-10-09T17:00:01.462202+00:00,0.0,40.46,20.44,-60.9,46.0,100.0,0.0,23.7,17.1,0.0,346.9,3174.29,68728.63,75569.56,0.0,0.0,0.0,0.0,0.0,0.0,49.96,35.9,30.23,49.04,0.0,0.0,0.0,0.0,0.0,0.0,0.0,0.0,0.0,0.0,0.0,0.0,0.0,0.0,0.0,0.0,0.0,0.0,0.0,0.0,0.0,0.0,0.0,0.0,242.79,30.86,244.57,29.64,241.03,29.19,1.0,49.84
2026-10-09T17:05:01.215135+00:00,0.0,38.1,21.5,-59.6,41.7,100.0,0.0,23.7,17.1,0.0,346.9,3174.29,68728.63,75569.56,0.0,0.0,0.0,0.0,0.0,0.0,51.85,35.9,30.23,49.04,0.0,0.0,0.0,0.0,0.0,0.0,0.0,0.0,0.0,0.0,0.0,0.0,0.0,0.0,0.0,0.0,0.0,0.0,0.0,0.0,0.0,0.0,0.0,0.0,242.97,30.34,245.27,29.46,241.62,28.75,1.0,49.99
2026-10-09T17:10:01.618400+00:00,0.0,37.43,21.87,-59.3,37.3,100.0,0.0,23.7,17.1,0.0,346.9,3174.29,68728.63,75569.56,0.0,0.0,0.0,0.0,0.0,0.0,53.73,35.9,30.23,49.04,0.0,0.0,0.0,0.0,0.0,0.0,0.0,0.0,0.0,0.0,0.0,0.0,0.0,0.0,0.0,0.0,0.0,0.0,0.0,0.0,0.0,0.0,0.0,0.0,242.79,29.18,244.89,29.02,241.53,29.37,1.0,49.9
2026-10-09T17:15:01.921664+00:00,0.0,38.72,20.28,-59.0,33.0,100.0,0.0,23.6,16.2,0.0,346.9,3174.29,68728.63,75569.56,0.0,0.0,0.0,0.0,0.0,0.0,55.59,35.9,30.23,49.04,0.0,0.0,0.0,0.0,0.0,0.0,0.0,0.0,0.0,0.0,0.0,0.0,0.0,0.0,0.0,0.0,0.0,0.0,0.0,0.0,0.0,0.0,0.0,0.0,242.94,31.19,245.05,28.08,241.51,27.62,1.0,49.85
2026-10-09T17:20:01.374210+00:00,0.0,37.64,20.56,-58.2,28.7,100.0,0.0,23.6,16.2,0.0,346.9,3174.29,68728.63,75569.56,0.0,0.0,0.0,0.0,0.0,0.0,57.44,35.9,30.23,49.04,0.0,0.0,0.0,0.0,0.0,0.0,0.0,0.0,0.0,0.0,0.0,0.0,0.0,0.0,0.0,0.0,0.0,0.0,0.0,0.0,0.0,0.0,0.0,0.0,244.57,34.92,245.4,25.83,241.8,25.47,1.0,49.94
2026-10-09T17:25:02.056445+00:00,0.0,31.13,26.37,-57.5,24.3,100.0,0.0,23.6,16.2,0.0,346.9,3174.29,68728.63,75569.56,0.0,0.0,0.0,0.0,0.0,0.0,59.29,35.9,30.23,49.04,0.0,0.0,0.0,0.0,0.0,0.0,0.0,0.0,0.0,0.0,0.0,0.0,0.0,0.0,0.0,0.0,0.0,0.0,0.0,0.0,0.0,0.0,0.0,0.0,243.77,28.29,245.77,28.16,242.58,28.48,1.0,50.08
2026-10-09T17:30:02.054534+00:00,0.0,15.64,23.66,-39.3,20.3,100.0,0.0,23.5,15.0,0.0,346.9,3174.29,68728.63,75569.56,0.0,0.0,0.0,0.0,0.0,0.0,61.08,35.9,30.23,49.04,0.0,0.0,0.0,0.0,0.0,0.0,0.0,0.0,0.0,0.0,0.0,0.0,0.0,0.0,0.0,0.0,0.0,0.0,0.0,0.0,0.0,0.0,0.0,0.0,243.77,27.89,246.51,27.69,243.01,28.05,1.0,50.09
2026-10-09T17:35:01.279171+00:00,0.0,-22.41,21.81,0.6,20.0,100.0,0.0,23.5,15.0,0.0,346.9,3174.29,68728.63,75569.56,0.0,0.0,0.0,0.0,0.0,0.0,61.3,35.9,30.23,49.04,0.0,0.0,0.0,0.0,0.0,0.0,0.0,0.0,0.0,0.0,0.0,0.0,0.0,0.0,0.0,0.0,0.0,0.0,0.0,0.0,0.0,0.0,0.0,0.0,243.93,26.9,246.54,26.72,242.97,27.08,-0.564,50.12
2026-10-09T17:40:01.569673+00:00,0.0,-17.01,16.41,0.4,20.0,100.0,0.0,23.5,15.0,0.0,346.9,3174.29,68728.63,75569.56,0.0,0.0,0.0,0.0,0.0,0.0,61.3,35.9,30.23,49.04,0.0,0.0,0.0,0.0,0.0,0.0,0.0,0.0,0.0,0.0,0.0,0.0,0.0,0.0,0.0,0.0,0.0,0.0,0.0,0.0,0.0,0.0,0.0,0.0,235.37,0.52,237.81,0.53,234.55,0.53,-0.882,50.17
2026-10-09T17:45:02.117172+00:00,0.0,-26.46,25.76,0.7,20.0,100.0,0.0,23.4,13.9,0.0,346.9,3174.29,68728.63,75569.56,0.0,0.0,0.0,0.0,0.0,0.0,61.3,35.9,30.23,49.04,0.0,0.0,0.0,0.0,0.0,0.0,0.0,0.0,0.0,0.0,0.0,0.0,0.0,0.0,0.0,0.0,0.0,0.0,0.0,0.0,0.0,0.0,0.0,0.0,236.07,0.62,238.05,0.62,234.54,0.64,-0.925,50.18
2026-10-09T17:50:01.489209+00:00,0.0,-22.19,21.59,0.6,20.0,100.0,0.0,23.4,13.9,0.0,346.9,3174.29,68728.63,75569.56,0.0,0.0,0.0,0.0,0.0,0.0,61.3,35.9,30.23,49.04,0.0,0.0,0.0,0.0,0.0,0.0,0.0,0.0,0.0,0.0,0.0,0.0,0.0,0.0,0.0,0.0,0.0,0.0,0.0,0.0,0.0,0.0,0.0,0.0,235.13,0.62,237.61,0.64,234.28,0.64,-0.621,50.17
2026-10-09T17:55:01.435169+00:00,0.0,-19.98,19.28,0.7,20.0,100.0,0.0,23.4,13.9,0.0,346.9,3174.29,68728.63,75569.56,0.0,0.0,0.0,0.0,0.0,0.0,61.3,35.9,30.23,49.04,0.0,0.0,0.0,0.0,0.0,0.0,0.0,0.0,0.0,0.0,0.0,0.0,0.0,0.0,0.0,0.0,0.0,0.0,0.0,0.0,0.0,0.0,0.0,0.0,235.66,0.57,237.81,0.59,234.8,0.59,-0.67,50.18
2026-10-09T18:00:02.162740+00:00,0.0,-16.92,16.22,0.5,20.0,100.0,0.0,23.4,13.0,0.0,346.9,3174.29,68728.63,75569.56,0.0,0.0,0.0,0.0,0.0,0.0,61.3,35.9,30.23,49.04,0.0,0.0,0.0,0.0,0.0,0.0,0.0,0.0,0.0,0.0,0.0,0.0,0.0,0.0,0.0,0.0,0.0,0.0,0.0,0.0,0.0,0.0,0.0,0.0,235.88,0.59,238.56,0.61,234.74,0.62,-0.974,50.14
2026-10-09T18:05:02.011702+00:00,0.0,-17.81,17.11,0.5,20.0,100.0,0.0,23.4,13.0,0.0,346.9,3174.29,68728.63,75569.56,0.0,0.0,0.0,0.0,0.0,0.0,61.3,35.9,30.23,49.04,0.0,0.0,0.0,0.0,0.0,0.0,0.0,0.0,0.0,0.0,0.0,0.0,0.0,0.0,0.0,0.0,0.0,0.0,0.0,0.0,0.0,0.0,0.0,0.0,236.0,0.54,238.07,0.55,234.94,0.56,-0.512,50.12
2026-10-09T18:10:01.650538+00:00,0.0,-14.62,13.92,0.7,20.0,100.0,0.0,23.4,13.0,0.0,346.9,3174.29,68728.63,75569.56,0.0,0.0,0.0,0.0,0.0,0.0,61.3,35.9,30.23,49.04,0.0,0.0,0.0,0.0,0.0,0.0,0.0,0.0,0.0,0.0,0.0,0.0,0.0,0.0,0.0,0.0,0.0,0.0,0.0,0.0,0.0,0.0,0.0,0.0,235.79,0.63,237.92,0.63,234.58,0.64,-0.827,50.01
2026-10-09T18:15:01.858507+00:00,0.0,-20.31,19.61,0.5,20.0,100.0,0.0,23.3,12.8,0.0,346.9,3174.29,68728.63,75569.56,0.0,0.0,0.0,0.0,0.0,0.0,61.3,35.9,30.23,49.04,0.0,0.0,0.0,0.0,0.0,0.0,0.0,0.0,0.0,0.0,0.0,0.0,0.0,0.0,0.0,0.0,0.0,0.0,0.0,0.0,0.0,0.0,0.0,0.0,235.81,0.53,238.25,0.55,234.99,0.56,-0.714,49.97
2026-10-09T18:20:01.902236+00:00,0.0,-20.12,19.42,0.7,20.0,100.0,0.0,23.3,12.8,0.0,346.9,3174.29,68728.63,75569.56,0.0,0.0,0.0,0.0,0.0,0.0,61.3,35.9,30.23,49.04,0.0,0.0,0.0,0.0,0.0,0.0,0.0,0.0,0.0,0.0,0.0,0.0,0.0,0.0,0.0,0.0,0.0,0.0,0.0,0.0,0.0,0.0,0.0,0.0,235.47,0.57,238.22,0.59,235.17,0.6,-0.908,49.97
2026-10-09T18:25:01.471200+00:00,0.0,-16.26,15.76,0.5,20.0,100.0,0.0,23.3,12.8,0.0,346.9,3174.29,68728.63,75569.56,0.0,0.0,0.0,0.0,0.0,0.0,61.3,35.9,30.23,49.04,0.0,0.0,0.0,0.0,0.0,0.0,0.0,0.0,0.0,0.0,0.0,0.0,0.0,0.0,0.0,0.0,0.0,0.0,0.0,0.0,0.0,0.0,0.0,0.0,236.03,0.51,239.0,0.53,235.76,0.54,-0.672,50.03
2026-10-09T18:30:01.393212+00:00,0.0,-20.55,19.85,0.7,20.0,100.0,0.0,23.3,12.9,0.0,346.9,3174.29,68728.63,75569.56,0.0,0.0,0.0,0.0,0.0,0.0,61.3,35.9,30.23,49.04,0.0,0.0,0.0,0.0,0.0,0.0,0.0,0.0,0.0,0.0,0.0,0.0,0.0,0.0,0.0,0.0,0.0,0.0,0.0,0.0,0.0,0.0,0.0,0.0,236.75,0.54,238.33,0.55,235.55,0.56,-0.694,49.97
2026-10-09T18:35:02.086050+00:00,0.0,-20.55,19.95,0.6,20.0,100.0,0.0,23.3,12.9,0.0,346.9,3174.29,68728.63,75569.56,0.0,0.0,0.0,0.0,0.0,0.0,61.3,35.9,30.23,49.04,0.0,0.0,0.0,0.0,0.0,0.0,0.0,0.0,0.0,0.0,0.0,0.0,0.0,0.0,0.0,0.0,0.0,0.0,0.0,0.0,0.0,0.0,0.0,0.0,237.4,0.58,239.17,0.58,236.56,0.6,-0.538,50.1
2026-10-09T18:40:01.674630+00:00,0.0,-16.54,15.94,0.6,20.0,100.0,0.0,23.3,12.9,0.0,346.9,3174.29,68728.63,75569.56,0.0,0.0,0.0,0.0,0.0,0.0,61.3,35.9,30.23,49.04,0.0,0.0,0.0,0.0,0.0,0.0,0.0,0.0,0.0,0.0,0.0,0.0,0.0,0.0,0.0,0.0,0.0,0.0,0.0,0.0,0.0,0.0,0.0,0.0,237.3,0.65,239.68,0.65,236.81,0.67,-0.556,50.13
2026-10-09T18:45:01.812271+00:00,0.0,-14.75,14.15,0.4,20.0,100.0,0.0,23.2,13.1,0.0,346.9,3174.29,68728.63,75569.56,0.0,0.0,0.0,0.0,0.0,0.0,61.3,35.9,30.23,49.04,0.0,0.0,0.0,0.0,0.0,0.0,0.0,0.0,0.0,0.0,0.0,0.0,0.0,0.0,0.0,0.0,0.0,0.0,0.0,0.0,0.0,0.0,0.0,0.0,237.53,0.53,239.93,0.53,236.93,0.54,-0.884,50.15
2026-10-09T18:50:01.264550+00:00,0.0,-13.8,13.4,0.4,20.0,100.0,0.0,23.2,13.1,0.0,346.9,3174.29,68728.63,75569.56,0.0,0.0,0.0,0.0,0.0,0.0,61.3,35.9,30.23,49.04,0.0,0.0,0.0,0.0,0.0,0.0,0.0,0.0,0.0,0.0,0.0,0.0,0.0,0.0,0.0,0.0,0.0,0.0,0.0,0.0,0.0,0.0,0.0,0.0,238.17,0.58,240.66,0.57,237.36,0.58,-0.912,50.19
2026-10-09T18:55:01.397960+00:00,0.0,-14.18,13.58,0.6,20.0,100.0,0.0,22.8,13.1,0.0,346.9,3174.29,68728.63,75569.56,0.0,0.0,0.0,0.0,0.0,0.0,61.3,35.9,30.23,49.04,0.0,0.0,0.0,0.0,0.0,0.0,0.0,0.0,0.0,0.0,0.0,0.0,0.0,0.0,0.0,0.0,0.0,0.0,0.0,0.0,0.0,0.0,0.0,0.0,238.26,0.51,240.57,0.51,237.3,0.52,-0.564,50.16
2026-10-09T19:00:01.369513+00:00,0.0,-20.08,19.48,0.6,20.0,100.0,0.0,22.7,14.0,0.0,346.9,3174.29,68728.63,75569.56,0.0,0.0,0.0,0.0,0.0,0.0,61.3,35.9,30.23,49.04,0.0,0.0,0.0,0.0,0.0,0.0,0.0,0.0,0.0,0.0,0.0,0.0,0.0,0.0,0.0,0.0,0.0,0.0,0.0,0.0,0.0,0.0,0.0,0.0,238.95,0.54,241.19,0.55,237.68,0.57,-0.715,50.2
2026-10-09T19:05:01.192578+00:00,0.0,-20.51,20.31,0.2,19.9,100.0,0.0,22.7,14.0,0.0,346.9,3174.29,68728.63,75569.56,0.0,0.0,0.0,0.0,0.0,0.0,61.3,35.9,30.23,49.04,0.0,0.0,0.0,0.0,0.0,0.0,0.0,0.0,0.0,0.0,0.0,0.0,0.0,0.0,0.0,0.0,0.0,0.0,0.0,0.0,0.0,0.0,0.0,0.0,239.68,0.57,241.63,0.56,238.6,0.57,-0.753,50.15
2026-10-09T19:10:01.392938+00:00,0.0,-19.59,19.59,0.0,19.9,100.0,0.0,22.7,14.0,0.0,346.9,3174.29,68728.63,75569.56,0.0,0.0,0.0,0.0,0.0,0.0,61.31,35.9,30.23,49.04,0.0,0.0,0.0,0.0,0.0,0.0,0.0,0.0,0.0,0.0,0.0,0.0,0.0,0.0,0.0,0.0,0.0,0.0,0.0,0.0,0.0,0.0,0.0,0.0,233.34,0.48,235.03,0.5,232.37,0.5,-0.916,50.02
2026-10-09T19:15:01.921074+00:00,0.0,-16.08,15.88,0.2,19.9,100.0,0.0,22.7,14.1,0.0,346.9,3174.29,68728.63,75569.56,0.0,0.0,0.0,0.0,0.0,0.0,61.31,35.9,30.23,49.04,0.0,0.0,0.0,0.0,0.0,0.0,0.0,0.0,0.0,0.0,0.0,0.0,0.0,0.0,0.0,0.0,0.0,0.0,0.0,0.0,0.0,0.0,0.0,0.0,232.95,0.47,234.71,0.5,232.17,0.5,-0.777,49.99
2026-10-09T19:25:02.016095+00:00,0.0,-15.69,15.29,0.4,19.9,100.0,0.0,22.7,14.1,0.0,346.9,3174.29,68728.63,75569.56,0.0,0.0,0.0,0.0,0.0,0.0,61.31,35.9,30.23,49.04,0.0,0.0,0.0,0.0,0.0,0.0,0.0,0.0,0.0,0.0,0.0,0.0,0.0,0.0,0.0,0.0,0.0,0.0,0.0,0.0,0.0,0.0,0.0,0.0,233.16,0.51,235.34,0.53,233.18,0.54,-0.928,50.08
2026-10-09T19:40:01.970491+00:00,0.0,-18.58,18.18,0.4,19.9,100.0,0.0,22.6,13.8,0.0,346.9,3174.29,68728.63,75569.56,0.0,0.0,0.0,0.0,0.0,0.0,61.31,35.9,30.23,49.04,0.0,0.0,0.0,0.0,0.0,0.0,0.0,0.0,0.0,0.0,0.0,0.0,0.0,0.0,0.0,0.0,0.0,0.0,0.0,0.0,0.0,0.0,0.0,0.0,236.39,0.54,238.31,0.56,235.92,0.56,-0.917,50.05
2026-10-09T19:50:01.784829+00:00,0.0,-14.87,14.47,0.4,19.9,100.0,0.0,22.6,13.6,0.0,346.9,3174.29,68728.63,75569.56,0.0,0.0,0.0,0.0,0.0,0.0,61.31,35.9,30.23,49.04,0.0,0.0,0.0,0.0,0.0,0.0,0.0,0.0,0.0,0.0,0.0,0.0,0.0,0.0,0.0,0.0,0.0,0.0,0.0,0.0,0.0,0.0,0.0,0.0,236.91,0.6,238.97,0.6,236.23,0.61,-0.953,50.05
2026-10-09T19:55:01.440685+00:00,0.0,-18.72,18.52,0.0,19.9,100.0,0.0,22.6,13.6,0.0,346.9,3174.29,68728.63,75569.56,0.0,0.0,0.0,0.0,0.0,0.0,61.31,35.9,30.23,49.04,0.0,0.0,0.0,0.0,0.0,0.0,0.0,0.0,0.0,0.0,0.0,0.0,0.0,0.0,0.0,0.0,0.0,0.0,0.0,0.0,0.0,0.0,0.0,0.0,237.61,0.52,239.24,0.55,236.67,0.56,-0.857,50.16
2026-10-09T20:00:01.357119+00:00,0.0,-13.97,13.57,0.4,19.9,100.0,0.0,22.6,13.5,0.0,346.9,3174.29,68728.63,75569.56,0.0,0.0,0.0,0.0,0.0,0.0,61.31,35.9,30.23,49.04,0.0,0.0,0.0,0.0,0.0,0.0,0.0,0.0,0.0,0.0,0.0,0.0,0.0,0.0,0.0,0.0,0.0,0.0,0.0,0.0,0.0,0.0,0.0,0.0,237.16,0.5,239.08,0.53,236.54,0.52,-0.675,50.05
2026-10-09T20:05:02.162359+00:00,0.0,-16.46,16.06,0.4,19.9,100.0,0.0,22.6,13.5,0.0,346.9,3174.29,68728.63,75569.56,0.0,0.0,0.0,0.0,0.0,0.0,61.31,35.9,30.23,49.04,0.0,0.0,0.0,0.0,0.0,0.0,0.0,0.0,0.0,0.0,0.0,0.0,0.0,0.0,0.0,0.0,0.0,0.0,0.0,0.0,0.0,0.0,0.0,0.0,236.92,0.56,238.77,0.59,236.0,0.59,-0.968,50.03
2026-10-09T20:10:01.295681+00:00,0.0,-15.96,15.56,0.4,19.9,100.0,0.0,22.6,13.5,0.0,346.9,3174.29,68728.63,75569.56,0.0,0.0,0.0,0.0,0.0,0.0,61.31,35.9,30.23,49.04,0.0,0.0,0.0,0.0,0.0,0.0,0.0,0.0,0.0,0.0,0.0,0.0,0.0,0.0,0.0,0.0,0.0,0.0,0.0,0.0,0.0,0.0,0.0,0.0,236.57,0.51,238.24,0.53,235.57,0.53,-0.921,50.01
2026-10-09T20:15:01.807780+00:00,0.0,-15.69,15.29,0.2,19.9,100.0,0.0,22.5,13.2,0.0,346.9,3174.29,68728.63,75569.56,0.0,0.0,0.0,0.0,0.0,0.0,61.31,35.9,30.23,49.04,0.0,0.0,0.0,0.0,0.0,0.0,0.0,0.0,0.0,0.0,0.0,0.0,0.0,0.0,0.0,0.0,0.0,0.0,0.0,0.0,0.0,0.0,0.0,0.0,236.44,0.53,238.22,0.55,235.62,0.56,-0.915,49.9
2026-10-09T20:20:02.091752+00:00,0.0,-16.84,16.44,0.4,19.9,100.0,0.0,22.5,13.2,0.0,346.9,3174.29,68728.63,75569.56,0.0,0.0,0.0,0.0,0.0,0.0,61.31,35.9,30.23,49.04,0.0,0.0,0.0,0.0,0.0,0.0,0.0,0.0,0.0,0.0,0.0,0.0,0.0,0.0,0.0,0.0,0.0,0.0,0.0,0.0,0.0,0.0,0.0,0.0,237.62,0.59,238.94,0.61,236.51,0.64,-0.84,50.04
2026-10-09T20:25:01.583852+00:00,0.0,-17.41,16.81,0.2,19.9,100.0,0.0,22.5,13.2,0.0,346.9,3174.29,68728.63,75569.56,0.0,0.0,0.0,0.0,0.0,0.0,61.31,35.9,30.23,49.04,0.0,0.0,0.0,0.0,0.0,0.0,0.0,0.0,0.0,0.0,0.0,0.0,0.0,0.0,0.0,0.0,0.0,0.0,0.0,0.0,0.0,0.0,0.0,0.0,237.33,0.59,239.36,0.6,236.53,0.61,-0.793,50.01
2026-10-09T20:30:02.043340+00:00,0.0,-17.72,17.32,0.4,19.9,100.0,0.0,22.4,13.0,0.0,346.9,3174.29,68728.63,75569.56,0.0,0.0,0.0,0.0,0.0,0.0,61.31,35.9,30.23,49.04,0.0,0.0,0.0,0.0,0.0,0.0,0.0,0.0,0.0,0.0,0.0,0.0,0.0,0.0,0.0,0.0,0.0,0.0,0.0,0.0,0.0,0.0,0.0,0.0,237.24,0.51,239.04,0.52,236.6,0.55,-1.0,50.0
2026-10-09T20:35:01.275548+00:00,0.0,-22.92,22.32,0.6,19.9,100.0,0.0,22.4,13.0,0.0,346.9,3174.29,68728.63,75569.56,0.0,0.0,0.0,0.0,0.0,0.0,61.31,35.9,30.23,49.04,0.0,0.0,0.0,0.0,0.0,0.0,0.0,0.0,0.0,0.0,0.0,0.0,0.0,0.0,0.0,0.0,0.0,0.0,0.0,0.0,0.0,0.0,0.0,0.0,237.54,0.54,239.19,0.56,236.54,0.55,-0.719,50.01
2026-10-09T20:40:02.145736+00:00,0.0,-14.41,14.01,0.4,19.9,100.0,0.0,22.4,13.0,0.0,346.9,3174.29,68728.63,75569.56,0.0,0.0,0.0,0.0,0.0,0.0,61.31,35.9,30.23,49.04,0.0,0.0,0.0,0.0,0.0,0.0,0.0,0.0,0.0,0.0,0.0,0.0,0.0,0.0,0.0,0.0,0.0,0.0,0.0,0.0,0.0,0.0,0.0,0.0,237.61,0.53,239.22,0.56,236.83,0.56,-0.957,50.1
2026-10-09T20:45:01.999412+00:00,0.0,-24.77,24.37,0.4,19.9,100.0,0.0,22.4,12.6,0.0,346.9,3174.29,68728.63,75569.56,0.0,0.0,0.0,0.0,0.0,0.0,61.31,35.9,30.23,49.04,0.0,0.0,0.0,0.0,0.0,0.0,0.0,0.0,0.0,0.0,0.0,0.0,0.0,0.0,0.0,0.0,0.0,0.0,0.0,0.0,0.0,0.0,0.0,0.0,238.16,0.51,239.77,0.54,237.54,0.54,-0.882,50.12
2026-10-09T20:50:01.450155+00:00,0.0,-18.69,18.09,0.6,19.9,100.0,0.0,22.4,12.6,0.0,346.9,3174.29,68728.63,75569.56,0.0,0.0,0.0,0.0,0.0,0.0,61.31,35.9,30.23,49.04,0.0,0.0,0.0,0.0,0.0,0.0,0.0,0.0,0.0,0.0,0.0,0.0,0.0,0.0,0.0,0.0,0.0,0.0,0.0,0.0,0.0,0.0,0.0,0.0,238.12,0.56,239.86,0.57,237.52,0.57,-0.549,50.11
2026-10-09T20:55:01.245524+00:00,0.0,-19.12,18.52,0.6,19.9,100.0,0.0,22.4,12.6,0.0,346.9,3174.29,68728.63,75569.56,0.0,0.0,0.0,0.0,0.0,0.0,61.31,35.9,30.23,49.04,0.0,0.0,0.0,0.0,0.0,0.0,0.0,0.0,0.0,0.0,0.0,0.0,0.0,0.0,0.0,0.0,0.0,0.0,0.0,0.0,0.0,0.0,0.0,0.0,238.63,0.54,240.65,0.55,238.0,0.55,-0.932,50.16
2026-10-09T21:00:01.377397+00:00,0.0,-19.07,18.47,0.4,19.9,100.0,0.0,22.3,12.3,0.0,346.9,3174.29,68728.63,75569.56,0.0,0.0,0.0,0.0,0.0,0.0,61.31,35.9,30.23,49.04,0.0,0.0,0.0,0.0,0.0,0.0,0.0,0.0,0.0,0.0,0.0,0.0,0.0,0.0,0.0,0.0,0.0,0.0,0.0,0.0,0.0,0.0,0.0,0.0,238.37,0.54,240.49,0.55,237.54,0.54,-0.722,50.01
2026-10-09T21:05:01.674578+00:00,0.0,-19.74,19.14,0.4,19.9,100.0,0.0,22.3,12.3,0.0,346.9,3174.29,68728.63,75569.56,0.0,0.0,0.0,0.0,0.0,0.0,61.31,35.9,30.23,49.04,0.0,0.0,0.0,0.0,0.0,0.0,0.0,0.0,0.0,0.0,0.0,0.0,0.0,0.0,0.0,0.0,0.0,0.0,0.0,0.0,0.0,0.0,0.0,0.0,238.71,0.54,240.36,0.55,237.97,0.54,-0.944,50.05
2026-10-09T21:10:01.717608+00:00,0.0,-20.33,19.93,0.4,20.0,100.0,0.0,22.3,12.3,0.0,346.9,3174.29,68728.63,75569.56,0.0,0.0,0.0,0.0,0.0,0.0,61.31,35.9,30.23,49.04,0.0,0.0,0.0,0.0,0.0,0.0,0.0,0.0,0.0,0.0,0.0,0.0,0.0,0.0,0.0,0.0,0.0,0.0,0.0,0.0,0.0,0.0,0.0,0.0,238.72,0.58,240.6,0.58,238.26,0.57,-0.843,50.08
2026-10-09T21:15:01.945661+00:00,0.0,-26.21,25.61,0.6,20.0,100.0,0.0,22.3,11.8,0.0,346.9,3174.29,68728.63,75569.56,0.0,0.0,0.0,0.0,0.0,0.0,61.32,35.9,30.23,49.04,0.0,0.0,0.0,0.0,0.0,0.0,0.0,0.0,0.0,0.0,0.0,0.0,0.0,0.0,0.0,0.0,0.0,0.0,0.0,0.0,0.0,0.0,0.0,0.0,238.81,0.51,240.64,0.52,238.7,0.52,-0.873,50.1
2026-10-09T21:20:01.477451+00:00,0.0,-19.05,18.45,0.6,20.0,100.0,0.0,22.3,11.8,0.0,346.9,3174.29,68728.63,75569.56,0.0,0.0,0.0,0.0,0.0,0.0,61.32,35.9,30.23,49.04,0.0,0.0,0.0,0.0,0.0,0.0,0.0,0.0,0.0,0.0,0.0,0.0,0.0,0.0,0.0,0.0,0.0,0.0,0.0,0.0,0.0,0.0,0.0,0.0,238.62,0.52,240.26,0.53,238.32,0.52,-0.851,50.0
2026-10-09T21:25:01.317215+00:00,0.0,-20.42,19.82,0.6,20.0,100.0,0.0,22.3,11.8,0.0,346.9,3174.29,68728.63,75569.56,0.0,0.0,0.0,0.0,0.0,0.0,61.32,35.9,30.23,49.04,0.0,0.0,0.0,0.0,0.0,0.0,0.0,0.0,0.0,0.0,0.0,0.0,0.0,0.0,0.0,0.0,0.0,0.0,0.0,0.0,0.0,0.0,0.0,0.0,237.11,0.51,238.84,0.52,236.99,0.52,-0.604,50.14
2026-10-09T21:30:01.344819+00:00,0.0,-18.47,17.87,0.6,20.0,100.0,0.0,22.3,11.4,0.0,346.9,3174.29,68728.63,75569.56,0.0,0.0,0.0,0.0,0.0,0.0,61.32,35.9,30.23,49.04,0.0,0.0,0.0,0.0,0.0,0.0,0.0,0.0,0.0,0.0,0.0,0.0,0.0,0.0,0.0,0.0,0.0,0.0,0.0,0.0,0.0,0.0,0.0,0.0,238.0,0.55,239.53,0.56,236.78,0.55,-0.857,50.11
2026-10-09T21:35:01.411571+00:00,0.0,-18.3,17.7,0.6,20.0,100.0,0.0,22.3,11.4,0.0,346.9,3174.29,68728.63,75569.56,0.0,0.0,0.0,0.0,0.0,0.0,61.32,35.9,30.23,49.04,0.0,0.0,0.0,0.0,0.0,0.0,0.0,0.0,0.0,0.0,0.0,0.0,0.0,0.0,0.0,0.0,0.0,0.0,0.0,0.0,0.0,0.0,0.0,0.0,237.76,0.57,239.72,0.58,236.7,0.58,-0.906,50.04
2026-10-09T21:40:02.037370+00:00,0.0,-20.17,19.77,0.4,20.0,100.0,0.0,22.3,11.4,0.0,346.9,3174.29,68728.63,75569.56,0.0,0.0,0.0,0.0,0.0,0.0,61.32,35.9,30.23,49.04,0.0,0.0,0.0,0.0,0.0,0.0,0.0,0.0,0.0,0.0,0.0,0.0,0.0,0.0,0.0,0.0,0.0,0.0,0.0,0.0,0.0,0.0,0.0,0.0,237.12,0.64,239.38,0.6,236.12,0.62,-0.981,50.06
2026-10-09T21:50:02.141634+00:00,0.0,-22.71,22.11,0.6,20.0,100.0,0.0,22.3,11.0,0.0,0.0,0.0,0.0,0.0,0.0,0.0,0.0,0.0,0.0,0.0,61.32,0.0,0.0,0.0,0.0,0.0,0.0,0.0,0.0,0.0,0.0,0.0,0.0,0.0,0.0,0.0,0.0,0.0,0.0,0.0,0.0,0.0,0.0,0.0,0.0,0.0,0.0,0.0,236.91,0.55,238.65,0.56,236.0,0.56,-0.955,49.96
2026-10-09T21:55:01.199568+00:00,0.0,-18.64,18.04,0.4,20.0,100.0,0.0,22.3,11.0,0.0,346.9,3174.29,68728.63,75569.56,0.0,0.0,0.0,0.0,0.0,0.0,61.32,35.9,30.23,49.04,0.0,0.0,0.0,0.0,0.0,0.0,0.0,0.0,0.0,0.0,0.0,0.0,0.0,0.0,0.0,0.0,0.0,0.0,0.0,0.0,0.0,0.0,0.0,0.0,237.31,0.58,239.25,0.6,236.47,0.58,-0.941,50.05
2026-10-09T22:00:01.654618+00:00,0.0,-20.37,19.77,0.6,20.0,100.0,0.0,22.3,10.7,0.0,346.9,3174.29,68728.63,75569.56,0.0,0.0,0.0,0.0,0.0,0.0,0.0,35.9,30.23,49.04,0.0,0.0,0.0,0.0,0.0,0.0,0.0,0.0,0.0,0.0,0.0,0.0,0.0,0.0,0.0,0.0,0.0,0.0,0.0,0.0,0.0,0.0,0.0,0.0,237.29,0.55,238.58,0.56,236.16,0.56,-0.999,49.84
2026-10-09T22:05:01.548346+00:00,0.0,-37.91,17.91,20.0,21.2,100.0,0.0,22.3,10.7,0.0,0.0,3174.29,68728.63,75569.56,0.0,0.0,0.0,0.0,0.0,0.0,0.0,35.9,30.23,49.04,0.0,0.0,0.0,0.0,0.0,0.0,0.0,0.0,0.0,0.0,0.0,0.0,0.0,0.0,0.0,0.0,0.0,0.0,0.0,0.0,0.0,0.0,0.0,0.0,236.83,0.64,238.19,0.64,235.4,0.64,-1.0,49.83
2026-10-09T22:10:01.648903+00:00,0.0,-39.74,19.74,20.0,22.5,100.0,0.0,22.3,10.7,0.0,0.0,3174.29,68728.63,75569.56,0.0,0.0,0.0,0.0,0.0,0.0,0.0,35.9,30.23,49.04,0.0,0.0,0.0,0.0,0.0,0.0,0.0,0.0,0.0,0.0,0.0,0.0,0.0,0.0,0.0,0.0,0.0,0.0,0.0,0.0,0.0,0.0,0.0,0.0,236.03,10.14,237.46,10.11,234.91,10.2,-1.0,49.8
2026-10-09T22:15:01.816405+00:00,0.0,-39.18,19.18,20.0,23.8,98.0,0.0,22.2,10.7,0.0,0.0,3174.29,68728.63,75569.56,0.0,0.0,0.0,0.0,0.0,0.0,0.0,35.9,30.23,49.04,0.0,0.0,0.0,0.0,0.0,0.0,0.0,0.0,0.0,0.0,0.0,0.0,0.0,0.0,0.0,0.0,0.0,0.0,0.0,0.0,0.0,0.0,0.0,0.0,235.84,10.13,237.4,10.1,234.89,10.19,-0.999,49.84
2026-10-09T22:20:01.358916+00:00,0.0,-37.0,17.1,19.9,25.0,98.0,0.0,22.2,10.7,0.0,0.0,3174.29,68728.63,75569.56,0.0,0.0,0.0,0.0,0.0,0.0,0.0,35.9,30.23,49.04,0.0,0.0,0.0,0.0,0.0,0.0,0.0,0.0,0.0,0.0,0.0,0.0,0.0,0.0,0.0,0.0,0.0,0.0,0.0,0.0,0.0,0.0,0.0,0.0,237.52,10.07,238.52,10.06,236.28,10.14,-1.0,50.15
2026-10-09T22:25:01.766161+00:00,0.0,-41.39,21.39,20.0,26.3,98.0,0.0,22.2,10.7,0.0,0.0,3174.29,68728.63,75569.56,0.0,0.0,0.0,0.0,0.0,0.0,0.0,35.9,30.23,49.04,0.0,0.0,0.0,0.0,0.0,0.0,0.0,0.0,0.0,0.0,0.0,0.0,0.0,0.0,0.0,0.0,0.0,0.0,0.0,0.0,0.0,0.0,0.0,0.0,0.0,0.0,0.0,0.0,0.0,0.0,0.0,0.0
2026-10-09T22:35:01.622487+00:00,0.0,-37.54,17.54,20.0,28.9,94.0,0.0,22.2,10.8,0.0,0.0,3174.29,68728.63,75569.56,0.0,0.0,0.0,0.0,0.0,0.0,0.0,35.9,30.23,49.04,0.0,0.0,0.0,0.0,0.0,0.0,0.0,0.0,0.0,0.0,0.0,0.0,0.0,0.0,0.0,0.0,0.0,0.0,0.0,0.0,0.0,0.0,0.0,0.0,237.33,10.08,238.95,10.04,236.3,10.14,0.0,50.05
2026-10-09T22:40:01.619375+00:00,0.0,-39.25,19.25,20.0,30.1,94.0,0.0,22.2,10.8,0.0,0.0,0.0,0.0,0.0,0.0,0.0,0.0,0.0,0.0,0.0,0.0,0.0,0.0,0.0,0.0,0.0,0.0,0.0,0.0,0.0,0.0,0.0,0.0,0.0,0.0,0.0,0.0,0.0,0.0,0.0,0.0,0.0,0.0,0.0,0.0,0.0,0.0,0.0,237.11,10.1,238.88,10.06,236.27,10.15,-1.0,50.08
2026-10-09T22:50:01.203366+00:00,0.0,-39.33,19.43,19.9,32.7,90.0,0.0,22.1,10.9,0.0,0.0,3174.29,68728.63,75569.56,0.0,0.0,0.0,0.0,0.0,0.0,0.0,35.9,30.23,49.04,0.0,0.0,0.0,0.0,0.0,0.0,0.0,0.0,0.0,0.0,0.0,0.0,0.0,0.0,0.0,0.0,0.0,0.0,0.0,0.0,0.0,0.0,0.0,0.0,235.26,10.17,236.96,10.12,234.6,10.21,-1.0,49.8
2026-10-09T22:55:01.806323+00:00,0.0,-41.36,21.36,20.0,34.0,90.0,0.0,22.1,10.9,0.0,0.0,3174.29,68728.63,75569.56,0.0,0.0,0.0,0.0,0.0,0.0,0.0,35.9,30.23,49.04,0.0,0.0,0.0,0.0,0.0,0.0,0.0,0.0,0.0,0.0,0.0,0.0,0.0,0.0,0.0,0.0,0.0,0.0,0.0,0.0,0.0,0.0,0.0,0.0,235.08,10.18,236.96,10.13,234.58,10.22,-1.0,49.81
2026-10-09T23:00:01.857173+00:00,0.0,-37.29,17.39,19.9,35.2,84.0,0.0,22.0,11.1,0.0,0.0,3174.29,68728.63,75569.56,0.0,0.0,0.0,0.0,0.0,0.0,0.0,35.9,30.23,49.04,0.0,0.0,0.0,0.0,0.0,0.0,0.0,0.0,0.0,0.0,0.0,0.0,0.0,0.0,0.0,0.0,0.0,0.0,0.0,0.0,0.0,0.0,0.0,0.0,235.3,10.17,237.19,10.12,234.45,10.22,-1.0,49.82
2026-10-09T23:05:01.832603+00:00,0.0,-37.44,17.54,19.9,36.5,84.0,0.0,22.0,11.1,0.0,0.0,3174.29,68728.63,75569.56,0.0,0.0,0.0,0.0,0.0,0.0,0.0,35.9,30.23,49.04,0.0,0.0,0.0,0.0,0.0,0.0,0.0,0.0,0.0,0.0,0.0,0.0,0.0,0.0,0.0,0.0,0.0,0.0,0.0,0.0,0.0,0.0,0.0,0.0,235.99,10.15,237.35,10.12,234.62,10.22,0.0,49.86
2026-10-09T23:10:01.566663+00:00,0.0,-39.15,19.25,19.9,37.8,84.0,0.0,22.0,11.1,0.0,0.0,3174.29,68728.63,75569.56,0.0,0.0,0.0,0.0,0.0,0.0,0.0,35.9,30.23,49.04,0.0,0.0,0.0,0.0,0.0,0.0,0.0,0.0,0.0,0.0,0.0,0.0,0.0,0.0,0.0,0.0,0.0,0.0,0.0,0.0,0.0,0.0,0.0,0.0,236.11,10.15,237.55,10.12,234.89,10.22,-1.0,49.86
2026-10-09T23:15:01.434000+00:00,0.0,-39.27,19.27,20.0,39.1,76.0,0.0,21.9,11.2,0.0,0.0,3174.29,68728.63,75569.56,0.0,0.0,0.0,0.0,0.0,0.0,0.0,35.9,30.23,49.04,0.0,0.0,0.0,0.0,0.0,0.0,0.0,0.0,0.0,0.0,0.0,0.0,0.0,0.0,0.0,0.0,0.0,0.0,0.0,0.0,0.0,0.0,0.0,0.0,236.29,10.15,237.75,10.12,234.98,10.23,-1.0,49.9
2026-10-09T23:20:01.374711+00:00,0.0,-38.8,18.9,19.9,40.3,76.0,0.0,21.9,11.2,0.0,0.0,3174.29,68728.63,75569.56,0.0,0.0,0.0,0.0,0.0,0.0,0.0,35.9,30.23,49.04,0.0,0.0,0.0,0.0,0.0,0.0,0.0,0.0,0.0,0.0,0.0,0.0,0.0,0.0,0.0,0.0,0.0,0.0,0.0,0.0,0.0,0.0,0.0,0.0,236.95,10.11,238.6,10.07,235.64,10.18,-0.999,50.09
2026-10-09T23:25:02.044196+00:00,0.0,-37.3,17.3,20.0,41.6,76.0,0.0,21.9,11.2,0.0,0.0,3174.29,68728.63,75569.56,0.0,0.0,0.0,0.0,0.0,0.0,0.0,35.9,30.23,49.04,0.0,0.0,0.0,0.0,0.0,0.0,0.0,0.0,0.0,0.0,0.0,0.0,0.0,0.0,0.0,0.0,0.0,0.0,0.0,0.0,0.0,0.0,0.0,0.0,236.38,10.16,237.64,10.13,235.07,10.23,-1.0,49.91
2026-10-09T23:30:01.478972+00:00,0.0,-38.64,18.74,19.9,42.9,66.0,0.0,21.8,11.2,0.0,0.0,3174.29,68728.63,75569.56,0.0,0.0,0.0,0.0,0.0,0.0,0.0,35.9,30.23,49.04,0.0,0.0,0.0,0.0,0.0,0.0,0.0,0.0,0.0,0.0,0.0,0.0,0.0,0.0,0.0,0.0,0.0,0.0,0.0,0.0,0.0,0.0,0.0,0.0,236.49,10.15,238.33,10.1,235.34,10.21,-1.0,49.94
2026-10-09T23:35:01.419619+00:00,0.0,-37.18,17.28,19.9,44.1,66.0,0.0,21.8,11.2,0.0,0.0,3174.29,68728.63,75569.56,0.0,0.0,0.0,0.0,0.0,0.0,0.0,35.9,30.23,49.04,0.0,0.0,0.0,0.0,0.0,0.0,0.0,0.0,0.0,0.0,0.0,0.0,0.0,0.0,0.0,0.0,0.0,0.0,0.0,0.0,0.0,0.0,0.0,0.0,236.4,10.14,238.41,10.08,235.35,10.2,-1.0,49.95
2026-10-09T23:40:02.117053+00:00,0.0,-37.04,17.14,19.9,45.4,66.0,0.0,21.8,11.2,0.0,0.0,3174.29,68728.63,75569.56,0.0,0.0,0.0,0.0,0.0,0.0,0.0,35.9,30.23,49.04,0.0,0.0,0.0,0.0,0.0,0.0,0.0,0.0,0.0,0.0,0.0,0.0,0.0,0.0,0.0,0.0,0.0,0.0,0.0,0.0,0.0,0.0,0.0,0.0,236.01,10.16,237.88,10.11,234.85,10.23,-1.0,49.83
2026-10-09T23:45:01.328967+00:00,0.0,-39.1,19.2,19.9,46.7,56.0,0.0,21.6,11.3,0.0,0.0,3174.29,68728.63,75569.56,0.0,0.0,0.0,0.0,0.0,0.0,0.0,35.9,30.23,49.04,0.0,0.0,0.0,0.0,0.0,0.0,0.0,0.0,0.0,0.0,0.0,0.0,0.0,0.0,0.0,0.0,0.0,0.0,0.0,0.0,0.0,0.0,0.0,0.0,235.88,10.16,237.74,10.11,235.22,10.21,-1.0,49.82
2026-10-09T23:50:01.363298+00:00,0.0,-42.81,22.81,20.0,47.9,56.0,0.0,21.6,11.3,0.0,0.0,3174.29,68728.63,75569.56,0.0,0.0,0.0,0.0,0.0,0.0,0.0,35.9,30.23,49.04,0.0,0.0,0.0,0.0,0.0,0.0,0.0,0.0,0.0,0.0,0.0,0.0,0.0,0.0,0.0,0.0,0.0,0.0,0.0,0.0,0.0,0.0,0.0,0.0,236.32,10.15,238.21,10.09,235.75,10.19,-0.999,49.87
2026-10-09T23:55:01.789622+00:00,0.0,-38.31,18.41,19.9,49.2,56.0,0.0,21.6,11.3,0.0,0.0,3174.29,68728.63,75569.56,0.0,0.0,0.0,0.0,0.0,0.0,0.0,35.9,30.23,49.04,0.0,0.0,0.0,0.0,0.0,0.0,0.0,0.0,0.0,0.0,0.0,0.0,0.0,0.0,0.0,0.0,0.0,0.0,0.0,0.0,0.0,0.0,0.0,0.0,236.08,10.16,237.64,10.13,235.37,10.21,-1.0,49.86
2026-10-10T00:00:01.756775+00:00,0.0,-37.23,17.23,20.0,50.5,0.0,0.0,0.0,0.0,0.0,0.0,3174.29,68728.63,75569.56,0.0,0.0,0.0,0.0,0.0,0.0,0.0,35.9,30.23,49.04,0.0,0.0,0.0,0.0,0.0,0.0,0.0,0.0,0.0,0.0,0.0,0.0,0.0,0.0,0.0,0.0,0.0,0.0,0.0,0.0,0.0,0.0,0.0,0.0,236.21,10.16,237.56,10.13,235.5,10.21,-1.0,49.85
2026-10-10T00:05:01.579892+00:00,0.0,-38.03,18.13,19.9,51.7,49.0,0.0,21.5,11.2,0.0,0.0,3174.29,68728.63,75569.56,0.0,0.0,0.0,0.0,0.0,0.0,0.0,35.9,30.23,49.04,0.0,0.0,0.0,0.0,0.0,0.0,0.0,0.0,0.0,0.0,0.0,0.0,0.0,0.0,0.0,0.0,0.0,0.0,0.0,0.0,0.0,0.0,0.0,0.0,235.95,10.17,237.89,10.12,234.92,10.23,-1.0,49.82
2026-10-10T00:10:01.767535+00:00,0.0,-38.04,18.14,19.9,53.0,49.0,0.0,21.5,11.2,0.0,0.0,3174.29,68728.63,75569.56,0.0,0.0,0.0,0.0,0.0,0.0,0.0,35.9,30.23,49.04,0.0,0.0,0.0,0.0,0.0,0.0,0.0,0.0,0.0,0.0,0.0,0.0,0.0,0.0,0.0,0.0,0.0,0.0,0.0,0.0,0.0,0.0,0.0,0.0,235.87,10.17,237.73,10.12,235.13,10.22,-1.0,49.82
2026-10-10T00:15:01.401680+00:00,0.0,-37.21,17.31,19.9,54.3,47.0,0.0,21.3,11.0,0.0,0.0,3174.29,68728.63,75569.56,0.0,0.0,0.0,0.0,0.0,0.0,0.0,35.9,30.23,49.04,0.0,0.0,0.0,0.0,0.0,0.0,0.0,0.0,0.0,0.0,0.0,0.0,0.0,0.0,0.0,0.0,0.0,0.0,0.0,0.0,0.0,0.0,0.0,0.0,236.12,10.17,237.65,10.13,235.09,10.23,0.0,49.84
2026-10-10T00:20:01.372040+00:00,0.0,-39.65,19.75,19.9,55.5,47.0,0.0,21.3,11.0,0.0,0.0,3174.29,68728.63,75569.56,0.0,0.0,0.0,0.0,0.0,0.0,0.0,35.9,30.23,49.04,0.0,0.0,0.0,0.0,0.0,0.0,0.0,0.0,0.0,0.0,0.0,0.0,0.0,0.0,0.0,0.0,0.0,0.0,0.0,0.0,0.0,0.0,0.0,0.0,235.94,10.17,237.6,10.13,234.82,10.24,-1.0,49.8
2026-10-10T00:25:01.545064+00:00,0.0,-40.22,20.32,19.9,56.8,47.0,0.0,21.3,11.0,0.0,0.0,3174.29,68728.63,75569.56,0.0,0.0,0.0,0.0,0.0,0.0,0.0,35.9,30.23,49.04,0.0,0.0,0.0,0.0,0.0,0.0,0.0,0.0,0.0,0.0,0.0,0.0,0.0,0.0,0.0,0.0,0.0,0.0,0.0,0.0,0.0,0.0,0.0,0.0,235.92,10.18,237.59,10.13,235.17,10.22,-1.0,49.82
2026-10-10T00:30:02.007729+00:00,0.0,-36.01,16.01,20.0,58.1,48.0,0.0,21.2,10.6,0.0,0.0,3174.29,68728.63,75569.56,0.0,0.0,0.0,0.0,0.0,0.0,0.0,35.9,30.23,49.04,0.0,0.0,0.0,0.0,0.0,0.0,0.0,0.0,0.0,0.0,0.0,0.0,0.0,0.0,0.0,0.0,0.0,0.0,0.0,0.0,0.0,0.0,0.0,0.0,235.7,10.19,237.8,10.13,234.54,10.26,-1.0,49.77
2026-10-10T00:35:01.235134+00:00,0.0,-37.89,17.99,19.9,59.3,48.0,0.0,21.2,10.6,0.0,0.0,3174.29,68728.63,75569.56,0.0,0.0,0.0,0.0,0.0,0.0,0.0,35.9,30.23,49.04,0.0,0.0,0.0,0.0,0.0,0.0,0.0,0.0,0.0,0.0,0.0,0.0,0.0,0.0,0.0,0.0,0.0,0.0,0.0,0.0,0.0,0.0,0.0,0.0,236.3,10.16,237.8,10.13,235.04,10.23,-0.999,49.83
2026-10-10T00:40:01.847809+00:00,0.0,-37.95,17.95,20.0,60.6,48.0,0.0,21.2,10.6,0.0,0.0,3174.29,68728.63,75569.56,0.0,0.0,0.0,0.0,0.0,0.0,0.0,35.9,30.23,49.04,0.0,0.0,0.0,0.0,0.0,0.0,0.0,0.0,0.0,0.0,0.0,0.0,0.0,0.0,0.0,0.0,0.0,0.0,0.0,0.0,0.0,0.0,0.0,0.0,236.12,10.16,237.85,10.12,235.05,10.22,-0.999,49.82
2026-10-10T00:45:01.896297+00:00,0.0,-39.34,19.24,20.1,61.8,49.0,0.0,21.1,10.5,0.0,0.0,3174.29,68728.63,75569.56,0.0,0.0,0.0,0.0,0.0,0.0,0.0,35.9,30.23,49.04,0.0,0.0,0.0,0.0,0.0,0.0,0.0,0.0,0.0,0.0,0.0,0.0,0.0,0.0,0.0,0.0,0.0,0.0,0.0,0.0,0.0,0.0,0.0,0.0,236.0,10.17,237.86,10.12,234.85,10.23,-1.0,49.8
2026-10-10T01:00:01.983231+00:00,0.0,-37.53,17.43,20.1,65.6,49.0,0.0,20.9,10.3,0.0,0.0,3174.29,68728.63,75569.56,0.0,0.0,0.0,0.0,0.0,0.0,0.0,35.9,30.23,49.04,0.0,0.0,0.0,0.0,0.0,0.0,0.0,0.0,0.0,0.0,0.0,0.0,0.0,0.0,0.0,0.0,0.0,0.0,0.0,0.0,0.0,0.0,0.0,0.0,236.38,10.16,237.88,10.12,235.47,10.21,-0.999,49.81
2026-10-10T01:05:01.557751+00:00,0.0,-37.59,17.59,20.0,66.8,27.0,0.0,20.9,10.3,0.0,0.0,3174.29,68728.63,75569.56,0.0,0.0,0.0,0.0,0.0,0.0,0.0,35.9,30.23,49.04,0.0,0.0,0.0,0.0,0.0,0.0,0.0,0.0,0.0,0.0,0.0,0.0,0.0,0.0,0.0,0.0,0.0,0.0,0.0,0.0,0.0,0.0,0.0,0.0,236.38,10.16,237.84,10.13,235.29,10.22,-0.999,49.8
2026-10-10T01:10:01.868443+00:00,0.0,-37.71,17.61,20.1,68.1,27.0,0.0,20.9,10.0,0.0,0.0,3174.29,68728.63,75569.56,0.0,0.0,0.0,0.0,0.0,0.0,0.0,35.9,30.23,49.04,0.0,0.0,0.0,0.0,0.0,0.0,0.0,0.0,0.0,0.0,0.0,0.0,0.0,0.0,0.0,0.0,0.0,0.0,0.0,0.0,0.0,0.0,0.0,0.0,237.97,10.09,239.54,10.06,236.57,10.17,-1.0,49.85
2026-10-10T01:15:02.060001+00:00,0.0,-38.34,18.24,20.1,69.3,21.0,0.0,20.7,9.8,0.0,0.0,3174.29,68728.63,75569.56,0.0,0.0,0.0,0.0,0.0,0.0,0.0,35.9,30.23,49.04,0.0,0.0,0.0,0.0,0.0,0.0,0.0,0.0,0.0,0.0,0.0,0.0,0.0,0.0,0.0,0.0,0.0,0.0,0.0,0.0,0.0,0.0,0.0,0.0,238.56,10.07,239.98,10.04,236.99,10.16,-1.0,49.99
2026-10-10T01:20:01.824622+00:00,0.0,-38.67,18.57,20.1,70.6,21.0,0.0,20.7,9.8,0.0,0.0,3174.29,68728.63,75569.56,0.0,0.0,0.0,0.0,0.0,0.0,0.0,35.9,30.23,49.04,0.0,0.0,0.0,0.0,0.0,0.0,0.0,0.0,0.0,0.0,0.0,0.0,0.0,0.0,0.0,0.0,0.0,0.0,0.0,0.0,0.0,0.0,0.0,0.0,238.19,10.09,239.13,10.08,236.88,10.16,-0.999,49.89
2026-10-10T01:25:01.397416+00:00,0.0,-38.53,18.53,20.0,71.8,21.0,0.0,20.7,9.8,0.0,0.0,3174.29,68728.63,75569.56,0.0,0.0,0.0,0.0,0.0,0.0,0.0,35.9,30.23,49.04,0.0,0.0,0.0,0.0,0.0,0.0,0.0,0.0,0.0,0.0,0.0,0.0,0.0,0.0,0.0,0.0,0.0,0.0,0.0,0.0,0.0,0.0,0.0,0.0,238.0,10.1,239.3,10.08,236.39,10.18,-1.0,49.84
2026-10-10T01:30:01.966127+00:00,0.0,-39.23,19.23,20.0,73.1,19.0,0.0,20.6,9.5,0.0,0.0,3174.29,68728.63,75569.56,0.0,0.0,0.0,0.0,0.0,0.0,0.0,35.9,30.23,49.04,0.0,0.0,0.0,0.0,0.0,0.0,0.0,0.0,0.0,0.0,0.0,0.0,0.0,0.0,0.0,0.0,0.0,0.0,0.0,0.0,0.0,0.0,0.0,0.0,237.75,10.12,239.03,10.09,236.46,10.19,-0.999,49.84
2026-10-10T01:35:01.585307+00:00,0.0,-36.34,16.34,20.0,74.3,19.0,0.0,20.6,9.5,0.0,0.0,3174.29,68728.63,75569.56,0.0,0.0,0.0,0.0,0.0,0.0,0.0,35.9,30.23,49.04,0.0,0.0,0.0,0.0,0.0,0.0,0.0,0.0,0.0,0.0,0.0,0.0,0.0,0.0,0.0,0.0,0.0,0.0,0.0,0.0,0.0,0.0,0.0,0.0,237.57,10.14,239.05,10.11,236.5,10.2,-0.999,49.82
2026-10-10T01:40:01.202753+00:00,0.0,-36.44,16.34,20.1,75.6,19.0,0.0,20.6,9.5,0.0,0.0,3174.29,68728.63,75569.56,0.0,0.0,0.0,0.0,0.0,0.0,0.0,35.9,30.23,49.04,0.0,0.0,0.0,0.0,0.0,0.0,0.0,0.0,0.0,0.0,0.0,0.0,0.0,0.0,0.0,0.0,0.0,0.0,0.0,0.0,0.0,0.0,0.0,0.0,237.09,10.15,238.68,10.11,235.98,10.21,-0.999,49.81
2026-10-10T01:45:01.843448+00:00,0.0,-36.27,16.27,20.0,76.8,19.0,0.0,20.5,9.3,0.0,0.0,3174.29,68728.63,75569.56,0.0,0.0,0.0,0.0,0.0,0.0,0.0,35.9,30.23,49.04,0.0,0.0,0.0,0.0,0.0,0.0,0.0,0.0,0.0,0.0,0.0,0.0,0.0,0.0,0.0,0.0,0.0,0.0,0.0,0.0,0.0,0.0,0.0,0.0,237.31,10.15,238.96,10.11,236.12,10.22,-0.999,49.87
2026-10-10T01:50:01.180582+00:00,0.0,-37.79,17.79,20.0,78.1,19.0,0.0,20.5,9.3,0.0,0.0,3174.29,68728.63,75569.56,0.0,0.0,0.0,0.0,0.0,0.0,0.0,35.9,30.23,49.04,0.0,0.0,0.0,0.0,0.0,0.0,0.0,0.0,0.0,0.0,0.0,0.0,0.0,0.0,0.0,0.0,0.0,0.0,0.0,0.0,0.0,0.0,0.0,0.0,237.34,10.15,238.86,10.11,236.08,10.22,-0.999,49.85
2026-10-10T01:55:02.056475+00:00,0.0,-38.14,18.14,20.0,79.3,19.0,0.0,20.5,9.3,0.0,0.0,3174.29,68728.63,75569.56,0.0,0.0,0.0,0.0,0.0,0.0,0.0,35.9,30.23,49.04,0.0,0.0,0.0,0.0,0.0,0.0,0.0,0.0,0.0,0.0,0.0,0.0,0.0,0.0,0.0,0.0,0.0,0.0,0.0,0.0,0.0,0.0,0.0,0.0,238.25,10.11,239.9,10.07,236.94,10.18,-0.999,50.09
2026-10-10T02:00:01.655784+00:00,0.0,-38.29,18.29,20.0,80.6,19.0,0.0,20.4,9.0,0.0,0.0,3174.29,68728.63,75569.56,0.0,0.0,0.0,0.0,0.0,0.0,0.0,35.9,30.23,49.04,0.0,0.0,0.0,0.0,0.0,0.0,0.0,0.0,0.0,0.0,0.0,0.0,0.0,0.0,0.0,0.0,0.0,0.0,0.0,0.0,0.0,0.0,0.0,0.0,238.5,10.11,240.11,10.07,237.47,10.17,-1.0,50.15
2026-10-10T02:05:02.008577+00:00,0.0,-36.53,16.43,20.1,81.8,19.0,0.0,20.4,9.0,0.0,0.0,3174.29,68728.63,75569.56,0.0,0.0,0.0,0.0,0.0,0.0,0.0,35.9,30.23,49.04,0.0,0.0,0.0,0.0,0.0,0.0,0.0,0.0,0.0,0.0,0.0,0.0,0.0,0.0,0.0,0.0,0.0,0.0,0.0,0.0,0.0,0.0,0.0,0.0,236.13,10.22,237.82,10.17,235.26,10.27,-1.0,49.85
2026-10-10T02:10:01.420263+00:00,0.0,-36.62,16.62,20.0,83.0,19.0,0.0,20.4,9.0,0.0,0.0,3174.29,68728.63,75569.56,0.0,0.0,0.0,0.0,0.0,0.0,0.0,35.9,30.23,49.04,0.0,0.0,0.0,0.0,0.0,0.0,0.0,0.0,0.0,0.0,0.0,0.0,0.0,0.0,0.0,0.0,0.0,0.0,0.0,0.0,0.0,0.0,0.0,0.0,235.49,10.25,237.72,10.18,234.69,10.3,-1.0,49.8
2026-10-10T02:15:02.021823+00:00,0.0,-36.55,16.55,20.0,84.3,17.0,0.0,20.3,8.6,0.0,0.0,3174.29,68728.63,75569.56,0.0,0.0,0.0,0.0,0.0,0.0,0.0,35.9,30.23,49.04,0.0,0.0,0.0,0.0,0.0,0.0,0.0,0.0,0.0,0.0,0.0,0.0,0.0,0.0,0.0,0.0,0.0,0.0,0.0,0.0,0.0,0.0,0.0,0.0,234.99,10.26,236.72,10.21,233.94,10.32,-1.0,49.91
2026-10-10T02:20:01.892993+00:00,0.0,-40.55,20.45,20.1,85.6,17.0,0.0,20.3,8.6,0.0,0.0,3174.29,68728.63,75569.56,0.0,0.0,0.0,0.0,0.0,0.0,0.0,35.9,30.23,49.04,0.0,0.0,0.0,0.0,0.0,0.0,0.0,0.0,0.0,0.0,0.0,0.0,0.0,0.0,0.0,0.0,0.0,0.0,0.0,0.0,0.0,0.0,0.0,0.0,234.76,10.29,236.5,10.24,233.49,10.36,-0.999,49.85
2026-10-10T02:25:01.960181+00:00,0.0,-43.59,23.59,20.0,86.8,17.0,0.0,20.3,8.6,0.0,0.0,3174.29,68728.63,75569.56,0.0,0.0,0.0,0.0,0.0,0.0,0.0,35.9,30.23,49.04,0.0,0.0,0.0,0.0,0.0,0.0,0.0,0.0,0.0,0.0,0.0,0.0,0.0,0.0,0.0,0.0,0.0,0.0,0.0,0.0,0.0,0.0,0.0,0.0,234.56,10.29,236.39,10.24,233.38,10.36,-1.0,49.9
2026-10-10T02:30:01.798277+00:00,0.0,-38.31,18.31,20.0,88.1,16.0,0.0,20.2,8.1,0.0,0.0,3174.29,68728.63,75569.56,0.0,0.0,0.0,0.0,0.0,0.0,0.0,35.9,30.23,49.04,0.0,0.0,0.0,0.0,0.0,0.0,0.0,0.0,0.0,0.0,0.0,0.0,0.0,0.0,0.0,0.0,0.0,0.0,0.0,0.0,0.0,0.0,0.0,0.0,234.92,10.29,236.7,10.25,233.83,10.36,-1.0,49.97
2026-10-10T02:35:01.459478+00:00,0.0,-38.17,18.17,20.0,89.3,16.0,0.0,20.2,8.1,0.0,0.0,3174.29,68728.63,75569.56,0.0,0.0,0.0,0.0,0.0,0.0,0.0,35.9,30.23,49.04,0.0,0.0,0.0,0.0,0.0,0.0,0.0,0.0,0.0,0.0,0.0,0.0,0.0,0.0,0.0,0.0,0.0,0.0,0.0,0.0,0.0,0.0,0.0,0.0,235.09,10.27,236.96,10.23,234.26,10.33,-0.999,50.03
2026-10-10T02:40:02.099827+00:00,0.0,-36.68,16.68,20.0,90.5,16.0,0.0,20.2,8.1,0.0,0.0,3174.29,68728.63,75569.56,0.0,0.0,0.0,0.0,0.0,0.0,0.0,35.9,30.23,49.04,0.0,0.0,0.0,0.0,0.0,0.0,0.0,0.0,0.0,0.0,0.0,0.0,0.0,0.0,0.0,0.0,0.0,0.0,0.0,0.0,0.0,0.0,0.0,0.0,234.69,10.29,235.92,10.27,233.46,10.36,-1.0,49.88
2026-10-10T02:45:01.393947+00:00,0.0,-36.66,16.66,20.0,91.8,14.0,0.0,20.1,7.5,0.0,0.0,3174.29,68728.63,75569.56,0.0,0.0,0.0,0.0,0.0,0.0,0.0,35.9,30.23,49.04,0.0,0.0,0.0,0.0,0.0,0.0,0.0,0.0,0.0,0.0,0.0,0.0,0.0,0.0,0.0,0.0,0.0,0.0,0.0,0.0,0.0,0.0,0.0,0.0,234.18,10.33,235.66,10.3,232.84,10.4,-1.0,49.85
2026-10-10T02:50:02.040295+00:00,0.0,-36.57,16.57,20.0,93.0,14.0,0.0,20.1,7.5,0.0,0.0,3174.29,68728.63,75569.56,0.0,0.0,0.0,0.0,0.0,0.0,0.0,35.9,30.23,49.04,0.0,0.0,0.0,0.0,0.0,0.0,0.0,0.0,0.0,0.0,0.0,0.0,0.0,0.0,0.0,0.0,0.0,0.0,0.0,0.0,0.0,0.0,0.0,0.0,234.19,10.34,235.95,10.29,233.1,10.4,-1.0,49.88
2026-10-10T02:55:01.398209+00:00,0.0,-38.22,18.22,20.0,94.2,14.0,0.0,20.1,7.5,0.0,0.0,3174.29,68728.63,75569.56,0.0,0.0,0.0,0.0,0.0,0.0,0.0,35.9,30.23,49.04,0.0,0.0,0.0,0.0,0.0,0.0,0.0,0.0,0.0,0.0,0.0,0.0,0.0,0.0,0.0,0.0,0.0,0.0,0.0,0.0,0.0,0.0,0.0,0.0,234.08,10.35,235.52,10.32,232.91,10.42,-1.0,49.93
2026-10-10T03:00:01.370625+00:00,0.0,-39.53,19.53,20.0,95.5,13.0,0.0,20.0,7.0,0.0,0.0,3174.29,68728.63,75569.56,0.0,0.0,0.0,0.0,0.0,0.0,0.0,35.9,30.23,49.04,0.0,0.0,0.0,0.0,0.0,0.0,0.0,0.0,0.0,0.0,0.0,0.0,0.0,0.0,0.0,0.0,0.0,0.0,0.0,0.0,0.0,0.0,0.0,0.0,234.09,10.36,235.06,10.35,232.82,10.43,-1.0,49.85
2026-10-10T03:05:01.408939+00:00,0.0,-39.48,19.48,20.0,96.8,13.0,0.0,20.0,7.0,0.0,0.0,3174.29,68728.63,75569.56,0.0,0.0,0.0,0.0,0.0,0.0,0.0,35.9,30.23,49.04,0.0,0.0,0.0,0.0,0.0,0.0,0.0,0.0,0.0,0.0,0.0,0.0,0.0,0.0,0.0,0.0,0.0,0.0,0.0,0.0,0.0,0.0,0.0,0.0,234.49,10.34,235.94,10.31,233.69,10.39,-1.0,50.06
2026-10-10T03:10:01.218245+00:00,0.0,-39.48,19.48,20.0,98.0,13.0,0.0,20.0,7.0,0.0,0.0,3174.29,68728.63,75569.56,0.0,0.0,0.0,0.0,0.0,0.0,0.0,35.9,30.23,49.04,205.8,0.01,203.8,0.01,203.9,0.01,0.0,0.0,207.7,0.0,0.0,0.0,190.4,0.02,189.3,0.01,214.4,0.01,190.6,0.01,200.5,0.02,0.0,0.0,234.05,10.39,235.7,10.35,232.77,10.46,-1.0,50.02
2026-10-10T03:15:01.365532+00:00,0.0,-38.05,17.95,20.1,99.3,13.0,0.0,20.0,6.5,0.0,0.0,3174.29,68728.63,75569.56,0.0,0.0,0.0,0.0,0.0,0.0,0.0,35.9,30.23,49.04,174.8,0.01,204.3,0.03,176.0,0.03,0.0,0.0,239.8,-0.01,0.0,0.0,186.6,0.04,175.1,0.05,229.9,0.03,228.1,0.02,173.3,0.03,0.0,0.0,233.64,10.41,235.4,10.37,232.91,10.46,-1.0,49.95
2026-10-10T03:20:01.819952+00:00,0.0,-36.98,17.98,19.0,99.9,13.0,0.0,20.0,6.5,0.0,0.0,3174.29,68728.63,75569.56,0.0,0.0,0.0,0.0,0.0,0.0,0.0,35.9,30.23,49.04,168.2,-0.02,194.5,0.07,211.5,0.08,0.0,0.0,265.8,-0.02,0.0,0.0,216.8,0.08,183.6,0.09,195.0,0.02,258.2,0.07,190.5,0.07,0.0,0.0,234.24,10.43,236.11,10.38,232.95,10.51,-0.999,49.89
2026-10-10T03:25:01.984294+00:00,0.0,-18.59,18.19,0.0,100.0,13.0,0.0,20.0,6.5,0.0,0.01,3174.3,68728.64,75569.57,0.0,0.0,0.0,0.0,0.0,0.0,0.0,35.9,30.23,49.04,176.6,-0.02,218.0,0.02,218.8,0.05,0.0,0.0,269.5,-0.04,0.0,0.0,264.0,0.13,172.6,0.02,177.4,-0.03,276.5,0.12,232.2,0.12,0.0,0.0,234.34,9.86,236.4,9.81,233.36,9.92,-0.809,49.94
2026-10-10T03:30:02.137366+00:00,0.0,-19.59,19.59,0.0,100.0,12.0,0.0,20.0,6.0,0.0,0.01,3174.3,68728.64,75569.57,0.0,0.0,0.0,0.0,0.0,0.0,0.0,35.9,30.23,49.04,184.1,0.0,227.9,0.01,242.0,0.05,0.0,0.0,295.8,-0.05,0.0,0.0,296.2,0.15,196.9,0.01,182.2,0.01,306.3,0.12,256.9,0.12,0.0,0.0,235.35,0.56,237.15,0.58,234.09,0.57,-0.648,50.06
2026-10-10T03:35:02.047013+00:00,0.0,-19.47,19.47,0.0,100.0,12.0,0.0,20.0,6.0,0.0,0.01,3174.3,68728.64,75569.57,0.0,0.0,0.0,0.0,0.0,0.0,0.0,35.9,30.23,49.04,172.0,0.09,258.9,0.01,341.2,0.12,0.0,0.0,452.2,-0.04,0.0,0.0,328.7,0.15,297.9,0.08,179.0,0.09,369.2,0.09,287.2,0.11,0.0,0.0,235.26,0.56,236.85,0.58,233.67,0.57,-0.876,50.07
2026-10-10T03:40:01.390178+00:00,0.0,-23.21,23.21,0.0,100.0,12.0,0.0,20.0,6.0,0.0,0.01,3174.3,68728.64,75569.57,0.0,0.0,0.0,0.0,0.0,0.0,0.0,35.9,30.23,49.04,214.7,0.12,297.4,0.03,400.7,0.1,0.0,0.0,467.6,0.0,0.0,0.0,394.0,0.13,473.9,0.12,192.6,0.16,484.8,0.1,340.5,0.11,0.0,0.0,234.34,0.59,236.25,0.61,233.32,0.62,-0.445,49.91
2026-10-10T03:45:01.381213+00:00,0.0,-17.17,17.17,0.0,100.0,13.0,0.0,20.1,5.5,0.0,0.01,3174.3,68728.64,75569.57,0.0,0.0,0.0,0.0,0.0,0.0,0.0,35.9,30.23,49.04,253.3,0.17,409.6,0.06,426.1,0.08,0.0,0.0,427.7,0.13,0.0,0.0,434.5,0.11,446.8,0.07,272.2,0.12,498.5,0.08,396.1,0.11,0.0,0.0,233.96,0.55,235.95,0.56,233.03,0.59,0.316,49.9
2026-10-10T03:50:01.730164+00:00,0.0,-17.01,17.01,0.0,100.0,13.0,0.0,20.1,5.5,0.0,0.01,3174.3,68728.64,75569.57,0.0,0.0,0.0,0.05,0.1,0.09,0.0,35.9,30.23,49.04,280.9,0.27,461.4,0.14,439.2,0.12,0.0,0.0,451.0,0.27,0.0,0.0,454.2,0.16,448.9,0.13,361.3,0.22,454.5,0.13,435.9,0.15,0.0,0.0,233.96,0.57,235.97,0.58,232.73,0.6,0.345,49.84
2026-10-10T03:55:01.379045+00:00,0.0,-16.49,16.49,0.0,100.0,13.0,0.0,20.1,5.5,0.0,0.05,3174.34,68728.68,75569.61,0.0,0.0,0.0,0.12,0.15,0.12,0.0,35.9,30.23,49.04,387.6,0.38,476.6,0.35,465.6,0.33,0.0,0.0,474.4,0.29,0.0,0.0,472.4,0.34,460.0,0.38,447.8,0.38,465.1,0.35,465.4,0.32,0.0,0.0,235.85,0.53,238.12,0.55,234.62,0.56,0.863,50.14
2026-10-10T04:00:01.876432+00:00,0.0,-16.8,16.8,0.0,100.0,13.0,14.0,20.2,5.3,0.0,0.09,3174.38,68728.72,75569.65,0.0,0.0,0.0,0.17,0.18,0.18,0.0,35.9,30.23,49.04,451.0,0.36,479.4,0.38,474.6,0.38,0.0,0.0,466.7,0.29,0.0,0.0,495.6,0.36,463.9,0.43,476.2,0.36,462.9,0.39,466.6,0.38,0.0,0.0,236.04,0.63,238.01,0.64,234.64,0.65,0.455,50.16
2026-10-10T04:05:01.531279+00:00,0.0,-17.66,17.66,0.0,100.0,13.0,14.0,20.2,5.3,0.0,0.13,3174.42,68728.76,75569.69,0.0,0.0,0.0,0.13,0.14,0.14,0.0,35.9,30.23,49.04,477.6,0.33,472.7,0.36,473.3,0.34,0.0,0.0,458.6,0.3,0.0,0.0,484.5,0.35,471.8,0.39,470.9,0.37,470.3,0.36,457.8,0.34,0.0,0.0,236.4,0.58,238.9,0.59,235.64,0.6,0.814,50.2
2026-10-10T04:10:01.368680+00:00,0.9,-17.22,18.12,0.0,100.0,13.0,14.0,20.2,5.3,0.0,0.17,3174.46,68728.8,75569.73,0.0,0.0,0.0,0.17,0.19,0.17,0.01,35.9,30.23,49.04,451.5,0.34,469.1,0.35,473.6,0.33,0.0,0.0,454.5,0.3,0.0,0.0,479.5,0.35,460.6,0.4,467.5,0.37,477.3,0.34,475.0,0.31,0.0,0.0,234.62,0.56,236.71,0.58,233.67,0.58,0.815,49.86
2026-10-10T04:15:01.178686+00:00,1.2,-21.4,22.6,0.0,100.0,14.0,14.0,20.5,5.2,0.0,0.23,3174.52,68728.86,75569.79,0.0,0.0,0.0,0.29,0.32,0.3,0.01,35.9,30.23,49.04,465.4,0.33,488.1,0.39,479.9,0.41,0.0,0.0,471.2,0.3,0.0,0.0,503.9,0.4,482.5,0.45,467.9,0.36,478.5,0.41,468.1,0.43,0.0,0.0,234.65,0.64,236.47,0.65,233.27,0.65,0.865,49.98
2026-10-10T04:20:01.654312+00:00,1.5,-14.95,16.45,0.0,100.0,14.0,14.0,20.5,5.2,0.0,0.32,3174.61,68728.95,75569.88,0.0,0.0,0.0,0.41,0.45,0.39,0.01,35.9,30.23,49.04,465.1,0.36,489.3,0.41,486.2,0.43,0.0,0.0,474.6,0.37,0.0,0.0,475.3,0.48,485.1,0.46,483.5,0.37,484.5,0.41,507.3,0.44,0.0,0.0,233.92,0.84,235.57,0.84,232.72,0.86,0.96,49.85
2026-10-10T04:25:02.069594+00:00,1.5,-14.84,16.34,0.0,100.0,14.0,14.0,20.5,5.2,0.0,0.43,3174.72,68729.06,75569.99,0.0,0.0,0.0,0.47,0.48,0.48,0.01,35.9,30.23,49.04,479.9,0.43,483.8,0.44,485.7,0.44,0.0,0.0,498.8,0.48,0.0,0.0,487.2,0.48,497.8,0.45,476.0,0.45,486.2,0.43,494.8,0.47,0.0,0.0,233.94,0.82,235.83,0.84,232.59,0.83,0.871,49.97
2026-10-10T04:30:01.612138+00:00,1.9,-13.98,15.88,0.0,100.0,14.0,14.0,20.9,5.3,0.0,0.55,3174.84,68729.18,75570.11,0.0,0.0,0.0,0.47,0.5,0.49,0.01,35.9,30.23,49.04,481.3,0.44,471.6,0.45,487.9,0.44,0.0,0.0,507.2,0.48,0.0,0.0,486.2,0.49,504.0,0.44,481.4,0.46,489.7,0.43,478.4,0.49,0.0,0.0,234.14,0.86,236.29,0.86,232.91,0.87,0.996,50.1
2026-10-10T04:35:01.487858+00:00,1.8,-15.46,17.26,0.0,100.0,14.0,14.0,20.9,5.3,0.0,0.68,3174.97,68729.31,75570.24,0.0,0.0,0.0,0.62,0.65,0.64,0.01,35.9,30.23,49.04,477.5,0.54,489.3,0.48,504.1,0.45,0.0,0.0,512.1,0.55,0.0,0.0,484.2,0.52,515.3,0.45,482.3,0.55,509.9,0.44,491.0,0.51,0.0,0.0,233.66,1.07,235.8,1.06,232.41,1.08,0.999,49.95
2026-10-10T04:40:02.118314+00:00,1.5,-15.69,17.19,0.0,100.0,14.0,14.0,20.9,5.3,0.0,0.85,3175.14,68729.48,75570.41,0.0,0.0,0.0,0.6,0.64,0.62,0.01,35.9,30.23,49.04,485.4,0.68,487.4,0.59,492.1,0.54,0.0,0.0,491.1,0.71,0.0,0.0,483.8,0.6,489.9,0.57,498.1,0.68,498.1,0.57,486.2,0.58,0.0,0.0,235.79,0.97,237.74,0.97,234.7,0.98,0.848,49.96
2026-10-10T04:45:01.677863+00:00,1.8,-19.56,21.36,0.0,100.0,15.0,14.0,21.4,5.4,0.0,0.99,3175.28,68729.62,75570.55,0.0,0.0,0.0,0.51,0.54,0.51,0.01,35.9,30.23,49.04,480.2,0.57,489.2,0.49,481.2,0.48,0.0,0.0,485.7,0.65,0.0,0.0,484.7,0.53,477.8,0.5,479.1,0.6,493.8,0.48,478.5,0.53,0.0,0.0,235.48,0.86,237.31,0.86,234.58,0.86,0.992,49.93
2026-10-10T04:50:01.325589+00:00,2.4,-17.32,19.72,0.0,100.0,15.0,14.0,21.4,5.4,0.0,1.12,3175.41,68729.75,75570.68,0.0,0.0,0.0,0.55,0.59,0.55,0.01,35.9,30.23,49.04,484.3,0.48,484.8,0.46,500.7,0.44,0.0,0.0,474.3,0.59,0.0,0.0,485.0,0.5,484.7,0.46,474.5,0.52,504.7,0.44,485.1,0.5,0.0,0.0,235.28,0.91,237.2,0.92,234.32,0.92,0.961,50.1
2026-10-10T04:55:02.071011+00:00,3.5,-13.14,16.64,0.0,100.0,15.0,14.0,21.4,5.4,0.0,1.29,3175.58,68729.92,75570.85,0.0,0.0,0.0,0.8,0.83,0.83,0.01,35.9,30.23,49.04,498.0,0.67,500.6,0.61,496.1,0.58,0.0,0.0,493.0,0.71,0.0,0.0,489.0,0.62,493.7,0.6,502.4,0.69,502.6,0.6,490.9,0.6,0.0,0.0,235.39,1.24,237.44,1.24,234.38,1.25,0.995,50.08
2026-10-10T05:00:02.156634+00:00,4.2,-11.36,15.56,0.0,100.0,16.0,152.0,21.8,5.4,0.0,1.54,3175.83,68730.17,75571.1,0.0,0.0,0.0,1.15,1.18,1.19,0.01,35.9,30.23,49.04,496.0,0.84,501.9,0.86,500.6,0.85,0.0,0.0,497.4,0.81,0.0,0.0,505.6,0.88,499.3,0.89,495.7,0.89,490.5,0.89,497.1,0.89,0.0,0.0,234.2,1.7,236.53,1.7,233.38,1.72,0.988,49.87
2026-10-10T05:05:01.487176+00:00,4.8,39.96,17.24,-52.4,96.2,16.0,152.0,21.8,5.4,0.0,1.87,3176.16,68730.5,75571.43,0.0,0.0,0.0,1.36,1.42,1.4,1.64,35.9,30.23,49.04,503.7,1.0,506.4,0.99,510.4,0.97,0.0,0.0,504.9,1.05,0.0,0.0,501.9,1.06,505.9,1.0,512.7,1.0,505.7,1.0,502.1,1.06,0.0,0.0,235.22,2.02,237.81,2.01,234.12,2.04,1.0,50.02
2026-10-10T05:10:01.436989+00:00,5.6,39.71,17.79,-51.9,92.4,16.0,152.0,21.8,5.4,0.0,2.26,3176.55,68730.89,75571.82,0.0,0.0,0.0,0.28,0.55,0.42,3.33,35.9,30.23,49.04,507.4,1.12,502.4,1.07,509.5,0.98,0.0,0.0,499.3,1.17,0.0,0.0,501.7,1.09,503.1,1.05,514.1,1.14,502.5,1.06,503.4,1.08,0.0,0.0,236.88,35.08,237.77,25.72,234.86,25.67,1.0,49.91
2026-10-10T05:15:02.008965+00:00,5.1,40.0,17.4,-52.3,88.6,17.0,152.0,22.2,5.4,0.0,2.69,3176.98,68731.32,75572.25,0.0,0.0,0.0,0.55,0.83,0.66,4.99,35.9,30.23,49.04,500.9,1.25,500.7,1.22,507.3,1.13,0.0,0.0,501.3,1.23,0.0,0.0,504.9,1.24,503.9,1.2,498.4,1.3,503.2,1.21,503.1,1.22,0.0,0.0,236.46,35.14,237.3,25.87,234.27,25.8,1.0,49.84
2026-10-10T05:20:01.333189+00:00,5.9,39.98,19.22,-53.3,84.8,17.0,152.0,22.2,5.4,0.0,3.15,3177.44,68731.78,75572.71,0.0,0.0,0.0,0.39,0.68,0.48,6.66,35.9,30.23,49.04,502.9,1.33,503.1,1.33,510.1,1.25,0.0,0.0,507.0,1.29,0.0,0.0,504.4,1.38,503.5,1.34,504.5,1.37,504.0,1.33,509.2,1.35,0.0,0.0,239.27,34.78,240.04,25.71,236.64,25.38,1.0,50.03
2026-10-10T05:25:01.652527+00:00,6.7,39.96,21.44,-54.7,80.8,17.0,152.0,22.2,5.4,0.0,3.6,3177.89,68732.23,75573.16,0.0,0.0,0.0,0.59,0.92,0.74,8.4,35.9,30.23,49.04,501.2,1.3,503.4,1.27,506.8,1.21,0.0,0.0,503.6,1.26,0.0,0.0,505.3,1.3,501.5,1.27,502.4,1.33,505.6,1.27,500.8,1.29,0.0,0.0,240.94,35.52,241.51,26.3,238.26,26.07,1.0,49.97
2026-10-10T05:30:01.198468+00:00,7.7,39.72,14.58,-46.6,77.1,17.0,152.0,22.6,5.4,0.0,4.12,3178.41,68732.75,75573.68,0.0,0.0,0.0,0.83,1.14,0.97,10.03,35.9,30.23,49.04,504.1,1.45,511.0,1.43,511.2,1.4,0.0,0.0,503.4,1.46,0.0,0.0,504.9,1.51,506.9,1.46,509.2,1.47,511.9,1.43,506.0,1.5,0.0,0.0,240.21,36.7,240.85,27.43,237.75,27.3,1.0,49.83
2026-10-10T05:35:01.645048+00:00,9.8,39.91,24.79,-54.9,73.2,17.0,152.0,22.6,5.4,0.0,4.73,3179.02,68733.36,75574.29,0.0,0.0,0.0,1.44,1.65,1.57,11.74,35.9,30.23,49.04,509.5,1.68,513.3,1.61,510.5,1.56,0.0,0.0,505.7,1.72,0.0,0.0,508.6,1.66,509.4,1.6,509.0,1.72,509.9,1.62,510.7,1.65,0.0,0.0,241.15,32.33,241.55,23.89,238.27,23.89,1.0,50.12
2026-10-10T05:40:01.466958+00:00,13.8,39.94,22.66,-48.8,69.6,17.0,152.0,22.6,5.4,0.0,5.43,3179.72,68734.06,75574.99,0.0,0.0,0.0,1.34,2.12,2.06,13.31,35.9,30.23,49.04,511.9,1.99,515.4,1.94,516.2,1.85,0.0,0.0,510.3,1.98,0.0,0.0,512.6,1.97,510.2,1.92,514.7,2.02,510.6,1.94,510.6,1.99,0.0,0.0,240.9,43.16,240.13,26.02,237.35,26.01,1.0,50.01
2026-10-10T05:45:01.268112+00:00,13.5,35.87,34.23,-56.6,65.8,17.0,152.0,22.9,5.3,0.0,6.49,3180.78,68735.12,75576.05,0.0,0.0,0.0,3.33,3.65,3.59,14.98,35.9,30.23,49.04,517.9,2.92,521.3,2.82,522.0,2.76,0.0,0.0,515.3,2.92,0.0,0.0,516.4,2.94,515.9,2.88,516.0,3.01,515.9,2.87,516.4,3.01,0.0,0.0,241.28,41.22,240.88,25.37,237.65,25.44,1.0,50.16
2026-10-10T05:50:02.137444+00:00,11.6,39.19,31.11,-58.7,61.8,17.0,152.0,22.9,5.3,0.0,7.67,3181.96,68736.3,75577.23,0.0,0.0,0.0,2.93,2.72,2.67,16.73,35.9,30.23,49.04,517.4,3.27,526.5,3.07,519.5,3.14,0.0,0.0,516.9,3.25,0.0,0.0,518.1,3.25,517.5,3.19,519.9,3.34,517.2,3.21,519.2,3.36,0.0,0.0,241.23,45.83,240.86,28.57,237.7,28.6,1.0,50.17
2026-10-10T05:55:01.287145+00:00,10.4,39.79,22.81,-52.2,57.8,17.0,152.0,22.9,5.3,0.0,8.72,3183.01,68737.35,75578.28,0.0,0.0,0.0,2.2,2.59,2.39,18.49,35.9,30.23,49.04,515.5,2.97,521.1,2.85,519.6,2.79,0.0,0.0,511.9,2.98,0.0,0.0,514.2,2.97,513.2,2.9,514.2,3.05,514.6,2.89,514.8,3.04,0.0,0.0,240.54,45.95,240.15,29.41,236.51,29.15,1.0,50.04
2026-10-10T06:00:01.453403+00:00,12.2,39.17,25.83,-52.8,54.0,18.0,348.0,23.3,5.0,0.0,9.61,3183.9,68738.24,75579.17,0.0,0.0,0.0,1.94,2.4,2.29,20.15,35.9,30.23,49.04,510.4,2.49,514.7,2.4,516.7,2.31,0.0,0.0,507.9,2.53,0.0,0.0,510.9,2.52,509.8,2.46,509.7,2.55,511.7,2.41,509.7,2.53,0.0,0.0,239.3,44.95,238.48,24.07,235.49,24.02,1.0,49.85
2026-10-10T06:05:01.970521+00:00,14.2,35.88,28.82,-50.5,50.3,18.0,348.0,23.3,5.0,0.0,10.54,3184.83,68739.17,75580.1,0.0,0.0,0.0,2.58,2.92,2.81,21.75,35.9,30.23,49.04,512.8,2.58,515.3,2.49,515.7,2.42,0.0,0.0,506.7,2.64,0.0,0.0,511.0,2.6,512.0,2.54,512.4,2.65,509.9,2.51,511.3,2.63,0.0,0.0,239.45,46.16,238.88,25.1,235.12,25.09,1.0,49.96
2026-10-10T06:10:01.251661+00:00,17.9,36.45,29.45,-48.0,46.8,18.0,348.0,23.3,5.0,0.0,11.64,3185.93,68740.27,75581.2,0.0,0.0,0.0,3.5,3.33,3.31,23.3,35.9,30.23,49.05,516.1,3.09,520.5,2.97,518.2,2.92,0.0,0.0,512.8,3.11,0.0,0.0,512.9,3.13,512.8,3.06,513.4,3.2,515.4,3.01,513.5,3.21,0.0,0.0,239.61,46.13,239.53,24.85,235.56,24.91,1.0,49.99
2026-10-10T06:15:01.982121+00:00,20.5,43.07,23.83,-46.4,43.4,18.0,348.0,23.7,4.4,0.0,12.98,3187.27,68741.61,75582.54,0.0,0.0,0.0,4.65,5.11,5.18,24.77,35.9,30.23,49.05,518.5,3.68,523.5,3.5,523.2,3.43,0.0,0.0,513.4,3.73,0.0,0.0,515.5,3.73,514.2,3.66,516.8,3.83,518.4,3.55,515.6,3.85,0.0,0.0,239.56,46.14,238.91,25.51,235.72,25.67,1.0,49.85
2026-10-10T06:20:01.406529+00:00,20.1,39.82,22.28,-42.0,40.4,18.0,348.0,23.7,4.4,0.0,14.56,3188.85,68743.19,75584.12,0.0,0.0,0.0,6.71,5.38,5.52,26.11,35.9,30.23,49.05,518.1,4.39,523.9,4.15,521.6,4.14,0.0,0.0,513.3,4.41,0.0,0.0,515.8,4.42,514.7,4.34,517.6,4.53,516.1,4.27,515.5,4.58,0.0,0.0,241.35,45.8,241.06,26.34,237.83,26.25,1.0,49.82
2026-10-10T06:25:01.216318+00:00,22.7,40.33,24.97,-42.6,37.2,18.0,348.0,23.7,4.4,0.0,16.29,3190.58,68744.92,75585.85,0.0,0.0,0.0,5.5,6.06,5.97,27.5,35.9,30.23,49.05,517.9,4.79,525.1,4.48,519.6,4.53,0.0,0.0,512.2,4.82,0.0,0.0,513.8,4.82,514.3,4.73,516.4,4.96,515.8,4.66,513.7,5.03,0.0,0.0,241.51,43.63,241.27,23.48,237.9,23.38,1.0,49.86
2026-10-10T06:30:01.855728+00:00,21.9,37.7,27.3,-43.1,33.9,17.0,348.0,24.1,3.8,0.0,18.04,3192.33,68746.67,75587.6,0.0,0.0,0.0,6.49,7.01,6.91,28.94,35.9,30.24,49.05,515.8,4.88,523.5,4.55,516.9,4.63,0.0,0.0,508.2,4.9,0.0,0.0,510.9,4.89,511.2,4.8,515.3,5.03,514.5,4.75,512.2,5.09,0.0,0.0,241.92,43.85,241.95,25.53,238.46,25.21,1.0,50.1
2026-10-10T06:35:01.848497+00:00,24.4,40.12,23.48,-39.2,30.8,17.0,348.0,24.1,3.8,0.0,19.88,3194.17,68748.51,75589.44,0.0,0.0,0.0,6.06,6.42,6.54,30.28,35.9,30.24,49.05,514.9,5.14,521.2,4.78,516.7,4.86,0.0,0.0,509.4,5.15,0.0,0.0,509.5,5.15,510.1,5.05,512.7,5.31,511.7,5.01,510.9,5.38,0.0,0.0,240.97,45.87,240.51,24.23,237.23,24.45,1.0,49.85
2026-10-10T06:40:02.012498+00:00,26.0,39.66,25.64,-39.3,28.0,17.0,348.0,24.1,3.8,0.0,21.77,3196.06,68750.4,75591.33,0.0,0.0,0.0,7.53,7.54,7.61,31.52,35.91,30.24,49.05,513.9,5.29,519.5,4.92,514.6,5.01,0.0,0.0,507.0,5.34,0.0,0.0,508.9,5.32,507.9,5.23,511.8,5.51,512.5,5.12,509.6,5.57,0.0,0.0,241.45,43.96,240.84,23.46,237.47,23.53,1.0,50.03
2026-10-10T06:45:01.689305+00:00,30.3,39.03,26.97,-35.7,25.3,17.0,348.0,24.5,3.9,0.0,23.92,3198.21,68752.55,75593.48,0.0,0.0,0.0,7.16,8.39,8.16,32.71,35.91,30.24,49.05,509.1,6.01,520.8,5.42,511.8,5.7,0.0,0.0,509.8,6.0,0.0,0.0,507.9,6.0,507.5,5.88,512.1,6.22,511.8,5.79,509.1,6.31,0.0,0.0,241.34,44.95,240.92,24.76,237.58,24.8,1.0,49.95
2026-10-10T06:50:01.785179+00:00,25.1,36.46,30.44,-41.8,22.4,17.0,348.0,24.5,3.9,0.0,26.19,3200.48,68754.82,75595.75,0.0,0.0,0.0,8.89,9.38,9.8,33.98,35.91,30.24,49.05,508.5,6.43,520.9,5.74,510.5,6.12,0.0,0.0,507.6,6.38,0.0,0.0,508.1,6.35,505.9,6.26,513.3,6.6,507.8,6.26,506.8,6.74,0.0,0.0,241.18,44.01,241.01,25.34,237.59,25.1,1.0,49.98
2026-10-10T06:55:01.874142+00:00,31.4,11.14,22.86,-2.6,20.0,17.0,348.0,24.5,3.9,0.0,28.49,3202.78,68757.12,75598.05,0.0,0.0,0.0,6.54,7.25,7.31,35.03,35.91,30.24,49.06,508.8,6.48,516.0,5.86,506.5,6.21,0.0,0.0,502.4,6.5,0.0,0.0,505.9,6.43,502.6,6.35,509.3,6.69,506.8,6.31,502.6,6.82,0.0,0.0,241.61,45.75,241.01,25.8,237.71,25.49,0.999,50.08
2026-10-10T07:00:01.364293+00:00,30.2,3.24,26.96,0.0,20.0,21.0,557.0,24.9,4.2,0.0,30.92,3205.21,68759.55,75600.48,0.0,0.0,0.0,9.97,10.63,10.74,35.06,35.91,30.24,49.06,505.3,6.9,514.9,6.17,506.8,6.55,0.0,0.0,502.7,6.83,0.0,0.0,499.4,6.86,502.5,6.7,508.6,7.05,504.4,6.71,500.9,7.2,0.0,0.0,238.17,16.02,240.64,15.9,237.27,16.11,-1.0,50.01
2026-10-10T07:05:01.894212+00:00,33.3,-26.74,26.74,33.3,22.0,21.0,557.0,24.9,4.2,0.0,33.52,3207.81,68762.15,75603.08,0.0,0.0,0.0,9.89,9.96,6.8,35.06,35.91,30.24,49.06,502.4,7.42,506.1,6.68,496.6,7.17,0.0,0.0,504.9,7.34,0.0,0.0,502.6,7.33,503.5,7.18,507.5,7.61,496.6,7.3,499.8,7.78,0.0,0.0,236.39,13.87,240.13,13.7,235.65,13.94,-0.992,49.89
2026-10-10T07:10:01.642180+00:00,27.9,-26.63,26.73,27.8,23.9,21.0,557.0,24.9,4.2,0.0,36.05,3210.34,68764.68,75605.61,0.0,0.0,0.0,10.26,11.03,11.14,35.06,35.91,30.24,49.06,495.0,7.25,506.2,6.56,500.0,6.83,0.0,0.0,503.0,7.02,0.0,0.0,500.5,7.04,500.9,6.93,504.5,7.29,496.2,7.02,497.2,7.42,0.0,0.0,234.87,1.55,238.34,1.54,234.0,1.56,-0.971,49.84
2026-10-10T07:15:01.343176+00:00,27.2,-31.13,31.03,27.3,25.6,32.0,557.0,25.1,4.8,0.0,38.42,3212.71,68767.05,75607.98,0.0,0.0,0.0,8.79,9.06,9.16,35.06,35.91,30.24,49.06,498.3,6.84,507.1,6.31,501.5,6.47,0.0,0.0,501.8,6.7,0.0,0.0,499.8,6.72,496.1,6.67,498.5,6.98,498.2,6.63,497.7,7.02,0.0,0.0,231.63,1.34,236.38,1.33,232.29,1.35,-0.957,49.88
2026-10-10T07:20:01.153739+00:00,28.9,-27.78,27.68,29.0,27.4,32.0,557.0,25.1,4.8,0.0,40.61,3214.9,68769.24,75610.17,0.0,0.0,0.0,8.67,8.89,8.96,35.06,35.91,30.24,49.06,498.7,6.27,505.3,5.92,503.1,5.9,0.0,0.0,499.0,6.24,0.0,0.0,497.4,6.25,497.8,6.15,502.3,6.38,497.4,6.09,497.3,6.48,0.0,0.0,231.95,1.27,236.23,1.26,232.47,1.28,-0.987,49.85
2026-10-10T07:25:01.862525+00:00,32.8,-31.36,31.36,32.8,29.3,32.0,557.0,25.1,4.8,0.0,42.9,3217.19,68771.53,75612.46,0.0,0.0,0.0,9.16,9.55,9.57,35.06,35.92,30.24,49.07,497.8,6.51,504.6,6.17,503.0,6.12,0.0,0.0,499.9,6.48,0.0,0.0,499.3,6.49,498.0,6.4,502.7,6.62,497.8,6.33,498.7,6.71,0.0,0.0,233.23,1.41,236.37,1.4,233.23,1.42,-0.968,49.99
2026-10-10T07:30:01.953746+00:00,30.4,-31.09,31.09,30.4,31.3,47.0,557.0,25.3,5.5,0.0,45.37,3219.66,68774.0,75614.93,0.0,0.0,0.0,10.4,10.76,10.7,35.06,35.92,30.25,49.07,497.1,7.03,505.6,6.61,501.5,6.61,0.0,0.0,499.7,6.99,0.0,0.0,498.8,7.01,496.4,6.92,502.0,7.17,497.4,6.82,498.8,7.28,0.0,0.0,233.89,1.48,237.68,1.47,233.48,1.5,-0.906,50.16
2026-10-10T07:35:02.142522+00:00,30.1,-21.13,21.23,30.0,33.3,47.0,557.0,25.3,5.5,0.0,47.79,3222.08,68776.42,75617.35,0.0,0.0,0.0,9.64,9.88,10.0,35.06,35.92,30.25,49.07,497.8,6.92,504.9,6.56,499.4,6.55,0.0,0.0,496.7,6.85,0.0,0.0,498.1,6.88,498.5,6.77,499.8,7.04,496.1,6.74,499.0,7.09,0.0,0.0,229.23,1.38,232.57,1.38,228.82,1.4,-0.964,49.9
2026-10-10T07:40:01.442812+00:00,26.7,-27.32,27.42,26.6,35.1,47.0,557.0,25.3,5.5,0.0,50.37,3224.66,68779.0,75619.93,0.0,0.0,0.0,9.5,9.8,9.84,35.06,35.92,30.25,49.07,496.1,7.33,505.9,7.0,501.6,6.94,0.0,0.0,497.8,7.25,0.0,0.0,500.7,7.26,498.0,7.22,500.8,7.42,494.4,7.19,496.7,7.53,0.0,0.0,235.67,1.47,237.79,1.46,234.27,1.48,-0.998,49.98
2026-10-10T07:45:01.590571+00:00,30.3,-26.03,26.03,30.3,36.9,61.0,557.0,25.5,6.3,0.0,52.67,3226.96,68781.3,75622.23,0.0,0.0,0.0,8.47,8.75,8.7,35.06,35.92,30.25,49.07,496.2,6.57,505.1,6.3,504.6,6.14,0.0,0.0,500.3,6.52,0.0,0.0,501.3,6.57,503.8,6.46,501.0,6.67,498.7,6.35,497.6,6.76,0.0,0.0,236.18,1.25,238.68,1.24,235.01,1.27,-0.998,50.05
2026-10-10T07:50:01.416778+00:00,28.1,-33.7,33.8,28.0,38.7,42.0,557.0,25.5,6.3,0.0,54.99,3229.28,68783.62,75624.55,0.0,0.0,0.0,9.58,10.01,9.92,35.06,35.92,30.25,49.07,497.5,6.55,508.0,6.32,507.7,6.11,0.0,0.0,501.9,6.52,0.0,0.0,503.5,6.58,507.0,6.47,503.5,6.64,499.5,6.36,500.3,6.72,0.0,0.0,236.04,1.41,239.3,1.4,235.68,1.42,-0.954,49.99
2026-10-10T07:55:01.267637+00:00,27.0,-30.42,30.52,26.9,40.5,42.0,557.0,25.5,6.3,0.0,57.38,3231.67,68786.01,75626.94,0.0,0.0,0.0,8.88,9.27,9.17,35.06,35.92,30.25,49.07,497.3,6.74,506.6,6.52,508.0,6.27,0.0,0.0,501.7,6.72,0.0,0.0,504.2,6.77,506.3,6.66,503.5,6.81,499.2,6.54,498.4,6.92,0.0,0.0,236.35,1.35,239.74,1.34,235.83,1.36,-0.851,49.98
2026-10-10T08:00:01.664789+00:00,27.7,-31.61,31.61,27.7,42.3,48.0,612.0,25.6,7.2,0.0,59.64,3233.93,68788.27,75629.2,0.0,0.0,0.0,8.51,8.88,8.75,35.06,35.92,30.25,49.08,498.0,6.42,505.5,6.24,509.5,5.94,0.0,0.0,501.4,6.4,0.0,0.0,504.6,6.46,505.1,6.38,502.5,6.5,499.3,6.24,499.3,6.58,0.0,0.0,236.91,1.32,239.88,1.31,235.79,1.33,-0.994,50.14
2026-10-10T08:05:01.781325+00:00,30.9,-28.29,28.39,30.8,44.0,48.0,699.0,26.1,7.7,0.0,61.83,3236.12,68790.46,75631.39,0.0,0.0,0.0,8.69,9.14,9.01,35.06,35.92,30.25,49.08,500.3,6.15,505.6,6.01,511.8,5.66,0.0,0.0,503.0,6.18,0.0,0.0,504.9,6.26,505.4,6.17,501.7,6.29,500.8,5.99,499.6,6.35,0.0,0.0,236.55,1.41,240.05,1.4,235.96,1.42,-0.996,50.13
2026-10-10T08:10:01.962423+00:00,33.7,-28.09,28.09,33.7,46.1,48.0,699.0,26.1,7.7,0.0,64.15,3238.44,68792.78,75633.71,0.0,0.0,0.0,9.77,10.17,10.06,35.06,35.93,30.25,49.08,501.7,6.53,507.2,6.38,512.5,6.03,0.0,0.0,502.4,6.56,0.0,0.0,505.4,6.63,506.6,6.54,504.3,6.66,501.9,6.35,500.0,6.76,0.0,0.0,235.52,1.43,238.81,1.42,234.7,1.44,-0.996,50.02
2026-10-10T08:15:02.098598+00:00,33.1,-28.01,28.11,33.0,48.3,44.0,699.0,26.1,8.9,0.0,66.82,3241.11,68795.45,75636.38,0.0,0.0,0.0,10.69,11.08,10.99,35.06,35.93,30.25,49.08,499.2,7.48,506.9,7.27,508.9,6.97,0.0,0.0,502.9,7.43,0.0,0.0,505.1,7.51,504.6,7.44,503.8,7.57,501.0,7.27,500.2,7.67,0.0,0.0,235.85,1.5,239.45,1.49,235.03,1.52,-0.966,50.15
2026-10-10T08:20:02.044276+00:00,35.3,-31.91,32.01,35.2,50.3,44.0,699.0,26.1,8.9,0.0,69.61,3243.9,68798.24,75639.17,0.0,0.0,0.0,10.57,10.81,10.77,35.06,35.93,30.26,49.08,496.3,7.88,506.3,7.65,506.0,7.38,0.0,0.0,501.3,7.76,0.0,0.0,501.5,7.9,504.5,7.77,501.6,7.93,496.7,7.71,497.3,8.03,0.0,0.0,236.18,1.45,239.36,1.44,235.17,1.47,-0.961,50.19
2026-10-10T08:25:01.635951+00:00,41.6,-27.37,27.27,41.7,52.6,44.0,699.0,26.1,8.9,0.0,72.2,3246.49,68800.83,75641.76,0.0,0.0,0.0,11.39,11.53,11.51,35.06,35.93,30.26,49.08,497.2,7.43,503.8,7.21,504.3,6.98,0.0,0.0,498.4,7.26,0.0,0.0,502.9,7.35,500.3,7.32,500.9,7.44,499.8,7.22,497.0,7.51,0.0,0.0,233.17,1.36,236.52,1.36,232.42,1.38,-0.972,49.82
2026-10-10T08:30:01.760062+00:00,49.0,-27.54,27.44,49.1,55.6,34.0,699.0,25.9,10.3,0.0,75.08,3249.37,68803.71,75644.64,0.0,0.0,0.0,13.14,13.93,14.04,35.06,35.93,30.26,49.09,496.0,8.21,501.9,8.01,505.8,7.66,0.0,0.0,499.8,7.99,0.0,0.0,500.8,8.15,505.1,8.01,502.7,8.18,496.3,8.0,498.9,8.26,0.0,0.0,233.14,1.87,236.41,1.86,232.39,1.89,-0.986,50.08
2026-10-10T08:35:01.367462+00:00,45.4,-25.88,25.98,45.3,58.7,34.0,699.0,25.9,10.3,0.0,78.89,3253.18,68807.52,75648.45,0.0,0.0,0.0,15.81,15.91,15.94,35.06,35.93,30.26,49.09,498.1,10.67,503.7,10.5,500.8,10.23,0.0,0.0,498.9,10.51,0.0,0.0,493.3,10.82,500.3,10.59,501.9,10.81,489.3,10.72,492.3,11.07,0.0,0.0,233.18,1.64,236.12,1.64,232.42,1.66,-0.999,50.05
2026-10-10T08:40:01.742845+00:00,50.3,-21.13,21.13,50.3,61.9,34.0,699.0,25.9,10.3,0.0,82.96,3257.25,68811.59,75652.52,0.0,0.0,0.0,14.13,14.99,14.86,35.06,35.93,30.26,49.09,487.9,11.76,487.6,11.77,488.3,11.42,0.0,0.0,491.7,11.37,0.0,0.0,483.3,11.71,499.1,11.34,493.1,11.81,472.7,11.91,482.9,12.12,0.0,0.0,235.35,3.24,238.42,3.21,234.29,3.26,-0.992,49.96
2026-10-10T08:45:02.117370+00:00,50.4,-27.69,27.79,50.3,65.1,22.0,699.0,25.6,11.7,0.0,87.2,3261.49,68815.83,75656.76,0.0,0.0,0.0,16.34,16.23,16.43,35.06,35.94,30.26,49.09,484.6,12.24,486.3,12.19,484.1,12.0,0.0,0.0,492.6,11.74,0.0,0.0,489.8,12.08,496.3,11.82,492.0,12.22,473.7,12.46,484.3,12.47,0.0,0.0,243.13,1.79,246.02,1.78,242.41,1.81,-0.985,50.04
2026-10-10T08:50:01.982580+00:00,50.7,-25.89,25.99,50.6,68.3,22.0,699.0,25.6,11.7,0.0,91.31,3265.6,68819.94,75660.87,0.0,0.0,0.0,16.34,16.34,16.44,35.06,35.94,30.26,49.1,476.4,12.11,482.5,12.03,478.4,11.84,0.0,0.0,485.8,11.54,0.0,0.0,490.2,11.74,492.9,11.59,486.7,11.95,476.8,12.03,480.6,12.12,0.0,0.0,241.6,1.77,244.61,1.76,240.84,1.79,-0.999,49.99
2026-10-10T08:55:01.832139+00:00,51.0,-31.76,31.76,51.0,71.4,22.0,699.0,25.6,11.7,0.0,95.45,3269.74,68824.08,75665.01,0.0,0.0,0.0,16.45,16.41,16.5,35.06,35.94,30.27,49.1,474.5,12.17,483.3,12.06,478.4,11.87,0.0,0.0,486.3,11.54,0.0,0.0,489.9,11.78,491.6,11.64,487.3,11.93,476.9,12.05,479.9,12.14,0.0,0.0,240.92,1.78,243.97,1.77,240.37,1.8,-0.996,50.12
2026-10-10T09:00:01.990459+00:00,51.1,-19.57,19.57,51.1,74.7,13.0,629.0,25.5,12.8,0.0,99.58,3273.87,68828.21,75669.14,0.0,0.0,0.0,16.48,16.55,16.59,35.06,35.94,30.27,49.1,474.2,12.21,483.8,12.12,478.5,11.91,0.0,0.0,486.9,11.6,0.0,0.0,488.7,11.87,490.8,11.72,486.6,11.99,476.4,12.1,479.8,12.18,0.0,0.0,240.88,1.88,243.48,1.87,240.53,1.89,-0.964,50.14
2026-10-10T09:05:01.216974+00:00,51.6,-28.0,28.1,51.5,77.8,13.0,629.0,25.5,12.8,0.0,103.72,3278.01,68832.35,75673.28,0.0,0.0,0.0,16.58,16.63,16.63,35.06,35.94,30.27,49.1,472.3,12.27,484.2,12.15,477.3,11.98,0.0,0.0,487.1,11.64,0.0,0.0,489.0,11.92,490.9,11.78,487.6,12.0,474.6,12.16,480.8,12.21,0.0,0.0,241.32,1.84,243.31,1.84,240.31,1.86,-1.0,50.04
2026-10-10T09:10:01.941327+00:00,51.7,-27.73,27.73,51.7,81.0,13.0,629.0,25.5,12.8,0.0,107.9,3282.19,68836.53,75677.46,0.0,0.0,0.0,16.69,16.74,16.76,35.06,35.95,30.27,49.11,472.6,12.36,480.8,12.26,476.7,12.05,0.0,0.0,486.4,11.74,0.0,0.0,488.2,12.02,490.3,11.85,486.2,12.1,473.6,12.29,480.5,12.28,0.0,0.0,240.85,1.91,243.7,1.9,240.74,1.92,-0.978,50.1
2026-10-10T09:15:01.175725+00:00,52.0,-28.31,28.31,52.0,84.2,9.0,629.0,25.6,13.2,0.0,112.11,3286.4,68840.74,75681.67,0.0,0.0,0.0,16.75,16.82,16.82,35.06,35.95,30.27,49.11,472.5,12.46,478.9,12.33,475.0,12.15,0.0,0.0,485.5,11.79,0.0,0.0,487.5,12.09,489.1,11.93,484.2,12.17,475.5,12.33,479.4,12.34,0.0,0.0,241.02,1.93,244.42,1.92,240.84,1.95,-0.992,50.13
2026-10-10T09:20:01.865850+00:00,52.2,-34.21,34.21,52.2,87.5,9.0,629.0,25.6,13.2,0.0,116.32,3290.61,68844.95,75685.88,0.0,0.0,0.0,16.8,16.97,16.9,35.06,35.95,30.27,49.11,474.3,12.47,479.1,12.4,475.6,12.18,0.0,0.0,486.1,11.85,0.0,0.0,488.3,12.18,490.0,12.02,487.9,12.14,476.3,12.36,480.1,12.38,0.0,0.0,240.58,2.04,243.86,2.02,240.55,2.05,-0.996,49.98
2026-10-10T09:25:01.344068+00:00,52.6,-23.68,23.58,52.7,90.7,9.0,629.0,25.6,13.2,0.0,120.56,3294.85,68849.19,75690.12,0.0,0.0,0.0,16.9,17.02,16.95,35.06,35.95,30.28,49.12,474.5,12.55,480.2,12.42,476.0,12.24,0.0,0.0,486.9,11.89,0.0,0.0,490.8,12.22,491.1,12.08,488.3,12.19,477.5,12.41,481.1,12.4,0.0,0.0,239.75,2.06,243.29,2.04,240.25,2.06,-0.992,49.98
2026-10-10T09:30:01.198097+00:00,51.866,-21.54,28.64,44.766,93.9,6.0,629.0,25.8,13.4,0.0,124.83,3299.12,68853.46,75694.39,0.0,0.0,0.0,17.06,17.16,17.09,35.06,35.95,30.28,49.12,477.8,12.6,477.8,12.51,476.7,12.3,0.0,0.0,485.9,11.96,0.0,0.0,489.6,12.33,491.5,12.17,487.8,12.24,479.2,12.5,481.2,12.44,0.0,0.0,240.68,2.09,244.13,2.07,240.81,2.1,0.987,50.09
2026-10-10T09:35:01.442370+00:00,55.091,-4.33,22.83,36.591,96.5,6.0,629.0,25.8,13.4,0.0,129.12,3303.41,68857.75,75698.68,0.0,0.0,0.0,17.2,17.45,17.35,35.06,35.96,30.28,49.12,477.8,12.67,476.6,12.57,476.6,12.36,0.0,0.0,484.9,12.0,0.0,0.0,487.9,12.41,488.7,12.26,485.8,12.32,480.6,12.53,480.2,12.49,0.0,0.0,240.32,1.11,244.01,1.09,240.41,1.12,1.0,49.86
2026-10-10T09:40:01.966296+00:00,48.566,4.07,19.63,24.866,98.6,6.0,629.0,25.8,13.4,0.0,133.56,3307.85,68862.19,75703.12,0.0,0.0,0.0,18.34,18.53,18.41,35.06,35.96,30.28,49.12,474.4,13.16,477.3,12.97,476.3,12.7,0.0,0.0,485.5,12.48,0.0,0.0,487.1,12.91,488.2,12.75,484.8,12.77,478.7,12.94,480.2,12.94,0.0,0.0,241.82,6.84,244.34,6.78,241.24,6.86,1.0,50.1
2026-10-10T09:45:01.704814+00:00,48.5,26.09,22.41,0.0,99.6,5.0,629.0,26.0,13.2,0.0,138.01,3312.3,68866.64,75707.57,0.0,0.0,0.0,16.23,17.19,15.9,35.06,35.96,30.28,49.13,472.5,13.38,477.6,13.16,475.8,12.85,0.0,0.0,484.5,12.49,0.0,0.0,487.4,12.99,483.8,12.96,482.1,12.85,474.8,13.16,473.6,13.06,0.0,0.0,241.72,8.81,244.52,8.73,241.01,8.85,1.0,50.08
2026-10-10T09:50:01.359362+00:00,51.3,20.84,30.46,0.0,100.0,5.0,629.0,26.0,13.2,0.0,142.11,3316.4,68870.74,75711.67,0.0,0.0,0.0,17.33,15.5,16.37,35.06,35.96,30.28,49.13,470.6,12.35,471.0,12.11,476.0,11.68,0.0,0.0,482.1,11.7,0.0,0.0,491.7,11.8,482.6,11.9,485.9,11.86,465.6,12.25,474.2,12.17,0.0,0.0,242.85,24.48,245.97,23.13,242.55,21.88,1.0,50.08
2026-10-10T09:55:01.916264+00:00,35.2,11.94,23.26,0.0,100.0,5.0,629.0,26.0,13.2,0.0,146.52,3320.81,68875.15,75716.08,0.0,0.0,0.0,16.86,17.57,17.12,35.06,35.97,30.29,49.13,484.2,12.85,469.4,13.1,475.7,12.64,0.0,0.0,484.1,12.43,0.0,0.0,487.7,12.76,493.0,12.47,488.8,12.53,469.5,13.11,473.3,12.98,0.0,0.0,240.13,23.59,243.66,23.33,240.28,23.62,1.0,50.03
2026-10-10T10:00:02.148278+00:00,51.7,29.2,22.5,0.0,100.0,5.0,893.0,26.2,13.1,0.0,149.71,3324.0,68878.34,75719.27,0.0,0.0,0.0,11.51,11.7,11.65,35.06,35.97,30.29,49.13,487.7,9.57,477.3,9.6,469.8,9.18,0.0,0.0,493.4,8.75,0.0,0.0,465.7,9.5,484.8,9.3,489.8,9.15,473.1,9.48,475.9,9.34,0.0,0.0,240.66,17.19,243.3,17.07,240.12,17.27,1.0,50.16
2026-10-10T10:05:01.381806+00:00,52.5,29.51,22.99,0.0,100.0,5.0,893.0,26.2,13.1,0.0,154.0,3328.29,68882.63,75723.56,0.0,0.0,0.0,17.5,17.22,17.05,35.06,35.97,30.29,49.14,480.7,12.51,488.0,12.32,476.7,12.14,0.0,0.0,491.8,11.98,0.0,0.0,488.5,12.45,498.0,12.17,492.2,12.17,477.5,12.5,483.9,12.41,0.0,0.0,240.79,27.54,243.42,23.04,239.92,22.66,1.0,49.98
2026-10-10T10:10:01.260844+00:00,51.6,26.22,25.38,0.0,100.0,5.0,893.0,26.2,13.1,0.0,158.34,3332.63,68886.97,75727.9,0.0,0.0,0.0,17.35,17.65,17.46,35.06,35.97,30.29,49.14,477.9,12.73,484.5,12.58,481.0,12.33,0.0,0.0,489.6,12.12,0.0,0.0,493.1,12.53,495.3,12.36,488.5,12.39,477.9,12.65,478.3,12.63,0.0,0.0,241.57,30.54,242.9,21.09,240.05,20.81,1.0,50.05
2026-10-10T10:15:01.357859+00:00,51.0,30.57,20.43,0.0,100.0,6.0,893.0,26.2,13.1,0.0,162.67,3336.96,68891.3,75732.23,0.0,0.0,0.0,17.09,17.31,17.17,35.07,35.97,30.29,49.14,471.7,12.78,480.0,12.65,478.3,12.36,0.0,0.0,488.9,12.06,0.0,0.0,490.1,12.57,494.1,12.34,489.4,12.29,475.7,12.62,482.4,12.47,0.0,0.0,241.05,25.41,242.98,22.96,240.45,22.81,1.0,50.01
2026-10-10T10:20:01.655678+00:00,51.6,26.55,25.05,0.0,100.0,6.0,893.0,26.2,13.1,0.0,166.85,3341.14,68895.48,75736.41,0.0,0.0,0.0,16.95,17.16,16.96,35.07,35.97,30.29,49.15,473.6,12.36,482.3,12.25,478.3,11.98,0.0,0.0,490.0,11.64,0.0,0.0,495.0,12.09,489.8,12.06,491.7,11.84,479.8,12.13,483.9,12.02,0.0,0.0,241.67,27.5,243.16,21.73,240.26,21.48,1.0,50.02
2026-10-10T10:25:01.541938+00:00,34.4,7.19,27.21,0.0,100.0,6.0,893.0,26.2,13.1,0.0,171.06,3345.35,68899.69,75740.62,0.0,0.0,0.0,17.05,17.42,17.13,35.07,35.98,30.3,49.15,477.3,12.29,487.4,12.14,479.0,12.0,0.0,0.0,494.2,11.64,0.0,0.0,493.3,12.2,493.6,12.02,491.2,11.87,479.2,12.19,485.0,12.03,0.0,0.0,241.2,23.89,243.56,23.74,240.61,23.52,1.0,50.06
2026-10-10T10:30:01.456794+00:00,50.5,27.76,22.74,0.0,100.0,8.0,893.0,26.1,13.0,0.0,175.08,3349.37,68903.71,75744.64,0.0,0.0,0.0,10.2,13.64,12.07,35.07,35.98,30.3,49.15,476.1,11.86,480.9,11.89,484.3,11.46,0.0,0.0,490.2,11.2,0.0,0.0,492.5,11.72,488.1,11.63,493.1,11.27,475.2,11.79,481.4,11.52,0.0,0.0,240.43,14.83,242.46,14.75,239.51,14.91,1.0,49.95
2026-10-10T10:35:01.738878+00:00,50.1,27.38,22.72,0.0,100.0,8.0,893.0,26.1,13.0,0.0,179.23,3353.52,68907.86,75748.79,0.0,0.0,0.0,16.82,16.96,16.68,35.07,35.98,30.3,49.15,477.9,12.08,482.3,12.08,476.3,11.83,0.0,0.0,495.0,11.55,0.0,0.0,494.3,12.06,486.8,12.04,496.4,11.57,479.1,12.02,483.4,11.96,0.0,0.0,241.12,24.17,243.29,23.21,240.03,22.83,1.0,49.93
2026-10-10T10:40:02.079670+00:00,49.9,23.42,26.48,0.0,100.0,8.0,893.0,26.1,13.0,0.0,183.42,3357.71,68912.05,75752.98,0.0,0.0,0.0,16.64,16.92,16.59,35.07,35.98,30.3,49.16,474.4,12.32,485.6,12.2,481.0,11.92,0.0,0.0,490.8,11.67,0.0,0.0,491.5,12.2,493.6,12.02,490.2,11.76,478.5,12.16,484.7,11.92,0.0,0.0,241.12,25.31,243.64,22.31,240.13,21.81,1.0,49.99
2026-10-10T10:45:01.168862+00:00,50.4,29.63,20.77,0.0,100.0,11.0,893.0,26.1,12.8,0.0,187.6,3361.89,68916.23,75757.16,0.0,0.0,0.0,16.56,16.97,16.58,35.07,35.98,30.3,49.16,472.5,12.32,483.9,12.2,479.1,11.92,0.0,0.0,490.3,11.67,0.0,0.0,488.1,12.29,491.9,12.06,488.4,11.79,477.2,12.14,482.9,11.95,0.0,0.0,241.37,23.6,243.91,22.8,240.64,22.44,1.0,50.14
2026-10-10T10:50:01.224749+00:00,50.0,25.7,24.3,0.0,100.0,11.0,893.0,26.1,12.8,0.0,191.75,3366.04,68920.38,75761.31,0.0,0.0,0.0,16.67,17.1,16.65,35.07,35.99,30.3,49.16,473.7,12.18,485.3,12.06,479.4,11.81,0.0,0.0,490.7,11.59,0.0,0.0,490.6,12.16,492.0,11.99,491.6,11.64,477.8,12.0,484.6,11.82,0.0,0.0,242.11,25.81,244.17,21.95,240.97,21.55,1.0,50.11
2026-10-10T10:55:01.298678+00:00,49.2,30.31,18.89,0.0,100.0,11.0,893.0,26.1,12.8,0.0,195.95,3370.24,68924.58,75765.51,0.0,0.0,0.0,16.57,16.84,16.45,35.07,35.99,30.31,49.16,473.9,12.29,485.3,12.19,479.9,11.93,0.0,0.0,490.4,11.69,0.0,0.0,491.6,12.28,492.9,12.1,491.9,11.73,476.1,12.17,485.9,11.89,0.0,0.0,241.86,23.0,244.75,22.8,241.37,23.09,1.0,50.19
